0.000000 -2.000000 -2.000000
0.010000 -2.069262 -2.111067
0.020000 -2.150985 -2.238792
0.030000 -2.248994 -2.388150
0.040000 -2.368953 -2.566475
0.050000 -2.519675 -2.785136
0.060000 -2.715781 -3.062920
0.070000 -2.983756 -3.433714
0.080000 -3.378008 -3.966851
0.090000 -4.035092 -4.835607
0.100000 -5.456388 -6.673333
0.110000 -13.772545 -17.184665


0.000000 -2.000000 -1.000000
0.010000 -2.039759 -1.045505
0.020000 -2.083400 -1.094318
0.030000 -2.131564 -1.146958
0.040000 -2.185044 -1.204065
0.050000 -2.244836 -1.266441
0.060000 -2.312209 -1.335105
0.070000 -2.388814 -1.411376
0.080000 -2.476836 -1.496997
0.090000 -2.579250 -1.594325
0.100000 -2.700215 -1.706651
0.110000 -2.845765 -1.838725
0.120000 -3.025052 -1.997727
0.130000 -3.252758 -2.195128
0.140000 -3.554298 -2.450706
0.150000 -3.978529 -2.802324
0.160000 -4.635556 -3.334954
0.170000 -5.851320 -4.299036
0.180000 -9.429165 -7.073568


0.000000 -2.000000 0.000000
0.010000 -2.037129 -0.020372
0.020000 -2.076697 -0.041539
0.030000 -2.119003 -0.063589
0.040000 -2.164404 -0.086622
0.050000 -2.213319 -0.110758
0.060000 -2.266248 -0.136138
0.070000 -2.323796 -0.162932
0.080000 -2.386697 -0.191344
0.090000 -2.455857 -0.221626
0.100000 -2.532405 -0.254088
0.110000 -2.617771 -0.289122
0.120000 -2.713798 -0.327228
0.130000 -2.822909 -0.369059
0.140000 -2.948357 -0.415488
0.150000 -3.094643 -0.467709
0.160000 -3.268191 -0.527419
0.170000 -3.478563 -0.597119
0.180000 -3.740733 -0.680699
0.190000 -4.079795 -0.784625
0.200000 -4.541847 -0.920677
0.210000 -5.223767 -1.113404
0.220000 -6.378623 -1.426374
0.230000 -9.024756 -2.112989


0.000000 -2.000000 1.000000
0.010000 -2.060259 1.004504
0.020000 -2.125495 1.010129
0.030000 -2.196505 1.017077
0.040000 -2.274278 1.025597
0.050000 -2.360054 1.036004
0.060000 -2.455410 1.048704
0.070000 -2.562389 1.064225
0.080000 -2.683699 1.083271
0.090000 -2.823010 1.106805
0.100000 -2.985449 1.136181
0.110000 -3.178439 1.173377
0.120000 -3.413212 1.221405
0.130000 -3.707758 1.285130
0.140000 -4.093143 1.373015
0.150000 -4.628976 1.501429
0.160000 -5.449296 1.707472
0.170000 -6.950020 2.101634
0.180000 -11.316353 3.299191


0.000000 -2.000000 2.000000
0.010000 -2.111067 2.069262
0.020000 -2.238792 2.150985
0.030000 -2.388150 2.248994
0.040000 -2.566475 2.368953
0.050000 -2.785136 2.519675
0.060000 -3.062920 2.715781
0.070000 -3.433714 2.983756
0.080000 -3.966851 3.378008
0.090000 -4.835607 4.035092
0.100000 -6.673333 5.456388
0.110000 -17.184665 13.772545


0.000000 -1.000000 -2.000000
0.010000 -1.004504 -2.060259
0.020000 -1.010129 -2.125495
0.030000 -1.017077 -2.196505
0.040000 -1.025597 -2.274278
0.050000 -1.036004 -2.360054
0.060000 -1.048704 -2.455410
0.070000 -1.064225 -2.562389
0.080000 -1.083271 -2.683699
0.090000 -1.106805 -2.823010
0.100000 -1.136181 -2.985449
0.110000 -1.173377 -3.178439
0.120000 -1.221405 -3.413212
0.130000 -1.285130 -3.707758
0.140000 -1.373015 -4.093143
0.150000 -1.501429 -4.628976
0.160000 -1.707472 -5.449296
0.170000 -2.101634 -6.950020
0.180000 -3.299191 -11.316353


0.000000 -1.000000 -1.000000
0.010000 -0.995980 -1.016102
0.020000 -0.991922 -1.032415
0.030000 -0.987828 -1.048950
0.040000 -0.983700 -1.065721
0.050000 -0.979540 -1.082740
0.060000 -0.975350 -1.100022
0.070000 -0.971133 -1.117583
0.080000 -0.966892 -1.135438
0.090000 -0.962628 -1.153605
0.100000 -0.958346 -1.172104
0.110000 -0.954048 -1.190955
0.120000 -0.949739 -1.210180
0.130000 -0.945420 -1.229803
0.140000 -0.941098 -1.249850
0.150000 -0.936775 -1.270349
0.160000 -0.932457 -1.291330
0.170000 -0.928148 -1.312827
0.180000 -0.923855 -1.334876
0.190000 -0.919584 -1.357515
0.200000 -0.915340 -1.380788
0.210000 -0.911131 -1.404742
0.220000 -0.906966 -1.429429
0.230000 -0.902853 -1.454907
0.240000 -0.898802 -1.481237
0.250000 -0.894824 -1.508491
0.260000 -0.890931 -1.536745
0.270000 -0.887137 -1.566087
0.280000 -0.883457 -1.596612
0.290000 -0.879909 -1.628429
0.300000 -0.876512 -1.661660
0.310000 -0.873288 -1.696444
0.320000 -0.870263 -1.732936
0.330000 -0.867467 -1.771316
0.340000 -0.864934 -1.811789
0.350000 -0.862702 -1.854591
0.360000 -0.860818 -1.899997
0.370000 -0.859337 -1.948326
0.380000 -0.858322 -1.999954
0.390000 -0.857852 -2.055329
0.400000 -0.858018 -2.114982
0.410000 -0.858934 -2.179557
0.420000 -0.860739 -2.249838
0.430000 -0.863608 -2.326792
0.440000 -0.867758 -2.411630
0.450000 -0.873471 -2.505887
0.460000 -0.881114 -2.611551
0.470000 -0.891176 -2.731239
0.480000 -0.904322 -2.868489
0.490000 -0.921490 -3.028216
0.500000 -0.944038 -3.217491
0.510000 -0.974028 -3.446927
0.520000 -1.014762 -3.733349
0.530000 -1.071922 -4.105404
0.540000 -1.156297 -4.616954
0.550000 -1.291644 -5.385320
0.560000 -1.544841 -6.737303
0.570000 -2.234387 -10.211458


0.000000 -1.000000 0.000000
0.010000 -0.999950 -0.010000
0.020000 -0.999800 -0.019999
0.030000 -0.999550 -0.029996
0.040000 -0.999200 -0.039989
0.050000 -0.998750 -0.049979
0.060000 -0.998201 -0.059964
0.070000 -0.997551 -0.069943
0.080000 -0.996802 -0.079915
0.090000 -0.995953 -0.089879
0.100000 -0.995004 -0.099833
0.110000 -0.993956 -0.109778
0.120000 -0.992809 -0.119712
0.130000 -0.991562 -0.129634
0.140000 -0.990216 -0.139543
0.150000 -0.988771 -0.149438
0.160000 -0.987227 -0.159318
0.170000 -0.985585 -0.169182
0.180000 -0.983844 -0.179030
0.190000 -0.982004 -0.188859
0.200000 -0.980067 -0.198669
0.210000 -0.978031 -0.208460
0.220000 -0.975897 -0.218230
0.230000 -0.973666 -0.227978
0.240000 -0.971338 -0.237703
0.250000 -0.968912 -0.247404
0.260000 -0.966390 -0.257081
0.270000 -0.963771 -0.266731
0.280000 -0.961055 -0.276356
0.290000 -0.958244 -0.285952
0.300000 -0.955336 -0.295520
0.310000 -0.952334 -0.305059
0.320000 -0.949235 -0.314567
0.330000 -0.946042 -0.324043
0.340000 -0.942755 -0.333487
0.350000 -0.939373 -0.342898
0.360000 -0.935897 -0.352274
0.370000 -0.932327 -0.361615
0.380000 -0.928665 -0.370920
0.390000 -0.924909 -0.380188
0.400000 -0.921061 -0.389418
0.410000 -0.917121 -0.398609
0.420000 -0.913089 -0.407760
0.430000 -0.908966 -0.416871
0.440000 -0.904752 -0.425939
0.450000 -0.900447 -0.434966
0.460000 -0.896052 -0.443948
0.470000 -0.891568 -0.452886
0.480000 -0.886995 -0.461779
0.490000 -0.882333 -0.470626
0.500000 -0.877583 -0.479426
0.510000 -0.872745 -0.488177
0.520000 -0.867819 -0.496880
0.530000 -0.862807 -0.505533
0.540000 -0.857709 -0.514136
0.550000 -0.852525 -0.522687
0.560000 -0.847255 -0.531186
0.570000 -0.841901 -0.539632
0.580000 -0.836463 -0.548024
0.590000 -0.830941 -0.556361
0.600000 -0.825336 -0.564642
0.610000 -0.819648 -0.572867
0.620000 -0.813878 -0.581035
0.630000 -0.808028 -0.589145
0.640000 -0.802096 -0.597195
0.650000 -0.796084 -0.605186
0.660000 -0.789992 -0.613117
0.670000 -0.783822 -0.620986
0.680000 -0.777573 -0.628793
0.690000 -0.771246 -0.636537
0.700000 -0.764842 -0.644218
0.710000 -0.758362 -0.651834
0.720000 -0.751806 -0.659385
0.730000 -0.745174 -0.666870
0.740000 -0.738469 -0.674288
0.750000 -0.731689 -0.681639
0.760000 -0.724836 -0.688921
0.770000 -0.717911 -0.696135
0.780000 -0.710914 -0.703279
0.790000 -0.703845 -0.710353
0.800000 -0.696707 -0.717356
0.810000 -0.689498 -0.724287
0.820000 -0.682221 -0.731146
0.830000 -0.674876 -0.737931
0.840000 -0.667463 -0.744643
0.850000 -0.659983 -0.751280
0.860000 -0.652437 -0.757843
0.870000 -0.644827 -0.764329
0.880000 -0.637151 -0.770739
0.890000 -0.629412 -0.777072
0.900000 -0.621610 -0.783327
0.910000 -0.613746 -0.789504
0.920000 -0.605820 -0.795602
0.930000 -0.597834 -0.801620
0.940000 -0.589788 -0.807558
0.950000 -0.581683 -0.813416
0.960000 -0.573520 -0.819192
0.970000 -0.565300 -0.824886
0.980000 -0.557023 -0.830497
0.990000 -0.548690 -0.836026
1.000000 -0.540302 -0.841471
1.010000 -0.531861 -0.846832
1.020000 -0.523366 -0.852108
1.030000 -0.514819 -0.857299
1.040000 -0.506220 -0.862404
1.050000 -0.497571 -0.867423
1.060000 -0.488872 -0.872355
1.070000 -0.480124 -0.877201
1.080000 -0.471328 -0.881958
1.090000 -0.462485 -0.886627
1.100000 -0.453596 -0.891207
1.110000 -0.444662 -0.895699
1.120000 -0.435682 -0.900100
1.130000 -0.426660 -0.904412
1.140000 -0.417595 -0.908633
1.150000 -0.408487 -0.912764
1.160000 -0.399340 -0.916803
1.170000 -0.390152 -0.920751
1.180000 -0.380925 -0.924606
1.190000 -0.371660 -0.928369
1.200000 -0.362358 -0.932039
1.210000 -0.353019 -0.935616
1.220000 -0.343646 -0.939099
1.230000 -0.334238 -0.942489
1.240000 -0.324796 -0.945784
1.250000 -0.315322 -0.948985
1.260000 -0.305817 -0.952090
1.270000 -0.296281 -0.955101
1.280000 -0.286715 -0.958016
1.290000 -0.277121 -0.960835
1.300000 -0.267499 -0.963558
1.310000 -0.257850 -0.966185
1.320000 -0.248175 -0.968715
1.330000 -0.238476 -0.971148
1.340000 -0.228753 -0.973485
1.350000 -0.219007 -0.975723
1.360000 -0.209239 -0.977865
1.370000 -0.199450 -0.979908
1.380000 -0.189641 -0.981854
1.390000 -0.179813 -0.983701
1.400000 -0.169967 -0.985450
1.410000 -0.160104 -0.987100
1.420000 -0.150225 -0.988652
1.430000 -0.140332 -0.990105
1.440000 -0.130424 -0.991458
1.450000 -0.120503 -0.992713
1.460000 -0.110570 -0.993868
1.470000 -0.100626 -0.994924
1.480000 -0.090672 -0.995881
1.490000 -0.080708 -0.996738
1.500000 -0.070737 -0.997495
1.510000 -0.060759 -0.998152
1.520000 -0.050774 -0.998710
1.530000 -0.040785 -0.999168
1.540000 -0.030791 -0.999526
1.550000 -0.020795 -0.999784
1.560000 -0.010796 -0.999942
1.570000 -0.000796 -1.000000
1.580000 0.009204 -0.999958
1.590000 0.019202 -0.999816
1.600000 0.029200 -0.999574
1.610000 0.039194 -0.999232
1.620000 0.049184 -0.998790
1.630000 0.059169 -0.998248
1.640000 0.069148 -0.997606
1.650000 0.079121 -0.996865
1.660000 0.089085 -0.996024
1.670000 0.099041 -0.995083
1.680000 0.108987 -0.994043
1.690000 0.118922 -0.992904
1.700000 0.128844 -0.991665
1.710000 0.138755 -0.990327
1.720000 0.148651 -0.988890
1.730000 0.158532 -0.987354
1.740000 0.168397 -0.985719
1.750000 0.178246 -0.983986
1.760000 0.188077 -0.982154
1.770000 0.197889 -0.980224
1.780000 0.207681 -0.978197
1.790000 0.217452 -0.976071
1.800000 0.227202 -0.973848
1.810000 0.236929 -0.971527
1.820000 0.246632 -0.969109
1.830000 0.256311 -0.966594
1.840000 0.265964 -0.963983
1.850000 0.275590 -0.961275
1.860000 0.285189 -0.958471
1.870000 0.294759 -0.955572
1.880000 0.304300 -0.952576
1.890000 0.313811 -0.949486
1.900000 0.323290 -0.946300
1.910000 0.332736 -0.943020
1.920000 0.342150 -0.939645
1.930000 0.351529 -0.936177
1.940000 0.360873 -0.932615
1.950000 0.370181 -0.928960
1.960000 0.379452 -0.925212
1.970000 0.388685 -0.921371
1.980000 0.397879 -0.917438
1.990000 0.407033 -0.913413
2.000000 0.416147 -0.909297
2.010000 0.425219 -0.905091
2.020000 0.434248 -0.900793
2.030000 0.443234 -0.896406
2.040000 0.452176 -0.891929
2.050000 0.461073 -0.887362
2.060000 0.469923 -0.882707
2.070000 0.478727 -0.877964
2.080000 0.487482 -0.873133
2.090000 0.496189 -0.868215
2.100000 0.504846 -0.863209
2.110000 0.513453 -0.858118
2.120000 0.522008 -0.852940
2.130000 0.530511 -0.847678
2.140000 0.538961 -0.842330
2.150000 0.547358 -0.836899
2.160000 0.555699 -0.831383
2.170000 0.563985 -0.825785
2.180000 0.572215 -0.820104
2.190000 0.580387 -0.814341
2.200000 0.588501 -0.808496
2.210000 0.596557 -0.802571
2.220000 0.604552 -0.796565
2.230000 0.612488 -0.790480
2.240000 0.620362 -0.784316
2.250000 0.628174 -0.778073
2.260000 0.635923 -0.771753
2.270000 0.643608 -0.765355
2.280000 0.651230 -0.758881
2.290000 0.658786 -0.752331
2.300000 0.666276 -0.745705
2.310000 0.673700 -0.739005
2.320000 0.681056 -0.732231
2.330000 0.688344 -0.725384
2.340000 0.695563 -0.718465
2.350000 0.702713 -0.711473
2.360000 0.709793 -0.704411
2.370000 0.716801 -0.697278
2.380000 0.723738 -0.690075
2.390000 0.730602 -0.682803
2.400000 0.737394 -0.675463
2.410000 0.744111 -0.668056
2.420000 0.750755 -0.660581
2.430000 0.757323 -0.653041
2.440000 0.763815 -0.645435
2.450000 0.770231 -0.637765
2.460000 0.776570 -0.630031
2.470000 0.782832 -0.622234
2.480000 0.789015 -0.614374
2.490000 0.795119 -0.606454
2.500000 0.801144 -0.598472
2.510000 0.807088 -0.590431
2.520000 0.812952 -0.582331
2.530000 0.818735 -0.574172
2.540000 0.824435 -0.565956
2.550000 0.830054 -0.557684
2.560000 0.835589 -0.549355
2.570000 0.841040 -0.540972
2.580000 0.846408 -0.532535
2.590000 0.851691 -0.524044
2.600000 0.856889 -0.515501
2.610000 0.862001 -0.506907
2.620000 0.867027 -0.498262
2.630000 0.871966 -0.489567
2.640000 0.876818 -0.480823
2.650000 0.881582 -0.472031
2.660000 0.886258 -0.463191
2.670000 0.890846 -0.454306
2.680000 0.895344 -0.445375
2.690000 0.899753 -0.436399
2.700000 0.904072 -0.427380
2.710000 0.908301 -0.418318
2.720000 0.912438 -0.409214
2.730000 0.916485 -0.400069
2.740000 0.920440 -0.390885
2.750000 0.924302 -0.381661
2.760000 0.928073 -0.372399
2.770000 0.931750 -0.363100
2.780000 0.935335 -0.353764
2.790000 0.938825 -0.344393
2.800000 0.942222 -0.334988
2.810000 0.945525 -0.325549
2.820000 0.948733 -0.316078
2.830000 0.951847 -0.306575
2.840000 0.954865 -0.297041
2.850000 0.957787 -0.287478
2.860000 0.960614 -0.277886
2.870000 0.963345 -0.268266
2.880000 0.965979 -0.258619
2.890000 0.968517 -0.248947
2.900000 0.970958 -0.239249
2.910000 0.973302 -0.229528
2.920000 0.975549 -0.219784
2.930000 0.977698 -0.210017
2.940000 0.979749 -0.200230
2.950000 0.981702 -0.190423
2.960000 0.983557 -0.180596
2.970000 0.985314 -0.170752
2.980000 0.986972 -0.160890
2.990000 0.988532 -0.151013
3.000000 0.989992 -0.141120
3.010000 0.991354 -0.131213
3.020000 0.992617 -0.121293
3.030000 0.993780 -0.111361
3.040000 0.994844 -0.101418
3.050000 0.995808 -0.091465
3.060000 0.996673 -0.081502
3.070000 0.997438 -0.071532
3.080000 0.998104 -0.061554
3.090000 0.998669 -0.051570
3.100000 0.999135 -0.041581
3.110000 0.999501 -0.031587
3.120000 0.999767 -0.021591
3.130000 0.999933 -0.011592
3.140000 0.999999 -0.001593
3.150000 0.999965 0.008407
3.160000 0.999831 0.018406
3.170000 0.999597 0.028404
3.180000 0.999263 0.038398
3.190000 0.998829 0.048388
3.200000 0.998295 0.058374
3.210000 0.997661 0.068354
3.220000 0.996928 0.078327
3.230000 0.996095 0.088292
3.240000 0.995162 0.098249
3.250000 0.994130 0.108195
3.260000 0.992998 0.118131
3.270000 0.991767 0.128055
3.280000 0.990437 0.137966
3.290000 0.989008 0.147863
3.300000 0.987480 0.157746
3.310000 0.985853 0.167612
3.320000 0.984128 0.177462
3.330000 0.982304 0.187295
3.340000 0.980382 0.197108
3.350000 0.978362 0.206902
3.360000 0.976244 0.216675
3.370000 0.974028 0.226427
3.380000 0.971715 0.236155
3.390000 0.969305 0.245861
3.400000 0.966798 0.255541
3.410000 0.964194 0.265196
3.420000 0.961494 0.274825
3.430000 0.958698 0.284426
3.440000 0.955806 0.293998
3.450000 0.952818 0.303542
3.460000 0.949735 0.313054
3.470000 0.946557 0.322536
3.480000 0.943285 0.331985
3.490000 0.939918 0.341401
3.500000 0.936457 0.350783
3.510000 0.932902 0.360130
3.520000 0.929254 0.369441
3.530000 0.925513 0.378715
3.540000 0.921680 0.387951
3.550000 0.917755 0.397148
3.560000 0.913737 0.406306
3.570000 0.909629 0.415423
3.580000 0.905429 0.424498
3.590000 0.901139 0.433531
3.600000 0.896758 0.442520
3.610000 0.892288 0.451466
3.620000 0.887729 0.460366
3.630000 0.883081 0.469220
3.640000 0.878345 0.478027
3.650000 0.873521 0.486787
3.660000 0.868609 0.495497
3.670000 0.863611 0.504159
3.680000 0.858526 0.512769
3.690000 0.853356 0.521329
3.700000 0.848100 0.529836
3.710000 0.842759 0.538291
3.720000 0.837334 0.546691
3.730000 0.831826 0.555037
3.740000 0.826234 0.563327
3.750000 0.820559 0.571561
3.760000 0.814803 0.579738
3.770000 0.808965 0.587857
3.780000 0.803046 0.595917
3.790000 0.797047 0.603918
3.800000 0.790968 0.611858
3.810000 0.784810 0.619737
3.820000 0.778573 0.627554
3.830000 0.772259 0.635308
3.840000 0.765867 0.642999
3.850000 0.759399 0.650625
3.860000 0.752855 0.658186
3.870000 0.746236 0.665682
3.880000 0.739542 0.673111
3.890000 0.732774 0.680473
3.900000 0.725932 0.687766
3.910000 0.719018 0.694991
3.920000 0.712033 0.702146
3.930000 0.704976 0.709231
3.940000 0.697848 0.716246
3.950000 0.690651 0.723188
3.960000 0.683385 0.730058
3.970000 0.676050 0.736856
3.980000 0.668648 0.743579
3.990000 0.661179 0.750228
4.000000 0.653644 0.756802
4.010000 0.646043 0.763301
4.020000 0.638378 0.769723
4.030000 0.630649 0.776068
4.040000 0.622857 0.782336
4.050000 0.615002 0.788525
4.060000 0.607087 0.794636
4.070000 0.599110 0.800667
4.080000 0.591073 0.806618
4.090000 0.582978 0.812488
4.100000 0.574824 0.818277
4.110000 0.566613 0.823984
4.120000 0.558345 0.829609
4.130000 0.550021 0.835151
4.140000 0.541642 0.840609
4.150000 0.533209 0.845984
4.160000 0.524722 0.851273
4.170000 0.516184 0.856478
4.180000 0.507593 0.861597
4.190000 0.498952 0.866630
4.200000 0.490261 0.871576
4.210000 0.481521 0.876435
4.220000 0.472732 0.881206
4.230000 0.463897 0.885889
4.240000 0.455015 0.890484
4.250000 0.446087 0.894989
4.260000 0.437115 0.899405
4.270000 0.428100 0.903732
4.280000 0.419041 0.907967
4.290000 0.409941 0.912112
4.300000 0.400799 0.916166
4.310000 0.391618 0.920128
4.320000 0.382397 0.923998
4.330000 0.373138 0.927776
4.340000 0.363842 0.931461
4.350000 0.354509 0.935053
4.360000 0.345141 0.938551
4.370000 0.335738 0.941955
4.380000 0.326302 0.945266
4.390000 0.316833 0.948481
4.400000 0.307333 0.951602
4.410000 0.297802 0.954628
4.420000 0.288241 0.957558
4.430000 0.278651 0.960392
4.440000 0.269033 0.963131
4.450000 0.259389 0.965773
4.460000 0.249718 0.968319
4.470000 0.240022 0.970767
4.480000 0.230303 0.973119
4.490000 0.220560 0.975373
4.500000 0.210796 0.977530
4.510000 0.201010 0.979589
4.520000 0.191204 0.981550
4.530000 0.181379 0.983413
4.540000 0.171536 0.985178
4.550000 0.161676 0.986844
4.560000 0.151800 0.988411
4.570000 0.141908 0.989880
4.580000 0.132003 0.991249
4.590000 0.122084 0.992520
4.600000 0.112153 0.993691
4.610000 0.102210 0.994763
4.620000 0.092258 0.995735
4.630000 0.082296 0.996608
4.640000 0.072326 0.997381
4.650000 0.062349 0.998054
4.660000 0.052365 0.998628
4.670000 0.042376 0.999102
4.680000 0.032383 0.999476
4.690000 0.022387 0.999749
4.700000 0.012389 0.999923
4.710000 0.002389 0.999997
4.720000 -0.007611 0.999971
4.730000 -0.017610 0.999845
4.740000 -0.027608 0.999619
4.750000 -0.037602 0.999293
4.760000 -0.047593 0.998867
4.770000 -0.057579 0.998341
4.780000 -0.067560 0.997715
4.790000 -0.077533 0.996990
4.800000 -0.087499 0.996165
4.810000 -0.097456 0.995240
4.820000 -0.107403 0.994216
4.830000 -0.117340 0.993092
4.840000 -0.127265 0.991869
4.850000 -0.137177 0.990547
4.860000 -0.147076 0.989125
4.870000 -0.156959 0.987605
4.880000 -0.166827 0.985986
4.890000 -0.176679 0.984269
4.900000 -0.186512 0.982453
4.910000 -0.196327 0.980538
4.920000 -0.206123 0.978526
4.930000 -0.215898 0.976416
4.940000 -0.225651 0.974208
4.950000 -0.235381 0.971903
4.960000 -0.245089 0.969501
4.970000 -0.254771 0.967001
4.980000 -0.264428 0.964405
4.990000 -0.274059 0.961713
5.000000 -0.283662 0.958924
5.010000 -0.293237 0.956040
5.020000 -0.302783 0.953060
5.030000 -0.312298 0.949984
5.040000 -0.321782 0.946814
5.050000 -0.331234 0.943549
5.060000 -0.340653 0.940189
5.070000 -0.350037 0.936736
5.080000 -0.359387 0.933189
5.090000 -0.368701 0.929548
5.100000 -0.377978 0.925815
5.110000 -0.387217 0.921989
5.120000 -0.396417 0.918070
5.130000 -0.405578 0.914060
5.140000 -0.414698 0.909959
5.150000 -0.423777 0.905767
5.160000 -0.432813 0.901484
5.170000 -0.441806 0.897111
5.180000 -0.450755 0.892648
5.190000 -0.459659 0.888096
5.200000 -0.468517 0.883455
5.210000 -0.477328 0.878725
5.220000 -0.486091 0.873908
5.230000 -0.494806 0.869004
5.240000 -0.503471 0.864012
5.250000 -0.512085 0.858935
5.260000 -0.520649 0.853771
5.270000 -0.529161 0.848522
5.280000 -0.537619 0.843188
5.290000 -0.546024 0.837770
5.300000 -0.554374 0.832267
5.310000 -0.562669 0.826682
5.320000 -0.570908 0.821014
5.330000 -0.579089 0.815264
5.340000 -0.587213 0.809433
5.350000 -0.595278 0.803520
5.360000 -0.603283 0.797527
5.370000 -0.611228 0.791455
5.380000 -0.619112 0.785303
5.390000 -0.626934 0.779073
5.400000 -0.634693 0.772765
5.410000 -0.642389 0.766379
5.420000 -0.650020 0.759917
5.430000 -0.657587 0.753379
5.440000 -0.665088 0.746765
5.450000 -0.672522 0.740077
5.460000 -0.679889 0.733315
5.470000 -0.687188 0.726480
5.480000 -0.694418 0.719572
5.490000 -0.701579 0.712592
5.500000 -0.708670 0.705540
5.510000 -0.715690 0.698418
5.520000 -0.722638 0.691227
5.530000 -0.729514 0.683966
5.540000 -0.736317 0.676637
5.550000 -0.743046 0.669240
5.560000 -0.749702 0.661776
5.570000 -0.756282 0.654246
5.580000 -0.762786 0.646651
5.590000 -0.769215 0.638991
5.600000 -0.775566 0.631267
5.610000 -0.781840 0.623480
5.620000 -0.788035 0.615630
5.630000 -0.794152 0.607719
5.640000 -0.800189 0.599747
5.650000 -0.806147 0.591716
5.660000 -0.812024 0.583625
5.670000 -0.817819 0.575475
5.680000 -0.823533 0.567269
5.690000 -0.829164 0.559005
5.700000 -0.834713 0.550686
5.710000 -0.840178 0.542311
5.720000 -0.845559 0.533882
5.730000 -0.850855 0.525400
5.740000 -0.856067 0.516865
5.750000 -0.861192 0.508279
5.760000 -0.866232 0.499642
5.770000 -0.871185 0.490955
5.780000 -0.876051 0.482218
5.790000 -0.880829 0.473434
5.800000 -0.885520 0.464602
5.810000 -0.890121 0.455724
5.820000 -0.894634 0.446800
5.830000 -0.899057 0.437832
5.840000 -0.903390 0.428819
5.850000 -0.907633 0.419764
5.860000 -0.911786 0.410667
5.870000 -0.915847 0.401529
5.880000 -0.919816 0.392350
5.890000 -0.923693 0.383133
5.900000 -0.927478 0.373877
5.910000 -0.931171 0.364583
5.920000 -0.934770 0.355254
5.930000 -0.938276 0.345888
5.940000 -0.941688 0.336488
5.950000 -0.945005 0.327055
5.960000 -0.948229 0.317589
5.970000 -0.951357 0.308091
5.980000 -0.954390 0.298562
5.990000 -0.957328 0.289003
6.000000 -0.960170 0.279416
6.010000 -0.962916 0.269800
6.020000 -0.965566 0.260158
6.030000 -0.968120 0.250489
6.040000 -0.970576 0.240795
6.050000 -0.972935 0.231078
6.060000 -0.975197 0.221337
6.070000 -0.977362 0.211574
6.080000 -0.979429 0.201790
6.090000 -0.981398 0.191986
6.100000 -0.983269 0.182163
6.110000 -0.985041 0.172321
6.120000 -0.986715 0.162462
6.130000 -0.988290 0.152587
6.140000 -0.989767 0.142697
6.150000 -0.991144 0.132792
6.160000 -0.992422 0.122874
6.170000 -0.993601 0.112944
6.180000 -0.994681 0.103002
6.190000 -0.995661 0.093051
6.200000 -0.996542 0.083089
6.210000 -0.997323 0.073120
6.220000 -0.998005 0.063143
6.230000 -0.998586 0.053160
6.240000 -0.999068 0.043172
6.250000 -0.999450 0.033179
6.260000 -0.999731 0.023183
6.270000 -0.999913 0.013185
6.280000 -0.999995 0.003185
6.290000 -0.999977 -0.006815
6.300000 -0.999859 -0.016814
6.310000 -0.999641 -0.026811
6.320000 -0.999323 -0.036806
6.330000 -0.998904 -0.046798
6.340000 -0.998387 -0.056784
6.350000 -0.997769 -0.066765
6.360000 -0.997051 -0.076739
6.370000 -0.996234 -0.086706
6.380000 -0.995317 -0.096664
6.390000 -0.994301 -0.106612
6.400000 -0.993185 -0.116549
6.410000 -0.991970 -0.126475
6.420000 -0.990656 -0.136388
6.430000 -0.989242 -0.146288
6.440000 -0.987730 -0.156173
6.450000 -0.986119 -0.166042
6.460000 -0.984409 -0.175895
6.470000 -0.982601 -0.185730
6.480000 -0.980695 -0.195547
6.490000 -0.978690 -0.205344
6.500000 -0.976588 -0.215120
6.510000 -0.974388 -0.224875
6.520000 -0.972090 -0.234607
6.530000 -0.969696 -0.244316
6.540000 -0.967204 -0.254001
6.550000 -0.964616 -0.263660
6.560000 -0.961931 -0.273293
6.570000 -0.959150 -0.282899
6.580000 -0.956273 -0.292476
6.590000 -0.953301 -0.302024
6.600000 -0.950233 -0.311541
6.610000 -0.947070 -0.321028
6.620000 -0.943812 -0.330482
6.630000 -0.940460 -0.339904
6.640000 -0.937014 -0.349291
6.650000 -0.933475 -0.358644
6.660000 -0.929842 -0.367961
6.670000 -0.926116 -0.377240
6.680000 -0.922297 -0.386483
6.690000 -0.918386 -0.395686
6.700000 -0.914383 -0.404850
6.710000 -0.910289 -0.413973
6.720000 -0.906104 -0.423055
6.730000 -0.901828 -0.432095
6.740000 -0.897462 -0.441092
6.750000 -0.893006 -0.450044
6.760000 -0.888461 -0.458952
6.770000 -0.883828 -0.467813
6.780000 -0.879105 -0.476628
6.790000 -0.874295 -0.485395
6.800000 -0.869398 -0.494113
6.810000 -0.864413 -0.502783
6.820000 -0.859342 -0.511401
6.830000 -0.854185 -0.519969
6.840000 -0.848943 -0.528485
6.850000 -0.843616 -0.536948
6.860000 -0.838204 -0.545357
6.870000 -0.832709 -0.553712
6.880000 -0.827130 -0.562011
6.890000 -0.821469 -0.570254
6.900000 -0.815725 -0.578440
6.910000 -0.809900 -0.586568
6.920000 -0.803994 -0.594638
6.930000 -0.798008 -0.602648
6.940000 -0.791941 -0.610597
6.950000 -0.785796 -0.618486
6.960000 -0.779572 -0.626313
6.970000 -0.773270 -0.634077
6.980000 -0.766890 -0.641778
6.990000 -0.760434 -0.649415
7.000000 -0.753902 -0.656987
7.010000 -0.747295 -0.664493
7.020000 -0.740613 -0.671932
7.030000 -0.733857 -0.679305
7.040000 -0.727027 -0.686609
7.050000 -0.720125 -0.693845
7.060000 -0.713150 -0.701012
7.070000 -0.706105 -0.708108
7.080000 -0.698988 -0.715133
7.090000 -0.691802 -0.722087
7.100000 -0.684547 -0.728969
7.110000 -0.677223 -0.735778
7.120000 -0.669832 -0.742513
7.130000 -0.662373 -0.749175
7.140000 -0.654848 -0.755761
7.150000 -0.647258 -0.762271
7.160000 -0.639603 -0.768706
7.170000 -0.631884 -0.775063
7.180000 -0.624102 -0.781343
7.190000 -0.616258 -0.787545
7.200000 -0.608351 -0.793668
7.210000 -0.600385 -0.799712
7.220000 -0.592358 -0.805676
7.230000 -0.584271 -0.811559
7.240000 -0.576127 -0.817361
7.250000 -0.567924 -0.823081
7.260000 -0.559665 -0.828719
7.270000 -0.551350 -0.834274
7.280000 -0.542980 -0.839746
7.290000 -0.534556 -0.845134
7.300000 -0.526078 -0.850437
7.310000 -0.517547 -0.855655
7.320000 -0.508965 -0.860788
7.330000 -0.500332 -0.865834
7.340000 -0.491648 -0.870794
7.350000 -0.482916 -0.875667
7.360000 -0.474135 -0.880452
7.370000 -0.465307 -0.885150
7.380000 -0.456433 -0.889758
7.390000 -0.447512 -0.894278
7.400000 -0.438547 -0.898708
7.410000 -0.429539 -0.903049
7.420000 -0.420487 -0.907299
7.430000 -0.411393 -0.911458
7.440000 -0.402258 -0.915527
7.450000 -0.393083 -0.919504
7.460000 -0.383868 -0.923388
7.470000 -0.374615 -0.927181
7.480000 -0.365325 -0.930880
7.490000 -0.355998 -0.934487
7.500000 -0.346635 -0.938000
7.510000 -0.337238 -0.941420
7.520000 -0.327807 -0.944745
7.530000 -0.318344 -0.947976
7.540000 -0.308848 -0.951112
7.550000 -0.299322 -0.954153
7.560000 -0.289765 -0.957098
7.570000 -0.280180 -0.959948
7.580000 -0.270567 -0.962702
7.590000 -0.260926 -0.965359
7.600000 -0.251260 -0.967920
7.610000 -0.241568 -0.970384
7.620000 -0.231853 -0.972751
7.630000 -0.222114 -0.975021
7.640000 -0.212352 -0.977194
7.650000 -0.202570 -0.979268
7.660000 -0.192767 -0.981245
7.670000 -0.182946 -0.983124
7.680000 -0.173105 -0.984904
7.690000 -0.163248 -0.986586
7.700000 -0.153374 -0.988169
7.710000 -0.143485 -0.989653
7.720000 -0.133581 -0.991038
7.730000 -0.123664 -0.992325
7.740000 -0.113735 -0.993512
7.750000 -0.103794 -0.994599
7.760000 -0.093843 -0.995587
7.770000 -0.083883 -0.996476
7.780000 -0.073914 -0.997265
7.790000 -0.063938 -0.997954
7.800000 -0.053955 -0.998544
7.810000 -0.043967 -0.999034
7.820000 -0.033975 -0.999423
7.830000 -0.023979 -0.999713
7.840000 -0.013981 -0.999903
7.850000 -0.003982 -0.999993
7.860000 0.006018 -0.999982
7.870000 0.016018 -0.999872
7.880000 0.026015 -0.999662
7.890000 0.036011 -0.999352
7.900000 0.046002 -0.998942
7.910000 0.055989 -0.998432
7.920000 0.065970 -0.997822
7.930000 0.075945 -0.997113
7.940000 0.085912 -0.996303
7.950000 0.095871 -0.995394
7.960000 0.105820 -0.994386
7.970000 0.115758 -0.993278
7.980000 0.125685 -0.992071
7.990000 0.135599 -0.990764
8.000000 0.145500 -0.989359
8.010000 0.155386 -0.987854
8.020000 0.165257 -0.986251
8.030000 0.175111 -0.984549
8.040000 0.184948 -0.982749
8.050000 0.194766 -0.980851
8.060000 0.204564 -0.978854
8.070000 0.214342 -0.976759
8.080000 0.224099 -0.974567
8.090000 0.233833 -0.972277
8.100000 0.243544 -0.969891
8.110000 0.253231 -0.967407
8.120000 0.262892 -0.964826
8.130000 0.272527 -0.962149
8.140000 0.282135 -0.959376
8.150000 0.291714 -0.956506
8.160000 0.301265 -0.953541
8.170000 0.310785 -0.950481
8.180000 0.320274 -0.947326
8.190000 0.329731 -0.944076
8.200000 0.339155 -0.940731
8.210000 0.348545 -0.937293
8.220000 0.357901 -0.933761
8.230000 0.367220 -0.930135
8.240000 0.376503 -0.926416
8.250000 0.385748 -0.922605
8.260000 0.394955 -0.918702
8.270000 0.404122 -0.914706
8.280000 0.413249 -0.910619
8.290000 0.422334 -0.906441
8.300000 0.431377 -0.902173
8.310000 0.440377 -0.897814
8.320000 0.449333 -0.893365
8.330000 0.458244 -0.888827
8.340000 0.467110 -0.884201
8.350000 0.475928 -0.879485
8.360000 0.484699 -0.874682
8.370000 0.493421 -0.869792
8.380000 0.502095 -0.864814
8.390000 0.510717 -0.859750
8.400000 0.519289 -0.854600
8.410000 0.527809 -0.849364
8.420000 0.536276 -0.844044
8.430000 0.544690 -0.838639
8.440000 0.553049 -0.833150
8.450000 0.561352 -0.827578
8.460000 0.569600 -0.821923
8.470000 0.577791 -0.816186
8.480000 0.585924 -0.810368
8.490000 0.593998 -0.804468
8.500000 0.602013 -0.798488
8.510000 0.609967 -0.792428
8.520000 0.617861 -0.786289
8.530000 0.625693 -0.780071
8.540000 0.633462 -0.773775
8.550000 0.641168 -0.767402
8.560000 0.648810 -0.760952
8.570000 0.656387 -0.754426
8.580000 0.663898 -0.747825
8.590000 0.671343 -0.741149
8.600000 0.678721 -0.734398
8.610000 0.686031 -0.727574
8.620000 0.693272 -0.720678
8.630000 0.700444 -0.713709
8.640000 0.707546 -0.706669
8.650000 0.714577 -0.699558
8.660000 0.721537 -0.692378
8.670000 0.728425 -0.685128
8.680000 0.735240 -0.677810
8.690000 0.741981 -0.670423
8.700000 0.748648 -0.662970
8.710000 0.755240 -0.655451
8.720000 0.761757 -0.647866
8.730000 0.768197 -0.640216
8.740000 0.774561 -0.632502
8.750000 0.780847 -0.624725
8.760000 0.787055 -0.616885
8.770000 0.793185 -0.608984
8.780000 0.799235 -0.601022
8.790000 0.805205 -0.593000
8.800000 0.811094 -0.584918
8.810000 0.816903 -0.576778
8.820000 0.822630 -0.568580
8.830000 0.828274 -0.560326
8.840000 0.833836 -0.552015
8.850000 0.839315 -0.543649
8.860000 0.844709 -0.535229
8.870000 0.850019 -0.526756
8.880000 0.855244 -0.518229
8.890000 0.860384 -0.509651
8.900000 0.865437 -0.501022
8.910000 0.870404 -0.492343
8.920000 0.875284 -0.483614
8.930000 0.880076 -0.474837
8.940000 0.884780 -0.466013
8.950000 0.889396 -0.457142
8.960000 0.893923 -0.448225
8.970000 0.898361 -0.439264
8.980000 0.902708 -0.430258
8.990000 0.906966 -0.421210
9.000000 0.911132 -0.412119
9.010000 0.915208 -0.402988
9.020000 0.919192 -0.393816
9.030000 0.923084 -0.384604
9.040000 0.926884 -0.375354
9.050000 0.930591 -0.366067
9.060000 0.934205 -0.356743
9.070000 0.937726 -0.347383
9.080000 0.941153 -0.337989
9.090000 0.944486 -0.328560
9.100000 0.947724 -0.319099
9.110000 0.950868 -0.309606
9.120000 0.953916 -0.300082
9.130000 0.956869 -0.290528
9.140000 0.959727 -0.280945
9.150000 0.962488 -0.271334
9.160000 0.965153 -0.261696
9.170000 0.967722 -0.252031
9.180000 0.970194 -0.242342
9.190000 0.972569 -0.232628
9.200000 0.974846 -0.222891
9.210000 0.977027 -0.213131
9.220000 0.979109 -0.203350
9.230000 0.981094 -0.193549
9.240000 0.982980 -0.183729
9.250000 0.984768 -0.173890
9.260000 0.986458 -0.164034
9.270000 0.988049 -0.154161
9.280000 0.989541 -0.144273
9.290000 0.990934 -0.134371
9.300000 0.992229 -0.124455
9.310000 0.993424 -0.114526
9.320000 0.994519 -0.104587
9.330000 0.995515 -0.094636
9.340000 0.996412 -0.084677
9.350000 0.997209 -0.074709
9.360000 0.997906 -0.064733
9.370000 0.998504 -0.054751
9.380000 0.999001 -0.044763
9.390000 0.999399 -0.034771
9.400000 0.999697 -0.024776
9.410000 0.999895 -0.014777
9.420000 0.999992 -0.004778
9.430000 0.999990 0.005222
9.440000 0.999888 0.015222
9.450000 0.999686 0.025219
9.460000 0.999384 0.035215
9.470000 0.998982 0.045207
9.480000 0.998480 0.055194
9.490000 0.997878 0.065176
9.500000 0.997176 0.075151
9.510000 0.996375 0.085119
9.520000 0.995474 0.095079
9.530000 0.994474 0.105028
9.540000 0.993374 0.114968
9.550000 0.992174 0.124896
9.560000 0.990876 0.134811
9.570000 0.989478 0.144713
9.580000 0.987982 0.154600
9.590000 0.986386 0.164472
9.600000 0.984692 0.174328
9.610000 0.982900 0.184166
9.620000 0.981009 0.193985
9.630000 0.979021 0.203786
9.640000 0.976934 0.213565
9.650000 0.974749 0.223324
9.660000 0.972468 0.233060
9.670000 0.970088 0.242773
9.680000 0.967612 0.252462
9.690000 0.965039 0.262125
9.700000 0.962370 0.271762
9.710000 0.959604 0.281372
9.720000 0.956743 0.290954
9.730000 0.953785 0.300507
9.740000 0.950733 0.310029
9.750000 0.947585 0.319521
9.760000 0.944343 0.328981
9.770000 0.941006 0.338408
9.780000 0.937575 0.347801
9.790000 0.934050 0.357159
9.800000 0.930432 0.366481
9.810000 0.926721 0.375767
9.820000 0.922917 0.385015
9.830000 0.919021 0.394225
9.840000 0.915032 0.403396
9.850000 0.910953 0.412526
9.860000 0.906782 0.421614
9.870000 0.902521 0.430661
9.880000 0.898169 0.439665
9.890000 0.893728 0.448624
9.900000 0.889197 0.457539
9.910000 0.884577 0.466408
9.920000 0.879869 0.475230
9.930000 0.875073 0.484005
9.940000 0.870189 0.492732
9.950000 0.865219 0.501409
9.960000 0.860162 0.510036
9.970000 0.855018 0.518612
9.980000 0.849790 0.527136
9.990000 0.844476 0.535607
10.000000 0.839078 0.544025
10.010000 0.833596 0.552389
10.020000 0.828030 0.560697
10.030000 0.822382 0.568949
10.040000 0.816652 0.577144
10.050000 0.810840 0.585282
10.060000 0.804947 0.593361
10.070000 0.798973 0.601381
10.080000 0.792919 0.609340
10.090000 0.786786 0.617239
10.100000 0.780575 0.625076
10.110000 0.774285 0.632850
10.120000 0.767918 0.640562
10.130000 0.761474 0.648209
10.140000 0.754954 0.655791
10.150000 0.748359 0.663308
10.160000 0.741689 0.670758
10.170000 0.734944 0.678141
10.180000 0.728126 0.685457
10.190000 0.721235 0.692704
10.200000 0.714273 0.699881
10.210000 0.707238 0.706989
10.220000 0.700133 0.714026
10.230000 0.692958 0.720992
10.240000 0.685714 0.727885
10.250000 0.678401 0.734706
10.260000 0.671020 0.741453
10.270000 0.663572 0.748126
10.280000 0.656058 0.754725
10.290000 0.648478 0.761247
10.300000 0.640833 0.767694
10.310000 0.633125 0.774064
10.320000 0.625353 0.780357
10.330000 0.617518 0.786571
10.340000 0.609622 0.792707
10.350000 0.601664 0.798764
10.360000 0.593647 0.804740
10.370000 0.585570 0.810637
10.380000 0.577434 0.816452
10.390000 0.569241 0.822185
10.400000 0.560991 0.827837
10.410000 0.552685 0.833405
10.420000 0.544323 0.838890
10.430000 0.535908 0.844292
10.440000 0.527438 0.849609
10.450000 0.518916 0.854841
10.460000 0.510342 0.859987
10.470000 0.501717 0.865047
10.480000 0.493041 0.870021
10.490000 0.484317 0.874908
10.500000 0.475543 0.879708
10.510000 0.466723 0.884419
10.520000 0.457856 0.889043
10.530000 0.448942 0.893577
10.540000 0.439984 0.898022
10.550000 0.430982 0.902377
10.560000 0.421937 0.906641
10.570000 0.412850 0.910815
10.580000 0.403722 0.914899
10.590000 0.394553 0.918890
10.600000 0.385344 0.922790
10.610000 0.376097 0.926597
10.620000 0.366813 0.930312
10.630000 0.357491 0.933934
10.640000 0.348134 0.937462
10.650000 0.338743 0.940897
10.660000 0.329317 0.944237
10.670000 0.319858 0.947483
10.680000 0.310368 0.950635
10.690000 0.300846 0.953691
10.700000 0.291294 0.956652
10.710000 0.281714 0.959517
10.720000 0.272104 0.962286
10.730000 0.262468 0.964959
10.740000 0.252806 0.967536
10.750000 0.243118 0.970016
10.760000 0.233406 0.972399
10.770000 0.223670 0.974684
10.780000 0.213913 0.976873
10.790000 0.204133 0.978963
10.800000 0.194334 0.980956
10.810000 0.184515 0.982850
10.820000 0.174677 0.984646
10.830000 0.164822 0.986344
10.840000 0.154951 0.987943
10.850000 0.145064 0.989444
10.860000 0.135162 0.990845
10.870000 0.125247 0.992147
10.880000 0.115320 0.993350
10.890000 0.105381 0.994454
10.900000 0.095431 0.995458
10.910000 0.085472 0.996363
10.920000 0.075504 0.997168
10.930000 0.065529 0.997874
10.940000 0.055547 0.998480
10.950000 0.045560 0.998985
10.960000 0.035568 0.999391
10.970000 0.025572 0.999697
10.980000 0.015574 0.999903
10.990000 0.005574 1.000009
11.000000 -0.004426 1.000015
11.010000 -0.014426 0.999921
11.020000 -0.024424 0.999727
11.030000 -0.034420 0.999434
11.040000 -0.044412 0.999040
11.050000 -0.054400 0.998546
11.060000 -0.064383 0.997952
11.070000 -0.074359 0.997259
11.080000 -0.084328 0.996466
11.090000 -0.094288 0.995573
11.100000 -0.104239 0.994581
11.110000 -0.114179 0.993489
11.120000 -0.124109 0.992298
11.130000 -0.134025 0.991008
11.140000 -0.143928 0.989618
11.150000 -0.153817 0.988130
11.160000 -0.163691 0.986543
11.170000 -0.173548 0.984857
11.180000 -0.183388 0.983072
11.190000 -0.193209 0.981190
11.200000 -0.203011 0.979209
11.210000 -0.212793 0.977130
11.220000 -0.222554 0.974954
11.230000 -0.232292 0.972680
11.240000 -0.242007 0.970309
11.250000 -0.251698 0.967841
11.260000 -0.261364 0.965276
11.270000 -0.271004 0.962614
11.280000 -0.280616 0.959857
11.290000 -0.290201 0.957003
11.300000 -0.299756 0.954054
11.310000 -0.309282 0.951009
11.320000 -0.318776 0.947869
11.330000 -0.328239 0.944634
11.340000 -0.337669 0.941305
11.350000 -0.347065 0.937882
11.360000 -0.356427 0.934365
11.370000 -0.365752 0.930754
11.380000 -0.375042 0.927051
11.390000 -0.384293 0.923254
11.400000 -0.393507 0.919366
11.410000 -0.402681 0.915385
11.420000 -0.411815 0.911313
11.430000 -0.420907 0.907150
11.440000 -0.429958 0.902896
11.450000 -0.438965 0.898552
11.460000 -0.447929 0.894118
11.470000 -0.456848 0.889595
11.480000 -0.465721 0.884982
11.490000 -0.474548 0.880281
11.500000 -0.483327 0.875492
11.510000 -0.492058 0.870616
11.520000 -0.500739 0.865652
11.530000 -0.509371 0.860602
11.540000 -0.517952 0.855466
11.550000 -0.526481 0.850244
11.560000 -0.534957 0.844938
11.570000 -0.543380 0.839546
11.580000 -0.551748 0.834071
11.590000 -0.560062 0.828513
11.600000 -0.568319 0.822871
11.610000 -0.576520 0.817147
11.620000 -0.584662 0.811342
11.630000 -0.592747 0.805455
11.640000 -0.600772 0.799488
11.650000 -0.608737 0.793441
11.660000 -0.616641 0.787315
11.670000 -0.624484 0.781110
11.680000 -0.632264 0.774826
11.690000 -0.639981 0.768466
11.700000 -0.647634 0.762028
11.710000 -0.655222 0.755514
11.720000 -0.662745 0.748925
11.730000 -0.670201 0.742261
11.740000 -0.677591 0.735522
11.750000 -0.684913 0.728710
11.760000 -0.692166 0.721825
11.770000 -0.699350 0.714868
11.780000 -0.706464 0.707839
11.790000 -0.713508 0.700740
11.800000 -0.720480 0.693571
11.810000 -0.727380 0.686332
11.820000 -0.734207 0.679024
11.830000 -0.740961 0.671649
11.840000 -0.747641 0.664207
11.850000 -0.754247 0.656698
11.860000 -0.760776 0.649123
11.870000 -0.767230 0.641483
11.880000 -0.773607 0.633780
11.890000 -0.779907 0.626013
11.900000 -0.786129 0.618183
11.910000 -0.792272 0.610291
11.920000 -0.798336 0.602339
11.930000 -0.804320 0.594326
11.940000 -0.810223 0.586254
11.950000 -0.816046 0.578123
11.960000 -0.821787 0.569934
11.970000 -0.827446 0.561689
11.980000 -0.833022 0.553387
11.990000 -0.838515 0.545029
12.000000 -0.843924 0.536618
12.010000 -0.849249 0.528152
12.020000 -0.854489 0.519634
12.030000 -0.859643 0.511064
12.040000 -0.864712 0.502443
12.050000 -0.869694 0.493771
12.060000 -0.874589 0.485050
12.070000 -0.879397 0.476281
12.080000 -0.884116 0.467463
12.090000 -0.888748 0.458600
12.100000 -0.893290 0.449690
12.110000 -0.897743 0.440735
12.120000 -0.902107 0.431736
12.130000 -0.906380 0.422694
12.140000 -0.910563 0.413610
12.150000 -0.914654 0.404484
12.160000 -0.918654 0.395318
12.170000 -0.922563 0.386112
12.180000 -0.926379 0.376868
12.190000 -0.930102 0.367586
12.200000 -0.933733 0.358267
12.210000 -0.937270 0.348913
12.220000 -0.940713 0.339523
12.230000 -0.944063 0.330100
12.240000 -0.947318 0.320643
12.250000 -0.950478 0.311154
12.260000 -0.953543 0.301635
12.270000 -0.956513 0.292085
12.280000 -0.959388 0.282506
12.290000 -0.962166 0.272898
12.300000 -0.964848 0.263263
12.310000 -0.967434 0.253602
12.320000 -0.969923 0.243916
12.330000 -0.972315 0.234205
12.340000 -0.974610 0.224470
12.350000 -0.976807 0.214714
12.360000 -0.978907 0.204935
12.370000 -0.980909 0.195136
12.380000 -0.982813 0.185318
12.390000 -0.984618 0.175481
12.400000 -0.986325 0.165627
12.410000 -0.987934 0.155755
12.420000 -0.989444 0.145869
12.430000 -0.990855 0.135967
12.440000 -0.992166 0.126052
12.450000 -0.993379 0.116125
12.460000 -0.994492 0.106186
12.470000 -0.995506 0.096236
12.480000 -0.996420 0.086276
12.490000 -0.997235 0.076308
12.500000 -0.997950 0.066332
12.510000 -0.998565 0.056349
12.520000 -0.999081 0.046361
12.530000 -0.999496 0.036368
12.540000 -0.999812 0.026372
12.550000 -1.000028 0.016373
12.560000 -1.000143 0.006372
12.570000 -1.000159 -0.003630
12.580000 -1.000075 -0.013631
12.590000 -0.999890 -0.023631
12.600000 -0.999606 -0.033629
12.610000 -0.999222 -0.043623
12.620000 -0.998738 -0.053613
12.630000 -0.998154 -0.063598
12.640000 -0.997470 -0.073576
12.650000 -0.996687 -0.083547
12.660000 -0.995804 -0.093510
12.670000 -0.994821 -0.103463
12.680000 -0.993739 -0.113406
12.690000 -0.992557 -0.123338
12.700000 -0.991277 -0.133258
12.710000 -0.989897 -0.143164
12.720000 -0.988418 -0.153056
12.730000 -0.986840 -0.162933
12.740000 -0.985164 -0.172793
12.750000 -0.983389 -0.182637
12.760000 -0.981516 -0.192462
12.770000 -0.979545 -0.202268
12.780000 -0.977476 -0.212053
12.790000 -0.975309 -0.221818
12.800000 -0.973045 -0.231560
12.810000 -0.970683 -0.241280
12.820000 -0.968224 -0.250975
12.830000 -0.965669 -0.260645
12.840000 -0.963017 -0.270289
12.850000 -0.960269 -0.279907
12.860000 -0.957424 -0.289496
12.870000 -0.954484 -0.299056
12.880000 -0.951449 -0.308587
12.890000 -0.948318 -0.318087
12.900000 -0.945092 -0.327555
12.910000 -0.941773 -0.336990
12.920000 -0.938358 -0.346392
12.930000 -0.934850 -0.355759
12.940000 -0.931249 -0.365091
12.950000 -0.927555 -0.374386
12.960000 -0.923767 -0.383644
12.970000 -0.919888 -0.392864
12.980000 -0.915916 -0.402044
12.990000 -0.911853 -0.411184
13.000000 -0.907698 -0.420284
13.010000 -0.903453 -0.429341
13.020000 -0.899118 -0.438355
13.030000 -0.894693 -0.447326
13.040000 -0.890178 -0.456252
13.050000 -0.885574 -0.465132
13.060000 -0.880881 -0.473966
13.070000 -0.876101 -0.482753
13.080000 -0.871233 -0.491492
13.090000 -0.866278 -0.500181
13.100000 -0.861236 -0.508821
13.110000 -0.856108 -0.517409
13.120000 -0.850894 -0.525946
13.130000 -0.845596 -0.534431
13.140000 -0.840213 -0.542862
13.150000 -0.834745 -0.551239
13.160000 -0.829195 -0.559561
13.170000 -0.823561 -0.567827
13.180000 -0.817845 -0.576037
13.190000 -0.812047 -0.584189
13.200000 -0.806168 -0.592282
13.210000 -0.800209 -0.600317
13.220000 -0.794169 -0.608291
13.230000 -0.788050 -0.616205
13.240000 -0.781852 -0.624057
13.250000 -0.775576 -0.631847
13.260000 -0.769222 -0.639574
13.270000 -0.762791 -0.647237
13.280000 -0.756285 -0.654836
13.290000 -0.749702 -0.662369
13.300000 -0.743045 -0.669836
13.310000 -0.736313 -0.677236
13.320000 -0.729507 -0.684569
13.330000 -0.722629 -0.691833
13.340000 -0.715678 -0.699028
13.350000 -0.708655 -0.706153
13.360000 -0.701562 -0.713208
13.370000 -0.694399 -0.720191
13.380000 -0.687166 -0.727103
13.390000 -0.679864 -0.733942
13.400000 -0.672494 -0.740708
13.410000 -0.665057 -0.747400
13.420000 -0.657554 -0.754017
13.430000 -0.649985 -0.760559
13.440000 -0.642350 -0.767025
13.450000 -0.634652 -0.773414
13.460000 -0.626890 -0.779727
13.470000 -0.619065 -0.785961
13.480000 -0.611178 -0.792117
13.490000 -0.603230 -0.798194
13.500000 -0.595221 -0.804191
13.510000 -0.587153 -0.810108
13.520000 -0.579027 -0.815944
13.530000 -0.570842 -0.821698
13.540000 -0.562600 -0.827371
13.550000 -0.554302 -0.832960
13.560000 -0.545948 -0.838467
13.570000 -0.537540 -0.843890
13.580000 -0.529078 -0.849229
13.590000 -0.520563 -0.854483
13.600000 -0.511996 -0.859652
13.610000 -0.503377 -0.864734
13.620000 -0.494708 -0.869731
13.630000 -0.485990 -0.874641
13.640000 -0.477223 -0.879463
13.650000 -0.468408 -0.884198
13.660000 -0.459546 -0.888844
13.670000 -0.450638 -0.893401
13.680000 -0.441685 -0.897870
13.690000 -0.432687 -0.902248
13.700000 -0.423647 -0.906537
13.710000 -0.414564 -0.910735
13.720000 -0.405439 -0.914842
13.730000 -0.396273 -0.918858
13.740000 -0.387068 -0.922783
13.750000 -0.377824 -0.926615
13.760000 -0.368542 -0.930354
13.770000 -0.359224 -0.934001
13.780000 -0.349869 -0.937554
13.790000 -0.340479 -0.941014
13.800000 -0.331055 -0.944380
13.810000 -0.321597 -0.947651
13.820000 -0.312108 -0.950828
13.830000 -0.302587 -0.953910
13.840000 -0.293035 -0.956897
13.850000 -0.283454 -0.959788
13.860000 -0.273845 -0.962584
13.870000 -0.264208 -0.965283
13.880000 -0.254545 -0.967886
13.890000 -0.244856 -0.970393
13.900000 -0.235142 -0.972802
13.910000 -0.225404 -0.975114
13.920000 -0.215644 -0.977329
13.930000 -0.205863 -0.979447
13.940000 -0.196060 -0.981467
13.950000 -0.186238 -0.983388
13.960000 -0.176396 -0.985212
13.970000 -0.166537 -0.986937
13.980000 -0.156662 -0.988563
13.990000 -0.146770 -0.990091
14.000000 -0.136863 -0.991520
14.010000 -0.126943 -0.992851
14.020000 -0.117009 -0.994082
14.030000 -0.107064 -0.995213
14.040000 -0.097108 -0.996246
14.050000 -0.087142 -0.997178
14.060000 -0.077167 -0.998012
14.070000 -0.067184 -0.998746
14.080000 -0.057194 -0.999380
14.090000 -0.047198 -0.999914
14.100000 -0.037197 -1.000348
14.110000 -0.027192 -1.000683
14.120000 -0.017184 -1.000917
14.130000 -0.007175 -1.001052
14.140000 0.002836 -1.001087
14.150000 0.012847 -1.001021
14.160000 0.022857 -1.000856
14.170000 0.032864 -1.000591
14.180000 0.042869 -1.000226
14.190000 0.052870 -0.999761
14.200000 0.062865 -0.999197
14.210000 0.072855 -0.998532
14.220000 0.082838 -0.997768
14.230000 0.092812 -0.996904
14.240000 0.102778 -0.995941
14.250000 0.112734 -0.994878
14.260000 0.122679 -0.993716
14.270000 0.132612 -0.992455
14.280000 0.142532 -0.991094
14.290000 0.152438 -0.989635
14.300000 0.162329 -0.988076
14.310000 0.172204 -0.986420
14.320000 0.182062 -0.984664
14.330000 0.191903 -0.982810
14.340000 0.201725 -0.980858
14.350000 0.211526 -0.978809
14.360000 0.221308 -0.976661
14.370000 0.231067 -0.974416
14.380000 0.240803 -0.972073
14.390000 0.250516 -0.969634
14.400000 0.260205 -0.967097
14.410000 0.269867 -0.964464
14.420000 0.279503 -0.961735
14.430000 0.289112 -0.958910
14.440000 0.298692 -0.955989
14.450000 0.308243 -0.952972
14.460000 0.317763 -0.949860
14.470000 0.327252 -0.946653
14.480000 0.336708 -0.943352
14.490000 0.346132 -0.939957
14.500000 0.355521 -0.936467
14.510000 0.364875 -0.932884
14.520000 0.374193 -0.929208
14.530000 0.383475 -0.925439
14.540000 0.392718 -0.921577
14.550000 0.401922 -0.917624
14.560000 0.411087 -0.913578
14.570000 0.420212 -0.909442
14.580000 0.429294 -0.905214
14.590000 0.438335 -0.900896
14.600000 0.447332 -0.896488
14.610000 0.456284 -0.891990
14.620000 0.465192 -0.887404
14.630000 0.474054 -0.882728
14.640000 0.482869 -0.877964
14.650000 0.491636 -0.873113
14.660000 0.500355 -0.868174
14.670000 0.509024 -0.863149
14.680000 0.517643 -0.858037
14.690000 0.526210 -0.852839
14.700000 0.534726 -0.847556
14.710000 0.543188 -0.842188
14.720000 0.551597 -0.836736
14.730000 0.559952 -0.831200
14.740000 0.568251 -0.825582
14.750000 0.576494 -0.819880
14.760000 0.584680 -0.814097
14.770000 0.592808 -0.808232
14.780000 0.600877 -0.802286
14.790000 0.608887 -0.796260
14.800000 0.616837 -0.790154
14.810000 0.624726 -0.783969
14.820000 0.632553 -0.777706
14.830000 0.640317 -0.771364
14.840000 0.648018 -0.764946
14.850000 0.655655 -0.758451
14.860000 0.663228 -0.751880
14.870000 0.670734 -0.745233
14.880000 0.678174 -0.738512
14.890000 0.685547 -0.731717
14.900000 0.692853 -0.724849
14.910000 0.700089 -0.717908
14.920000 0.707257 -0.710895
14.930000 0.714355 -0.703810
14.940000 0.721381 -0.696656
14.950000 0.728337 -0.689431
14.960000 0.735220 -0.682137
14.970000 0.742031 -0.674775
14.980000 0.748768 -0.667345
14.990000 0.755432 -0.659848
15.000000 0.762020 -0.652284
15.010000 0.768533 -0.644656
15.020000 0.774971 -0.636962
15.030000 0.781331 -0.629205
15.040000 0.787614 -0.621384
15.050000 0.793820 -0.613501
15.060000 0.799946 -0.605556
15.070000 0.805994 -0.597550
15.080000 0.811962 -0.589484
15.090000 0.817849 -0.581359
15.100000 0.823656 -0.573175
15.110000 0.829381 -0.564934
15.120000 0.835025 -0.556636
15.130000 0.840585 -0.548281
15.140000 0.846063 -0.539871
15.150000 0.851456 -0.531407
15.160000 0.856766 -0.522890
15.170000 0.861991 -0.514319
15.180000 0.867130 -0.505697
15.190000 0.872184 -0.497023
15.200000 0.877151 -0.488299
15.210000 0.882032 -0.479526
15.220000 0.886826 -0.470705
15.230000 0.891532 -0.461835
15.240000 0.896149 -0.452919
15.250000 0.900678 -0.443957
15.260000 0.905118 -0.434950
15.270000 0.909468 -0.425899
15.280000 0.913729 -0.416805
15.290000 0.917899 -0.407668
15.300000 0.921978 -0.398490
15.310000 0.925966 -0.389271
15.320000 0.929863 -0.380013
15.330000 0.933668 -0.370716
15.340000 0.937380 -0.361380
15.350000 0.940999 -0.352008
15.360000 0.944526 -0.342600
15.370000 0.947959 -0.333157
15.380000 0.951298 -0.323680
15.390000 0.954544 -0.314169
15.400000 0.957695 -0.304627
15.410000 0.960751 -0.295052
15.420000 0.963712 -0.285448
15.430000 0.966578 -0.275813
15.440000 0.969348 -0.266151
15.450000 0.972023 -0.256460
15.460000 0.974601 -0.246743
15.470000 0.977083 -0.237000
15.480000 0.979468 -0.227233
15.490000 0.981757 -0.217441
15.500000 0.983948 -0.207627
15.510000 0.986042 -0.197791
15.520000 0.988039 -0.187933
15.530000 0.989938 -0.178056
15.540000 0.991738 -0.168160
15.550000 0.993441 -0.158246
15.560000 0.995046 -0.148314
15.570000 0.996552 -0.138367
15.580000 0.997960 -0.128404
15.590000 0.999269 -0.118427
15.600000 1.000479 -0.108437
15.610000 1.001590 -0.098434
15.620000 1.002602 -0.088420
15.630000 1.003515 -0.078396
15.640000 1.004329 -0.068363
15.650000 1.005044 -0.058321
15.660000 1.005659 -0.048272
15.670000 1.006174 -0.038216
15.680000 1.006590 -0.028155
15.690000 1.006906 -0.018089
15.700000 1.007123 -0.008020
15.710000 1.007240 0.002051
15.720000 1.007258 0.012125
15.730000 1.007176 0.022198
15.740000 1.006994 0.032272
15.750000 1.006713 0.042344
15.760000 1.006331 0.052414
15.770000 1.005851 0.062480
15.780000 1.005271 0.072542
15.790000 1.004591 0.082599
15.800000 1.003812 0.092649
15.810000 1.002933 0.102693
15.820000 1.001956 0.112728
15.830000 1.000879 0.122754
15.840000 0.999703 0.132770
15.850000 0.998428 0.142775
15.860000 0.997054 0.152768
15.870000 0.995581 0.162748
15.880000 0.994010 0.172714
15.890000 0.992340 0.182665
15.900000 0.990572 0.192600
15.910000 0.988706 0.202518
15.920000 0.986742 0.212419
15.930000 0.984680 0.222300
15.940000 0.982521 0.232163
15.950000 0.980264 0.242004
15.960000 0.977910 0.251824
15.970000 0.975459 0.261622
15.980000 0.972912 0.271396
15.990000 0.970267 0.281145
16.000000 0.967527 0.290870
16.010000 0.964691 0.300568
16.020000 0.961758 0.310239
16.030000 0.958731 0.319882
16.040000 0.955608 0.329496
16.050000 0.952391 0.339080
16.060000 0.949078 0.348633
16.070000 0.945672 0.358154
16.080000 0.942171 0.367643
16.090000 0.938577 0.377098
16.100000 0.934890 0.386519
16.110000 0.931110 0.395904
16.120000 0.927237 0.405253
16.130000 0.923272 0.414565
16.140000 0.919215 0.423839
16.150000 0.915067 0.433075
16.160000 0.910827 0.442270
16.170000 0.906497 0.451425
16.180000 0.902076 0.460538
16.190000 0.897566 0.469609
16.200000 0.892966 0.478636
16.210000 0.888277 0.487620
16.220000 0.883500 0.496558
16.230000 0.878634 0.505451
16.240000 0.873680 0.514297
16.250000 0.868640 0.523096
16.260000 0.863512 0.531847
16.270000 0.858298 0.540548
16.280000 0.852999 0.549200
16.290000 0.847614 0.557800
16.300000 0.842144 0.566350
16.310000 0.836590 0.574847
16.320000 0.830952 0.583291
16.330000 0.825230 0.591680
16.340000 0.819426 0.600016
16.350000 0.813540 0.608295
16.360000 0.807572 0.616519
16.370000 0.801522 0.624685
16.380000 0.795392 0.632794
16.390000 0.789182 0.640844
16.400000 0.782893 0.648835
16.410000 0.776524 0.656766
16.420000 0.770077 0.664636
16.430000 0.763553 0.672444
16.440000 0.756951 0.680190
16.450000 0.750273 0.687874
16.460000 0.743519 0.695493
16.470000 0.736689 0.703049
16.480000 0.729785 0.710539
16.490000 0.722807 0.717964
16.500000 0.715755 0.725322
16.510000 0.708630 0.732613
16.520000 0.701433 0.739836
16.530000 0.694165 0.746991
16.540000 0.686826 0.754076
16.550000 0.679416 0.761092
16.560000 0.671937 0.768038
16.570000 0.664390 0.774912
16.580000 0.656774 0.781715
16.590000 0.649090 0.788445
16.600000 0.641339 0.795103
16.610000 0.633523 0.801687
16.620000 0.625641 0.808197
16.630000 0.617694 0.814632
16.640000 0.609683 0.820992
16.650000 0.601609 0.827276
16.660000 0.593472 0.833484
16.670000 0.585274 0.839615
16.680000 0.577014 0.845668
16.690000 0.568694 0.851643
16.700000 0.560314 0.857539
16.710000 0.551875 0.863357
16.720000 0.543378 0.869094
16.730000 0.534823 0.874752
16.740000 0.526212 0.880328
16.750000 0.517544 0.885824
16.760000 0.508822 0.891237
16.770000 0.500045 0.896569
16.780000 0.491214 0.901818
16.790000 0.482330 0.906984
16.800000 0.473394 0.912066
16.810000 0.464407 0.917064
16.820000 0.455369 0.921978
16.830000 0.446281 0.926806
16.840000 0.437145 0.931550
16.850000 0.427960 0.936207
16.860000 0.418727 0.940779
16.870000 0.409448 0.945263
16.880000 0.400123 0.949661
16.890000 0.390752 0.953972
16.900000 0.381338 0.958195
16.910000 0.371879 0.962329
16.920000 0.362379 0.966375
16.930000 0.352836 0.970333
16.940000 0.343252 0.974201
16.950000 0.333628 0.977980
16.960000 0.323964 0.981669
16.970000 0.314261 0.985267
16.980000 0.304521 0.988776
16.990000 0.294743 0.992193
17.000000 0.284929 0.995519
17.010000 0.275080 0.998755
17.020000 0.265196 1.001898
17.030000 0.255278 1.004950
17.040000 0.245327 1.007909
17.050000 0.235344 1.010776
17.060000 0.225330 1.013550
17.070000 0.215285 1.016232
17.080000 0.205210 1.018820
17.090000 0.195106 1.021315
17.100000 0.184974 1.023717
17.110000 0.174814 1.026025
17.120000 0.164628 1.028239
17.130000 0.154416 1.030358
17.140000 0.144180 1.032384
17.150000 0.133919 1.034315
17.160000 0.123635 1.036151
17.170000 0.113328 1.037893
17.180000 0.103000 1.039540
17.190000 0.092650 1.041091
17.200000 0.082281 1.042548
17.210000 0.071892 1.043909
17.220000 0.061485 1.045174
17.230000 0.051060 1.046344
17.240000 0.040618 1.047419
17.250000 0.030160 1.048398
17.260000 0.019686 1.049281
17.270000 0.009198 1.050068
17.280000 -0.001303 1.050759
17.290000 -0.011818 1.051354
17.300000 -0.022345 1.051854
17.310000 -0.032884 1.052257
17.320000 -0.043433 1.052564
17.330000 -0.053992 1.052775
17.340000 -0.064560 1.052889
17.350000 -0.075137 1.052908
17.360000 -0.085721 1.052830
17.370000 -0.096312 1.052657
17.380000 -0.106910 1.052387
17.390000 -0.117512 1.052021
17.400000 -0.128120 1.051558
17.410000 -0.138731 1.051000
17.420000 -0.149346 1.050346
17.430000 -0.159963 1.049595
17.440000 -0.170582 1.048749
17.450000 -0.181201 1.047807
17.460000 -0.191822 1.046769
17.470000 -0.202442 1.045635
17.480000 -0.213061 1.044406
17.490000 -0.223678 1.043081
17.500000 -0.234292 1.041660
17.510000 -0.244904 1.040144
17.520000 -0.255512 1.038533
17.530000 -0.266116 1.036826
17.540000 -0.276714 1.035025
17.550000 -0.287307 1.033129
17.560000 -0.297893 1.031137
17.570000 -0.308473 1.029051
17.580000 -0.319045 1.026871
17.590000 -0.329608 1.024596
17.600000 -0.340163 1.022227
17.610000 -0.350708 1.019763
17.620000 -0.361244 1.017206
17.630000 -0.371768 1.014555
17.640000 -0.382282 1.011811
17.650000 -0.392784 1.008972
17.660000 -0.403273 1.006041
17.670000 -0.413750 1.003017
17.680000 -0.424213 0.999899
17.690000 -0.434663 0.996689
17.700000 -0.445098 0.993387
17.710000 -0.455518 0.989992
17.720000 -0.465923 0.986505
17.730000 -0.476312 0.982926
17.740000 -0.486685 0.979255
17.750000 -0.497041 0.975493
17.760000 -0.507379 0.971640
17.770000 -0.517700 0.967695
17.780000 -0.528003 0.963660
17.790000 -0.538287 0.959534
17.800000 -0.548553 0.955318
17.810000 -0.558799 0.951011
17.820000 -0.569026 0.946615
17.830000 -0.579233 0.942128
17.840000 -0.589419 0.937553
17.850000 -0.599585 0.932887
17.860000 -0.609730 0.928133
17.870000 -0.619854 0.923290
17.880000 -0.629957 0.918359
17.890000 -0.640037 0.913339
17.900000 -0.650096 0.908230
17.910000 -0.660133 0.903034
17.920000 -0.670147 0.897750
17.930000 -0.680139 0.892379
17.940000 -0.690108 0.886920
17.950000 -0.700054 0.881375
17.960000 -0.709977 0.875742
17.970000 -0.719878 0.870023
17.980000 -0.729755 0.864218
17.990000 -0.739609 0.858326
18.000000 -0.749440 0.852348
18.010000 -0.759247 0.846284
18.020000 -0.769032 0.840135
18.030000 -0.778793 0.833900
18.040000 -0.788531 0.827580
18.050000 -0.798246 0.821175
18.060000 -0.807939 0.814685
18.070000 -0.817609 0.808111
18.080000 -0.827256 0.801451
18.090000 -0.836881 0.794707
18.100000 -0.846483 0.787879
18.110000 -0.856064 0.780967
18.120000 -0.865624 0.773970
18.130000 -0.875162 0.766889
18.140000 -0.884680 0.759725
18.150000 -0.894177 0.752476
18.160000 -0.903654 0.745144
18.170000 -0.913112 0.737728
18.180000 -0.922551 0.730228
18.190000 -0.931972 0.722645
18.200000 -0.941375 0.714978
18.210000 -0.950760 0.707227
18.220000 -0.960130 0.699392
18.230000 -0.969484 0.691474
18.240000 -0.978823 0.683471
18.250000 -0.988148 0.675385
18.260000 -0.997460 0.667214
18.270000 -1.006761 0.658959
18.280000 -1.016050 0.650620
18.290000 -1.025329 0.642196
18.300000 -1.034600 0.633686
18.310000 -1.043863 0.625092
18.320000 -1.053119 0.616413
18.330000 -1.062371 0.607647
18.340000 -1.071620 0.598795
18.350000 -1.080867 0.589857
18.360000 -1.090113 0.580832
18.370000 -1.099361 0.571719
18.380000 -1.108612 0.562518
18.390000 -1.117868 0.553228
18.400000 -1.127131 0.543849
18.410000 -1.136404 0.534381
18.420000 -1.145688 0.524821
18.430000 -1.154986 0.515170
18.440000 -1.164300 0.505426
18.450000 -1.173632 0.495590
18.460000 -1.182987 0.485659
18.470000 -1.192366 0.475632
18.480000 -1.201772 0.465509
18.490000 -1.211209 0.455288
18.500000 -1.220680 0.444969
18.510000 -1.230188 0.434548
18.520000 -1.239738 0.424026
18.530000 -1.249333 0.413400
18.540000 -1.258977 0.402669
18.550000 -1.268676 0.391830
18.560000 -1.278433 0.380882
18.570000 -1.288253 0.369823
18.580000 -1.298142 0.358651
18.590000 -1.308105 0.347362
18.600000 -1.318148 0.335955
18.610000 -1.328277 0.324427
18.620000 -1.338499 0.312774
18.630000 -1.348821 0.300994
18.640000 -1.359249 0.289083
18.650000 -1.369793 0.277038
18.660000 -1.380459 0.264854
18.670000 -1.391258 0.252528
18.680000 -1.402198 0.240056
18.690000 -1.413289 0.227432
18.700000 -1.424542 0.214651
18.710000 -1.435969 0.201709
18.720000 -1.447582 0.188599
18.730000 -1.459393 0.175315
18.740000 -1.471418 0.161851
18.750000 -1.483670 0.148198
18.760000 -1.496166 0.134350
18.770000 -1.508923 0.120298
18.780000 -1.521960 0.106032
18.790000 -1.535297 0.091544
18.800000 -1.548956 0.076823
18.810000 -1.562961 0.061857
18.820000 -1.577335 0.046633
18.830000 -1.592109 0.031139
18.840000 -1.607310 0.015360
18.850000 -1.622973 -0.000721
18.860000 -1.639132 -0.017120
18.870000 -1.655828 -0.033857
18.880000 -1.673102 -0.050952
18.890000 -1.691001 -0.068428
18.900000 -1.709579 -0.086311
18.910000 -1.728891 -0.104629
18.920000 -1.749002 -0.123411
18.930000 -1.769982 -0.142693
18.940000 -1.791910 -0.162511
18.950000 -1.814872 -0.182909
18.960000 -1.838969 -0.203933
18.970000 -1.864312 -0.225637
18.980000 -1.891025 -0.248082
18.990000 -1.919252 -0.271334
19.000000 -1.949156 -0.295472
19.010000 -1.980925 -0.320583
19.020000 -2.014773 -0.346771
19.030000 -2.050953 -0.374152
19.040000 -2.089755 -0.402864
19.050000 -2.131526 -0.433067
19.060000 -2.176674 -0.464952
19.070000 -2.225687 -0.498745
19.080000 -2.279154 -0.534717
19.090000 -2.337797 -0.573199
19.100000 -2.402505 -0.614597
19.110000 -2.474388 -0.659417
19.120000 -2.554862 -0.708301
19.130000 -2.645755 -0.762070
19.140000 -2.749478 -0.821809
19.150000 -2.869291 -0.888972
19.160000 -3.009726 -0.965572
19.170000 -3.177302 -1.054490
19.180000 -3.381806 -1.160031
19.190000 -3.638743 -1.288976
19.200000 -3.974490 -1.452802
19.210000 -4.438551 -1.672933
19.220000 -5.138374 -1.995609
19.230000 -6.371080 -2.547957
19.240000 -9.507039 -3.912661


0.000000 -1.000000 1.000000
0.010000 -1.016102 0.995980
0.020000 -1.032415 0.991922
0.030000 -1.048950 0.987828
0.040000 -1.065721 0.983700
0.050000 -1.082740 0.979540
0.060000 -1.100022 0.975350
0.070000 -1.117583 0.971133
0.080000 -1.135438 0.966892
0.090000 -1.153605 0.962628
0.100000 -1.172104 0.958346
0.110000 -1.190955 0.954048
0.120000 -1.210180 0.949739
0.130000 -1.229803 0.945420
0.140000 -1.249850 0.941098
0.150000 -1.270349 0.936775
0.160000 -1.291330 0.932457
0.170000 -1.312827 0.928148
0.180000 -1.334876 0.923855
0.190000 -1.357515 0.919584
0.200000 -1.380788 0.915340
0.210000 -1.404742 0.911131
0.220000 -1.429429 0.906966
0.230000 -1.454907 0.902853
0.240000 -1.481237 0.898802
0.250000 -1.508491 0.894824
0.260000 -1.536745 0.890931
0.270000 -1.566087 0.887137
0.280000 -1.596612 0.883457
0.290000 -1.628429 0.879909
0.300000 -1.661660 0.876512
0.310000 -1.696444 0.873288
0.320000 -1.732936 0.870263
0.330000 -1.771316 0.867467
0.340000 -1.811789 0.864934
0.350000 -1.854591 0.862702
0.360000 -1.899997 0.860818
0.370000 -1.948326 0.859337
0.380000 -1.999954 0.858322
0.390000 -2.055329 0.857852
0.400000 -2.114982 0.858018
0.410000 -2.179557 0.858934
0.420000 -2.249838 0.860739
0.430000 -2.326792 0.863608
0.440000 -2.411630 0.867758
0.450000 -2.505887 0.873471
0.460000 -2.611551 0.881114
0.470000 -2.731239 0.891176
0.480000 -2.868489 0.904322
0.490000 -3.028216 0.921490
0.500000 -3.217491 0.944038
0.510000 -3.446927 0.974028
0.520000 -3.733349 1.014762
0.530000 -4.105404 1.071922
0.540000 -4.616954 1.156297
0.550000 -5.385320 1.291644
0.560000 -6.737303 1.544841
0.570000 -10.211458 2.234387


0.000000 -1.000000 2.000000
0.010000 -1.045505 2.039759
0.020000 -1.094318 2.083400
0.030000 -1.146958 2.131564
0.040000 -1.204065 2.185044
0.050000 -1.266441 2.244836
0.060000 -1.335105 2.312209
0.070000 -1.411376 2.388814
0.080000 -1.496997 2.476836
0.090000 -1.594325 2.579250
0.100000 -1.706651 2.700215
0.110000 -1.838725 2.845765
0.120000 -1.997727 3.025052
0.130000 -2.195128 3.252758
0.140000 -2.450706 3.554298
0.150000 -2.802324 3.978529
0.160000 -3.334954 4.635556
0.170000 -4.299036 5.851320
0.180000 -7.073568 9.429165


0.000000 0.000000 -2.000000
0.010000 0.020372 -2.037129
0.020000 0.041539 -2.076697
0.030000 0.063589 -2.119003
0.040000 0.086622 -2.164404
0.050000 0.110758 -2.213319
0.060000 0.136138 -2.266248
0.070000 0.162932 -2.323796
0.080000 0.191344 -2.386697
0.090000 0.221626 -2.455857
0.100000 0.254088 -2.532405
0.110000 0.289122 -2.617771
0.120000 0.327228 -2.713798
0.130000 0.369059 -2.822909
0.140000 0.415488 -2.948357
0.150000 0.467709 -3.094643
0.160000 0.527419 -3.268191
0.170000 0.597119 -3.478563
0.180000 0.680699 -3.740733
0.190000 0.784625 -4.079795
0.200000 0.920677 -4.541847
0.210000 1.113404 -5.223767
0.220000 1.426374 -6.378623
0.230000 2.112989 -9.024756


0.000000 0.000000 -1.000000
0.010000 0.010000 -0.999950
0.020000 0.019999 -0.999800
0.030000 0.029996 -0.999550
0.040000 0.039989 -0.999200
0.050000 0.049979 -0.998750
0.060000 0.059964 -0.998201
0.070000 0.069943 -0.997551
0.080000 0.079915 -0.996802
0.090000 0.089879 -0.995953
0.100000 0.099833 -0.995004
0.110000 0.109778 -0.993956
0.120000 0.119712 -0.992809
0.130000 0.129634 -0.991562
0.140000 0.139543 -0.990216
0.150000 0.149438 -0.988771
0.160000 0.159318 -0.987227
0.170000 0.169182 -0.985585
0.180000 0.179030 -0.983844
0.190000 0.188859 -0.982004
0.200000 0.198669 -0.980067
0.210000 0.208460 -0.978031
0.220000 0.218230 -0.975897
0.230000 0.227978 -0.973666
0.240000 0.237703 -0.971338
0.250000 0.247404 -0.968912
0.260000 0.257081 -0.966390
0.270000 0.266731 -0.963771
0.280000 0.276356 -0.961055
0.290000 0.285952 -0.958244
0.300000 0.295520 -0.955336
0.310000 0.305059 -0.952334
0.320000 0.314567 -0.949235
0.330000 0.324043 -0.946042
0.340000 0.333487 -0.942755
0.350000 0.342898 -0.939373
0.360000 0.352274 -0.935897
0.370000 0.361615 -0.932327
0.380000 0.370920 -0.928665
0.390000 0.380188 -0.924909
0.400000 0.389418 -0.921061
0.410000 0.398609 -0.917121
0.420000 0.407760 -0.913089
0.430000 0.416871 -0.908966
0.440000 0.425939 -0.904752
0.450000 0.434966 -0.900447
0.460000 0.443948 -0.896052
0.470000 0.452886 -0.891568
0.480000 0.461779 -0.886995
0.490000 0.470626 -0.882333
0.500000 0.479426 -0.877583
0.510000 0.488177 -0.872745
0.520000 0.496880 -0.867819
0.530000 0.505533 -0.862807
0.540000 0.514136 -0.857709
0.550000 0.522687 -0.852525
0.560000 0.531186 -0.847255
0.570000 0.539632 -0.841901
0.580000 0.548024 -0.836463
0.590000 0.556361 -0.830941
0.600000 0.564642 -0.825336
0.610000 0.572867 -0.819648
0.620000 0.581035 -0.813878
0.630000 0.589145 -0.808028
0.640000 0.597195 -0.802096
0.650000 0.605186 -0.796084
0.660000 0.613117 -0.789992
0.670000 0.620986 -0.783822
0.680000 0.628793 -0.777573
0.690000 0.636537 -0.771246
0.700000 0.644218 -0.764842
0.710000 0.651834 -0.758362
0.720000 0.659385 -0.751806
0.730000 0.666870 -0.745174
0.740000 0.674288 -0.738469
0.750000 0.681639 -0.731689
0.760000 0.688921 -0.724836
0.770000 0.696135 -0.717911
0.780000 0.703279 -0.710914
0.790000 0.710353 -0.703845
0.800000 0.717356 -0.696707
0.810000 0.724287 -0.689498
0.820000 0.731146 -0.682221
0.830000 0.737931 -0.674876
0.840000 0.744643 -0.667463
0.850000 0.751280 -0.659983
0.860000 0.757843 -0.652437
0.870000 0.764329 -0.644827
0.880000 0.770739 -0.637151
0.890000 0.777072 -0.629412
0.900000 0.783327 -0.621610
0.910000 0.789504 -0.613746
0.920000 0.795602 -0.605820
0.930000 0.801620 -0.597834
0.940000 0.807558 -0.589788
0.950000 0.813416 -0.581683
0.960000 0.819192 -0.573520
0.970000 0.824886 -0.565300
0.980000 0.830497 -0.557023
0.990000 0.836026 -0.548690
1.000000 0.841471 -0.540302
1.010000 0.846832 -0.531861
1.020000 0.852108 -0.523366
1.030000 0.857299 -0.514819
1.040000 0.862404 -0.506220
1.050000 0.867423 -0.497571
1.060000 0.872355 -0.488872
1.070000 0.877201 -0.480124
1.080000 0.881958 -0.471328
1.090000 0.886627 -0.462485
1.100000 0.891207 -0.453596
1.110000 0.895699 -0.444662
1.120000 0.900100 -0.435682
1.130000 0.904412 -0.426660
1.140000 0.908633 -0.417595
1.150000 0.912764 -0.408487
1.160000 0.916803 -0.399340
1.170000 0.920751 -0.390152
1.180000 0.924606 -0.380925
1.190000 0.928369 -0.371660
1.200000 0.932039 -0.362358
1.210000 0.935616 -0.353019
1.220000 0.939099 -0.343646
1.230000 0.942489 -0.334238
1.240000 0.945784 -0.324796
1.250000 0.948985 -0.315322
1.260000 0.952090 -0.305817
1.270000 0.955101 -0.296281
1.280000 0.958016 -0.286715
1.290000 0.960835 -0.277121
1.300000 0.963558 -0.267499
1.310000 0.966185 -0.257850
1.320000 0.968715 -0.248175
1.330000 0.971148 -0.238476
1.340000 0.973485 -0.228753
1.350000 0.975723 -0.219007
1.360000 0.977865 -0.209239
1.370000 0.979908 -0.199450
1.380000 0.981854 -0.189641
1.390000 0.983701 -0.179813
1.400000 0.985450 -0.169967
1.410000 0.987100 -0.160104
1.420000 0.988652 -0.150225
1.430000 0.990105 -0.140332
1.440000 0.991458 -0.130424
1.450000 0.992713 -0.120503
1.460000 0.993868 -0.110570
1.470000 0.994924 -0.100626
1.480000 0.995881 -0.090672
1.490000 0.996738 -0.080708
1.500000 0.997495 -0.070737
1.510000 0.998152 -0.060759
1.520000 0.998710 -0.050774
1.530000 0.999168 -0.040785
1.540000 0.999526 -0.030791
1.550000 0.999784 -0.020795
1.560000 0.999942 -0.010796
1.570000 1.000000 -0.000796
1.580000 0.999958 0.009204
1.590000 0.999816 0.019202
1.600000 0.999574 0.029200
1.610000 0.999232 0.039194
1.620000 0.998790 0.049184
1.630000 0.998248 0.059169
1.640000 0.997606 0.069148
1.650000 0.996865 0.079121
1.660000 0.996024 0.089085
1.670000 0.995083 0.099041
1.680000 0.994043 0.108987
1.690000 0.992904 0.118922
1.700000 0.991665 0.128844
1.710000 0.990327 0.138755
1.720000 0.988890 0.148651
1.730000 0.987354 0.158532
1.740000 0.985719 0.168397
1.750000 0.983986 0.178246
1.760000 0.982154 0.188077
1.770000 0.980224 0.197889
1.780000 0.978197 0.207681
1.790000 0.976071 0.217452
1.800000 0.973848 0.227202
1.810000 0.971527 0.236929
1.820000 0.969109 0.246632
1.830000 0.966594 0.256311
1.840000 0.963983 0.265964
1.850000 0.961275 0.275590
1.860000 0.958471 0.285189
1.870000 0.955572 0.294759
1.880000 0.952576 0.304300
1.890000 0.949486 0.313811
1.900000 0.946300 0.323290
1.910000 0.943020 0.332736
1.920000 0.939645 0.342150
1.930000 0.936177 0.351529
1.940000 0.932615 0.360873
1.950000 0.928960 0.370181
1.960000 0.925212 0.379452
1.970000 0.921371 0.388685
1.980000 0.917438 0.397879
1.990000 0.913413 0.407033
2.000000 0.909297 0.416147
2.010000 0.905091 0.425219
2.020000 0.900793 0.434248
2.030000 0.896406 0.443234
2.040000 0.891929 0.452176
2.050000 0.887362 0.461073
2.060000 0.882707 0.469923
2.070000 0.877964 0.478727
2.080000 0.873133 0.487482
2.090000 0.868215 0.496189
2.100000 0.863209 0.504846
2.110000 0.858118 0.513453
2.120000 0.852940 0.522008
2.130000 0.847678 0.530511
2.140000 0.842330 0.538961
2.150000 0.836899 0.547358
2.160000 0.831383 0.555699
2.170000 0.825785 0.563985
2.180000 0.820104 0.572215
2.190000 0.814341 0.580387
2.200000 0.808496 0.588501
2.210000 0.802571 0.596557
2.220000 0.796565 0.604552
2.230000 0.790480 0.612488
2.240000 0.784316 0.620362
2.250000 0.778073 0.628174
2.260000 0.771753 0.635923
2.270000 0.765355 0.643608
2.280000 0.758881 0.651230
2.290000 0.752331 0.658786
2.300000 0.745705 0.666276
2.310000 0.739005 0.673700
2.320000 0.732231 0.681056
2.330000 0.725384 0.688344
2.340000 0.718465 0.695563
2.350000 0.711473 0.702713
2.360000 0.704411 0.709793
2.370000 0.697278 0.716801
2.380000 0.690075 0.723738
2.390000 0.682803 0.730602
2.400000 0.675463 0.737394
2.410000 0.668056 0.744111
2.420000 0.660581 0.750755
2.430000 0.653041 0.757323
2.440000 0.645435 0.763815
2.450000 0.637765 0.770231
2.460000 0.630031 0.776570
2.470000 0.622234 0.782832
2.480000 0.614374 0.789015
2.490000 0.606454 0.795119
2.500000 0.598472 0.801144
2.510000 0.590431 0.807088
2.520000 0.582331 0.812952
2.530000 0.574172 0.818735
2.540000 0.565956 0.824435
2.550000 0.557684 0.830054
2.560000 0.549355 0.835589
2.570000 0.540972 0.841040
2.580000 0.532535 0.846408
2.590000 0.524044 0.851691
2.600000 0.515501 0.856889
2.610000 0.506907 0.862001
2.620000 0.498262 0.867027
2.630000 0.489567 0.871966
2.640000 0.480823 0.876818
2.650000 0.472031 0.881582
2.660000 0.463191 0.886258
2.670000 0.454306 0.890846
2.680000 0.445375 0.895344
2.690000 0.436399 0.899753
2.700000 0.427380 0.904072
2.710000 0.418318 0.908301
2.720000 0.409214 0.912438
2.730000 0.400069 0.916485
2.740000 0.390885 0.920440
2.750000 0.381661 0.924302
2.760000 0.372399 0.928073
2.770000 0.363100 0.931750
2.780000 0.353764 0.935335
2.790000 0.344393 0.938825
2.800000 0.334988 0.942222
2.810000 0.325549 0.945525
2.820000 0.316078 0.948733
2.830000 0.306575 0.951847
2.840000 0.297041 0.954865
2.850000 0.287478 0.957787
2.860000 0.277886 0.960614
2.870000 0.268266 0.963345
2.880000 0.258619 0.965979
2.890000 0.248947 0.968517
2.900000 0.239249 0.970958
2.910000 0.229528 0.973302
2.920000 0.219784 0.975549
2.930000 0.210017 0.977698
2.940000 0.200230 0.979749
2.950000 0.190423 0.981702
2.960000 0.180596 0.983557
2.970000 0.170752 0.985314
2.980000 0.160890 0.986972
2.990000 0.151013 0.988532
3.000000 0.141120 0.989992
3.010000 0.131213 0.991354
3.020000 0.121293 0.992617
3.030000 0.111361 0.993780
3.040000 0.101418 0.994844
3.050000 0.091465 0.995808
3.060000 0.081502 0.996673
3.070000 0.071532 0.997438
3.080000 0.061554 0.998104
3.090000 0.051570 0.998669
3.100000 0.041581 0.999135
3.110000 0.031587 0.999501
3.120000 0.021591 0.999767
3.130000 0.011592 0.999933
3.140000 0.001593 0.999999
3.150000 -0.008407 0.999965
3.160000 -0.018406 0.999831
3.170000 -0.028404 0.999597
3.180000 -0.038398 0.999263
3.190000 -0.048388 0.998829
3.200000 -0.058374 0.998295
3.210000 -0.068354 0.997661
3.220000 -0.078327 0.996928
3.230000 -0.088292 0.996095
3.240000 -0.098249 0.995162
3.250000 -0.108195 0.994130
3.260000 -0.118131 0.992998
3.270000 -0.128055 0.991767
3.280000 -0.137966 0.990437
3.290000 -0.147863 0.989008
3.300000 -0.157746 0.987480
3.310000 -0.167612 0.985853
3.320000 -0.177462 0.984128
3.330000 -0.187295 0.982304
3.340000 -0.197108 0.980382
3.350000 -0.206902 0.978362
3.360000 -0.216675 0.976244
3.370000 -0.226427 0.974028
3.380000 -0.236155 0.971715
3.390000 -0.245861 0.969305
3.400000 -0.255541 0.966798
3.410000 -0.265196 0.964194
3.420000 -0.274825 0.961494
3.430000 -0.284426 0.958698
3.440000 -0.293998 0.955806
3.450000 -0.303542 0.952818
3.460000 -0.313054 0.949735
3.470000 -0.322536 0.946557
3.480000 -0.331985 0.943285
3.490000 -0.341401 0.939918
3.500000 -0.350783 0.936457
3.510000 -0.360130 0.932902
3.520000 -0.369441 0.929254
3.530000 -0.378715 0.925513
3.540000 -0.387951 0.921680
3.550000 -0.397148 0.917755
3.560000 -0.406306 0.913737
3.570000 -0.415423 0.909629
3.580000 -0.424498 0.905429
3.590000 -0.433531 0.901139
3.600000 -0.442520 0.896758
3.610000 -0.451466 0.892288
3.620000 -0.460366 0.887729
3.630000 -0.469220 0.883081
3.640000 -0.478027 0.878345
3.650000 -0.486787 0.873521
3.660000 -0.495497 0.868609
3.670000 -0.504159 0.863611
3.680000 -0.512769 0.858526
3.690000 -0.521329 0.853356
3.700000 -0.529836 0.848100
3.710000 -0.538291 0.842759
3.720000 -0.546691 0.837334
3.730000 -0.555037 0.831826
3.740000 -0.563327 0.826234
3.750000 -0.571561 0.820559
3.760000 -0.579738 0.814803
3.770000 -0.587857 0.808965
3.780000 -0.595917 0.803046
3.790000 -0.603918 0.797047
3.800000 -0.611858 0.790968
3.810000 -0.619737 0.784810
3.820000 -0.627554 0.778573
3.830000 -0.635308 0.772259
3.840000 -0.642999 0.765867
3.850000 -0.650625 0.759399
3.860000 -0.658186 0.752855
3.870000 -0.665682 0.746236
3.880000 -0.673111 0.739542
3.890000 -0.680473 0.732774
3.900000 -0.687766 0.725932
3.910000 -0.694991 0.719018
3.920000 -0.702146 0.712033
3.930000 -0.709231 0.704976
3.940000 -0.716246 0.697848
3.950000 -0.723188 0.690651
3.960000 -0.730058 0.683385
3.970000 -0.736856 0.676050
3.980000 -0.743579 0.668648
3.990000 -0.750228 0.661179
4.000000 -0.756802 0.653644
4.010000 -0.763301 0.646043
4.020000 -0.769723 0.638378
4.030000 -0.776068 0.630649
4.040000 -0.782336 0.622857
4.050000 -0.788525 0.615002
4.060000 -0.794636 0.607087
4.070000 -0.800667 0.599110
4.080000 -0.806618 0.591073
4.090000 -0.812488 0.582978
4.100000 -0.818277 0.574824
4.110000 -0.823984 0.566613
4.120000 -0.829609 0.558345
4.130000 -0.835151 0.550021
4.140000 -0.840609 0.541642
4.150000 -0.845984 0.533209
4.160000 -0.851273 0.524722
4.170000 -0.856478 0.516184
4.180000 -0.861597 0.507593
4.190000 -0.866630 0.498952
4.200000 -0.871576 0.490261
4.210000 -0.876435 0.481521
4.220000 -0.881206 0.472732
4.230000 -0.885889 0.463897
4.240000 -0.890484 0.455015
4.250000 -0.894989 0.446087
4.260000 -0.899405 0.437115
4.270000 -0.903732 0.428100
4.280000 -0.907967 0.419041
4.290000 -0.912112 0.409941
4.300000 -0.916166 0.400799
4.310000 -0.920128 0.391618
4.320000 -0.923998 0.382397
4.330000 -0.927776 0.373138
4.340000 -0.931461 0.363842
4.350000 -0.935053 0.354509
4.360000 -0.938551 0.345141
4.370000 -0.941955 0.335738
4.380000 -0.945266 0.326302
4.390000 -0.948481 0.316833
4.400000 -0.951602 0.307333
4.410000 -0.954628 0.297802
4.420000 -0.957558 0.288241
4.430000 -0.960392 0.278651
4.440000 -0.963131 0.269033
4.450000 -0.965773 0.259389
4.460000 -0.968319 0.249718
4.470000 -0.970767 0.240022
4.480000 -0.973119 0.230303
4.490000 -0.975373 0.220560
4.500000 -0.977530 0.210796
4.510000 -0.979589 0.201010
4.520000 -0.981550 0.191204
4.530000 -0.983413 0.181379
4.540000 -0.985178 0.171536
4.550000 -0.986844 0.161676
4.560000 -0.988411 0.151800
4.570000 -0.989880 0.141908
4.580000 -0.991249 0.132003
4.590000 -0.992520 0.122084
4.600000 -0.993691 0.112153
4.610000 -0.994763 0.102210
4.620000 -0.995735 0.092258
4.630000 -0.996608 0.082296
4.640000 -0.997381 0.072326
4.650000 -0.998054 0.062349
4.660000 -0.998628 0.052365
4.670000 -0.999102 0.042376
4.680000 -0.999476 0.032383
4.690000 -0.999749 0.022387
4.700000 -0.999923 0.012389
4.710000 -0.999997 0.002389
4.720000 -0.999971 -0.007611
4.730000 -0.999845 -0.017610
4.740000 -0.999619 -0.027608
4.750000 -0.999293 -0.037602
4.760000 -0.998867 -0.047593
4.770000 -0.998341 -0.057579
4.780000 -0.997715 -0.067560
4.790000 -0.996990 -0.077533
4.800000 -0.996165 -0.087499
4.810000 -0.995240 -0.097456
4.820000 -0.994216 -0.107403
4.830000 -0.993092 -0.117340
4.840000 -0.991869 -0.127265
4.850000 -0.990547 -0.137177
4.860000 -0.989125 -0.147076
4.870000 -0.987605 -0.156959
4.880000 -0.985986 -0.166827
4.890000 -0.984269 -0.176679
4.900000 -0.982453 -0.186512
4.910000 -0.980538 -0.196327
4.920000 -0.978526 -0.206123
4.930000 -0.976416 -0.215898
4.940000 -0.974208 -0.225651
4.950000 -0.971903 -0.235381
4.960000 -0.969501 -0.245089
4.970000 -0.967001 -0.254771
4.980000 -0.964405 -0.264428
4.990000 -0.961713 -0.274059
5.000000 -0.958924 -0.283662
5.010000 -0.956040 -0.293237
5.020000 -0.953060 -0.302783
5.030000 -0.949984 -0.312298
5.040000 -0.946814 -0.321782
5.050000 -0.943549 -0.331234
5.060000 -0.940189 -0.340653
5.070000 -0.936736 -0.350037
5.080000 -0.933189 -0.359387
5.090000 -0.929548 -0.368701
5.100000 -0.925815 -0.377978
5.110000 -0.921989 -0.387217
5.120000 -0.918070 -0.396417
5.130000 -0.914060 -0.405578
5.140000 -0.909959 -0.414698
5.150000 -0.905767 -0.423777
5.160000 -0.901484 -0.432813
5.170000 -0.897111 -0.441806
5.180000 -0.892648 -0.450755
5.190000 -0.888096 -0.459659
5.200000 -0.883455 -0.468517
5.210000 -0.878725 -0.477328
5.220000 -0.873908 -0.486091
5.230000 -0.869004 -0.494806
5.240000 -0.864012 -0.503471
5.250000 -0.858935 -0.512085
5.260000 -0.853771 -0.520649
5.270000 -0.848522 -0.529161
5.280000 -0.843188 -0.537619
5.290000 -0.837770 -0.546024
5.300000 -0.832267 -0.554374
5.310000 -0.826682 -0.562669
5.320000 -0.821014 -0.570908
5.330000 -0.815264 -0.579089
5.340000 -0.809433 -0.587213
5.350000 -0.803520 -0.595278
5.360000 -0.797527 -0.603283
5.370000 -0.791455 -0.611228
5.380000 -0.785303 -0.619112
5.390000 -0.779073 -0.626934
5.400000 -0.772765 -0.634693
5.410000 -0.766379 -0.642389
5.420000 -0.759917 -0.650020
5.430000 -0.753379 -0.657587
5.440000 -0.746765 -0.665088
5.450000 -0.740077 -0.672522
5.460000 -0.733315 -0.679889
5.470000 -0.726480 -0.687188
5.480000 -0.719572 -0.694418
5.490000 -0.712592 -0.701579
5.500000 -0.705540 -0.708670
5.510000 -0.698418 -0.715690
5.520000 -0.691227 -0.722638
5.530000 -0.683966 -0.729514
5.540000 -0.676637 -0.736317
5.550000 -0.669240 -0.743046
5.560000 -0.661776 -0.749702
5.570000 -0.654246 -0.756282
5.580000 -0.646651 -0.762786
5.590000 -0.638991 -0.769215
5.600000 -0.631267 -0.775566
5.610000 -0.623480 -0.781840
5.620000 -0.615630 -0.788035
5.630000 -0.607719 -0.794152
5.640000 -0.599747 -0.800189
5.650000 -0.591716 -0.806147
5.660000 -0.583625 -0.812024
5.670000 -0.575475 -0.817819
5.680000 -0.567269 -0.823533
5.690000 -0.559005 -0.829164
5.700000 -0.550686 -0.834713
5.710000 -0.542311 -0.840178
5.720000 -0.533882 -0.845559
5.730000 -0.525400 -0.850855
5.740000 -0.516865 -0.856067
5.750000 -0.508279 -0.861192
5.760000 -0.499642 -0.866232
5.770000 -0.490955 -0.871185
5.780000 -0.482218 -0.876051
5.790000 -0.473434 -0.880829
5.800000 -0.464602 -0.885520
5.810000 -0.455724 -0.890121
5.820000 -0.446800 -0.894634
5.830000 -0.437832 -0.899057
5.840000 -0.428819 -0.903390
5.850000 -0.419764 -0.907633
5.860000 -0.410667 -0.911786
5.870000 -0.401529 -0.915847
5.880000 -0.392350 -0.919816
5.890000 -0.383133 -0.923693
5.900000 -0.373877 -0.927478
5.910000 -0.364583 -0.931171
5.920000 -0.355254 -0.934770
5.930000 -0.345888 -0.938276
5.940000 -0.336488 -0.941688
5.950000 -0.327055 -0.945005
5.960000 -0.317589 -0.948229
5.970000 -0.308091 -0.951357
5.980000 -0.298562 -0.954390
5.990000 -0.289003 -0.957328
6.000000 -0.279416 -0.960170
6.010000 -0.269800 -0.962916
6.020000 -0.260158 -0.965566
6.030000 -0.250489 -0.968120
6.040000 -0.240795 -0.970576
6.050000 -0.231078 -0.972935
6.060000 -0.221337 -0.975197
6.070000 -0.211574 -0.977362
6.080000 -0.201790 -0.979429
6.090000 -0.191986 -0.981398
6.100000 -0.182163 -0.983269
6.110000 -0.172321 -0.985041
6.120000 -0.162462 -0.986715
6.130000 -0.152587 -0.988290
6.140000 -0.142697 -0.989767
6.150000 -0.132792 -0.991144
6.160000 -0.122874 -0.992422
6.170000 -0.112944 -0.993601
6.180000 -0.103002 -0.994681
6.190000 -0.093051 -0.995661
6.200000 -0.083089 -0.996542
6.210000 -0.073120 -0.997323
6.220000 -0.063143 -0.998005
6.230000 -0.053160 -0.998586
6.240000 -0.043172 -0.999068
6.250000 -0.033179 -0.999450
6.260000 -0.023183 -0.999731
6.270000 -0.013185 -0.999913
6.280000 -0.003185 -0.999995
6.290000 0.006815 -0.999977
6.300000 0.016814 -0.999859
6.310000 0.026811 -0.999641
6.320000 0.036806 -0.999323
6.330000 0.046798 -0.998904
6.340000 0.056784 -0.998387
6.350000 0.066765 -0.997769
6.360000 0.076739 -0.997051
6.370000 0.086706 -0.996234
6.380000 0.096664 -0.995317
6.390000 0.106612 -0.994301
6.400000 0.116549 -0.993185
6.410000 0.126475 -0.991970
6.420000 0.136388 -0.990656
6.430000 0.146288 -0.989242
6.440000 0.156173 -0.987730
6.450000 0.166042 -0.986119
6.460000 0.175895 -0.984409
6.470000 0.185730 -0.982601
6.480000 0.195547 -0.980695
6.490000 0.205344 -0.978690
6.500000 0.215120 -0.976588
6.510000 0.224875 -0.974388
6.520000 0.234607 -0.972090
6.530000 0.244316 -0.969696
6.540000 0.254001 -0.967204
6.550000 0.263660 -0.964616
6.560000 0.273293 -0.961931
6.570000 0.282899 -0.959150
6.580000 0.292476 -0.956273
6.590000 0.302024 -0.953301
6.600000 0.311541 -0.950233
6.610000 0.321028 -0.947070
6.620000 0.330482 -0.943812
6.630000 0.339904 -0.940460
6.640000 0.349291 -0.937014
6.650000 0.358644 -0.933475
6.660000 0.367961 -0.929842
6.670000 0.377240 -0.926116
6.680000 0.386483 -0.922297
6.690000 0.395686 -0.918386
6.700000 0.404850 -0.914383
6.710000 0.413973 -0.910289
6.720000 0.423055 -0.906104
6.730000 0.432095 -0.901828
6.740000 0.441092 -0.897462
6.750000 0.450044 -0.893006
6.760000 0.458952 -0.888461
6.770000 0.467813 -0.883828
6.780000 0.476628 -0.879105
6.790000 0.485395 -0.874295
6.800000 0.494113 -0.869398
6.810000 0.502783 -0.864413
6.820000 0.511401 -0.859342
6.830000 0.519969 -0.854185
6.840000 0.528485 -0.848943
6.850000 0.536948 -0.843616
6.860000 0.545357 -0.838204
6.870000 0.553712 -0.832709
6.880000 0.562011 -0.827130
6.890000 0.570254 -0.821469
6.900000 0.578440 -0.815725
6.910000 0.586568 -0.809900
6.920000 0.594638 -0.803994
6.930000 0.602648 -0.798008
6.940000 0.610597 -0.791941
6.950000 0.618486 -0.785796
6.960000 0.626313 -0.779572
6.970000 0.634077 -0.773270
6.980000 0.641778 -0.766890
6.990000 0.649415 -0.760434
7.000000 0.656987 -0.753902
7.010000 0.664493 -0.747295
7.020000 0.671932 -0.740613
7.030000 0.679305 -0.733857
7.040000 0.686609 -0.727027
7.050000 0.693845 -0.720125
7.060000 0.701012 -0.713150
7.070000 0.708108 -0.706105
7.080000 0.715133 -0.698988
7.090000 0.722087 -0.691802
7.100000 0.728969 -0.684547
7.110000 0.735778 -0.677223
7.120000 0.742513 -0.669832
7.130000 0.749175 -0.662373
7.140000 0.755761 -0.654848
7.150000 0.762271 -0.647258
7.160000 0.768706 -0.639603
7.170000 0.775063 -0.631884
7.180000 0.781343 -0.624102
7.190000 0.787545 -0.616258
7.200000 0.793668 -0.608351
7.210000 0.799712 -0.600385
7.220000 0.805676 -0.592358
7.230000 0.811559 -0.584271
7.240000 0.817361 -0.576127
7.250000 0.823081 -0.567924
7.260000 0.828719 -0.559665
7.270000 0.834274 -0.551350
7.280000 0.839746 -0.542980
7.290000 0.845134 -0.534556
7.300000 0.850437 -0.526078
7.310000 0.855655 -0.517547
7.320000 0.860788 -0.508965
7.330000 0.865834 -0.500332
7.340000 0.870794 -0.491648
7.350000 0.875667 -0.482916
7.360000 0.880452 -0.474135
7.370000 0.885150 -0.465307
7.380000 0.889758 -0.456433
7.390000 0.894278 -0.447512
7.400000 0.898708 -0.438547
7.410000 0.903049 -0.429539
7.420000 0.907299 -0.420487
7.430000 0.911458 -0.411393
7.440000 0.915527 -0.402258
7.450000 0.919504 -0.393083
7.460000 0.923388 -0.383868
7.470000 0.927181 -0.374615
7.480000 0.930880 -0.365325
7.490000 0.934487 -0.355998
7.500000 0.938000 -0.346635
7.510000 0.941420 -0.337238
7.520000 0.944745 -0.327807
7.530000 0.947976 -0.318344
7.540000 0.951112 -0.308848
7.550000 0.954153 -0.299322
7.560000 0.957098 -0.289765
7.570000 0.959948 -0.280180
7.580000 0.962702 -0.270567
7.590000 0.965359 -0.260926
7.600000 0.967920 -0.251260
7.610000 0.970384 -0.241568
7.620000 0.972751 -0.231853
7.630000 0.975021 -0.222114
7.640000 0.977194 -0.212352
7.650000 0.979268 -0.202570
7.660000 0.981245 -0.192767
7.670000 0.983124 -0.182946
7.680000 0.984904 -0.173105
7.690000 0.986586 -0.163248
7.700000 0.988169 -0.153374
7.710000 0.989653 -0.143485
7.720000 0.991038 -0.133581
7.730000 0.992325 -0.123664
7.740000 0.993512 -0.113735
7.750000 0.994599 -0.103794
7.760000 0.995587 -0.093843
7.770000 0.996476 -0.083883
7.780000 0.997265 -0.073914
7.790000 0.997954 -0.063938
7.800000 0.998544 -0.053955
7.810000 0.999034 -0.043967
7.820000 0.999423 -0.033975
7.830000 0.999713 -0.023979
7.840000 0.999903 -0.013981
7.850000 0.999993 -0.003982
7.860000 0.999982 0.006018
7.870000 0.999872 0.016018
7.880000 0.999662 0.026015
7.890000 0.999352 0.036011
7.900000 0.998942 0.046002
7.910000 0.998432 0.055989
7.920000 0.997822 0.065970
7.930000 0.997113 0.075945
7.940000 0.996303 0.085912
7.950000 0.995394 0.095871
7.960000 0.994386 0.105820
7.970000 0.993278 0.115758
7.980000 0.992071 0.125685
7.990000 0.990764 0.135599
8.000000 0.989359 0.145500
8.010000 0.987854 0.155386
8.020000 0.986251 0.165257
8.030000 0.984549 0.175111
8.040000 0.982749 0.184948
8.050000 0.980851 0.194766
8.060000 0.978854 0.204564
8.070000 0.976759 0.214342
8.080000 0.974567 0.224099
8.090000 0.972277 0.233833
8.100000 0.969891 0.243544
8.110000 0.967407 0.253231
8.120000 0.964826 0.262892
8.130000 0.962149 0.272527
8.140000 0.959376 0.282135
8.150000 0.956506 0.291714
8.160000 0.953541 0.301265
8.170000 0.950481 0.310785
8.180000 0.947326 0.320274
8.190000 0.944076 0.329731
8.200000 0.940731 0.339155
8.210000 0.937293 0.348545
8.220000 0.933761 0.357901
8.230000 0.930135 0.367220
8.240000 0.926416 0.376503
8.250000 0.922605 0.385748
8.260000 0.918702 0.394955
8.270000 0.914706 0.404122
8.280000 0.910619 0.413249
8.290000 0.906441 0.422334
8.300000 0.902173 0.431377
8.310000 0.897814 0.440377
8.320000 0.893365 0.449333
8.330000 0.888827 0.458244
8.340000 0.884201 0.467110
8.350000 0.879485 0.475928
8.360000 0.874682 0.484699
8.370000 0.869792 0.493421
8.380000 0.864814 0.502095
8.390000 0.859750 0.510717
8.400000 0.854600 0.519289
8.410000 0.849364 0.527809
8.420000 0.844044 0.536276
8.430000 0.838639 0.544690
8.440000 0.833150 0.553049
8.450000 0.827578 0.561352
8.460000 0.821923 0.569600
8.470000 0.816186 0.577791
8.480000 0.810368 0.585924
8.490000 0.804468 0.593998
8.500000 0.798488 0.602013
8.510000 0.792428 0.609967
8.520000 0.786289 0.617861
8.530000 0.780071 0.625693
8.540000 0.773775 0.633462
8.550000 0.767402 0.641168
8.560000 0.760952 0.648810
8.570000 0.754426 0.656387
8.580000 0.747825 0.663898
8.590000 0.741149 0.671343
8.600000 0.734398 0.678721
8.610000 0.727574 0.686031
8.620000 0.720678 0.693272
8.630000 0.713709 0.700444
8.640000 0.706669 0.707546
8.650000 0.699558 0.714577
8.660000 0.692378 0.721537
8.670000 0.685128 0.728425
8.680000 0.677810 0.735240
8.690000 0.670423 0.741981
8.700000 0.662970 0.748648
8.710000 0.655451 0.755240
8.720000 0.647866 0.761757
8.730000 0.640216 0.768197
8.740000 0.632502 0.774561
8.750000 0.624725 0.780847
8.760000 0.616885 0.787055
8.770000 0.608984 0.793185
8.780000 0.601022 0.799235
8.790000 0.593000 0.805205
8.800000 0.584918 0.811094
8.810000 0.576778 0.816903
8.820000 0.568580 0.822630
8.830000 0.560326 0.828274
8.840000 0.552015 0.833836
8.850000 0.543649 0.839315
8.860000 0.535229 0.844709
8.870000 0.526756 0.850019
8.880000 0.518229 0.855244
8.890000 0.509651 0.860384
8.900000 0.501022 0.865437
8.910000 0.492343 0.870404
8.920000 0.483614 0.875284
8.930000 0.474837 0.880076
8.940000 0.466013 0.884780
8.950000 0.457142 0.889396
8.960000 0.448225 0.893923
8.970000 0.439264 0.898361
8.980000 0.430258 0.902708
8.990000 0.421210 0.906966
9.000000 0.412119 0.911132
9.010000 0.402988 0.915208
9.020000 0.393816 0.919192
9.030000 0.384604 0.923084
9.040000 0.375354 0.926884
9.050000 0.366067 0.930591
9.060000 0.356743 0.934205
9.070000 0.347383 0.937726
9.080000 0.337989 0.941153
9.090000 0.328560 0.944486
9.100000 0.319099 0.947724
9.110000 0.309606 0.950868
9.120000 0.300082 0.953916
9.130000 0.290528 0.956869
9.140000 0.280945 0.959727
9.150000 0.271334 0.962488
9.160000 0.261696 0.965153
9.170000 0.252031 0.967722
9.180000 0.242342 0.970194
9.190000 0.232628 0.972569
9.200000 0.222891 0.974846
9.210000 0.213131 0.977027
9.220000 0.203350 0.979109
9.230000 0.193549 0.981094
9.240000 0.183729 0.982980
9.250000 0.173890 0.984768
9.260000 0.164034 0.986458
9.270000 0.154161 0.988049
9.280000 0.144273 0.989541
9.290000 0.134371 0.990934
9.300000 0.124455 0.992229
9.310000 0.114526 0.993424
9.320000 0.104587 0.994519
9.330000 0.094636 0.995515
9.340000 0.084677 0.996412
9.350000 0.074709 0.997209
9.360000 0.064733 0.997906
9.370000 0.054751 0.998504
9.380000 0.044763 0.999001
9.390000 0.034771 0.999399
9.400000 0.024776 0.999697
9.410000 0.014777 0.999895
9.420000 0.004778 0.999992
9.430000 -0.005222 0.999990
9.440000 -0.015222 0.999888
9.450000 -0.025219 0.999686
9.460000 -0.035215 0.999384
9.470000 -0.045207 0.998982
9.480000 -0.055194 0.998480
9.490000 -0.065176 0.997878
9.500000 -0.075151 0.997176
9.510000 -0.085119 0.996375
9.520000 -0.095079 0.995474
9.530000 -0.105028 0.994474
9.540000 -0.114968 0.993374
9.550000 -0.124896 0.992174
9.560000 -0.134811 0.990876
9.570000 -0.144713 0.989478
9.580000 -0.154600 0.987982
9.590000 -0.164472 0.986386
9.600000 -0.174328 0.984692
9.610000 -0.184166 0.982900
9.620000 -0.193985 0.981009
9.630000 -0.203786 0.979021
9.640000 -0.213565 0.976934
9.650000 -0.223324 0.974749
9.660000 -0.233060 0.972468
9.670000 -0.242773 0.970088
9.680000 -0.252462 0.967612
9.690000 -0.262125 0.965039
9.700000 -0.271762 0.962370
9.710000 -0.281372 0.959604
9.720000 -0.290954 0.956743
9.730000 -0.300507 0.953785
9.740000 -0.310029 0.950733
9.750000 -0.319521 0.947585
9.760000 -0.328981 0.944343
9.770000 -0.338408 0.941006
9.780000 -0.347801 0.937575
9.790000 -0.357159 0.934050
9.800000 -0.366481 0.930432
9.810000 -0.375767 0.926721
9.820000 -0.385015 0.922917
9.830000 -0.394225 0.919021
9.840000 -0.403396 0.915032
9.850000 -0.412526 0.910953
9.860000 -0.421614 0.906782
9.870000 -0.430661 0.902521
9.880000 -0.439665 0.898169
9.890000 -0.448624 0.893728
9.900000 -0.457539 0.889197
9.910000 -0.466408 0.884577
9.920000 -0.475230 0.879869
9.930000 -0.484005 0.875073
9.940000 -0.492732 0.870189
9.950000 -0.501409 0.865219
9.960000 -0.510036 0.860162
9.970000 -0.518612 0.855018
9.980000 -0.527136 0.849790
9.990000 -0.535607 0.844476
10.000000 -0.544025 0.839078
10.010000 -0.552389 0.833596
10.020000 -0.560697 0.828030
10.030000 -0.568949 0.822382
10.040000 -0.577144 0.816652
10.050000 -0.585282 0.810840
10.060000 -0.593361 0.804947
10.070000 -0.601381 0.798973
10.080000 -0.609340 0.792919
10.090000 -0.617239 0.786786
10.100000 -0.625076 0.780575
10.110000 -0.632850 0.774285
10.120000 -0.640562 0.767918
10.130000 -0.648209 0.761474
10.140000 -0.655791 0.754954
10.150000 -0.663308 0.748359
10.160000 -0.670758 0.741689
10.170000 -0.678141 0.734944
10.180000 -0.685457 0.728126
10.190000 -0.692704 0.721235
10.200000 -0.699881 0.714273
10.210000 -0.706989 0.707238
10.220000 -0.714026 0.700133
10.230000 -0.720992 0.692958
10.240000 -0.727885 0.685714
10.250000 -0.734706 0.678401
10.260000 -0.741453 0.671020
10.270000 -0.748126 0.663572
10.280000 -0.754725 0.656058
10.290000 -0.761247 0.648478
10.300000 -0.767694 0.640833
10.310000 -0.774064 0.633125
10.320000 -0.780357 0.625353
10.330000 -0.786571 0.617518
10.340000 -0.792707 0.609622
10.350000 -0.798764 0.601664
10.360000 -0.804740 0.593647
10.370000 -0.810637 0.585570
10.380000 -0.816452 0.577434
10.390000 -0.822185 0.569241
10.400000 -0.827837 0.560991
10.410000 -0.833405 0.552685
10.420000 -0.838890 0.544323
10.430000 -0.844292 0.535908
10.440000 -0.849609 0.527438
10.450000 -0.854841 0.518916
10.460000 -0.859987 0.510342
10.470000 -0.865047 0.501717
10.480000 -0.870021 0.493041
10.490000 -0.874908 0.484317
10.500000 -0.879708 0.475543
10.510000 -0.884419 0.466723
10.520000 -0.889043 0.457856
10.530000 -0.893577 0.448942
10.540000 -0.898022 0.439984
10.550000 -0.902377 0.430982
10.560000 -0.906641 0.421937
10.570000 -0.910815 0.412850
10.580000 -0.914899 0.403722
10.590000 -0.918890 0.394553
10.600000 -0.922790 0.385344
10.610000 -0.926597 0.376097
10.620000 -0.930312 0.366813
10.630000 -0.933934 0.357491
10.640000 -0.937462 0.348134
10.650000 -0.940897 0.338743
10.660000 -0.944237 0.329317
10.670000 -0.947483 0.319858
10.680000 -0.950635 0.310368
10.690000 -0.953691 0.300846
10.700000 -0.956652 0.291294
10.710000 -0.959517 0.281714
10.720000 -0.962286 0.272104
10.730000 -0.964959 0.262468
10.740000 -0.967536 0.252806
10.750000 -0.970016 0.243118
10.760000 -0.972399 0.233406
10.770000 -0.974684 0.223670
10.780000 -0.976873 0.213913
10.790000 -0.978963 0.204133
10.800000 -0.980956 0.194334
10.810000 -0.982850 0.184515
10.820000 -0.984646 0.174677
10.830000 -0.986344 0.164822
10.840000 -0.987943 0.154951
10.850000 -0.989444 0.145064
10.860000 -0.990845 0.135162
10.870000 -0.992147 0.125247
10.880000 -0.993350 0.115320
10.890000 -0.994454 0.105381
10.900000 -0.995458 0.095431
10.910000 -0.996363 0.085472
10.920000 -0.997168 0.075504
10.930000 -0.997874 0.065529
10.940000 -0.998480 0.055547
10.950000 -0.998985 0.045560
10.960000 -0.999391 0.035568
10.970000 -0.999697 0.025572
10.980000 -0.999903 0.015574
10.990000 -1.000009 0.005574
11.000000 -1.000015 -0.004426
11.010000 -0.999921 -0.014426
11.020000 -0.999727 -0.024424
11.030000 -0.999434 -0.034420
11.040000 -0.999040 -0.044412
11.050000 -0.998546 -0.054400
11.060000 -0.997952 -0.064383
11.070000 -0.997259 -0.074359
11.080000 -0.996466 -0.084328
11.090000 -0.995573 -0.094288
11.100000 -0.994581 -0.104239
11.110000 -0.993489 -0.114179
11.120000 -0.992298 -0.124109
11.130000 -0.991008 -0.134025
11.140000 -0.989618 -0.143928
11.150000 -0.988130 -0.153817
11.160000 -0.986543 -0.163691
11.170000 -0.984857 -0.173548
11.180000 -0.983072 -0.183388
11.190000 -0.981190 -0.193209
11.200000 -0.979209 -0.203011
11.210000 -0.977130 -0.212793
11.220000 -0.974954 -0.222554
11.230000 -0.972680 -0.232292
11.240000 -0.970309 -0.242007
11.250000 -0.967841 -0.251698
11.260000 -0.965276 -0.261364
11.270000 -0.962614 -0.271004
11.280000 -0.959857 -0.280616
11.290000 -0.957003 -0.290201
11.300000 -0.954054 -0.299756
11.310000 -0.951009 -0.309282
11.320000 -0.947869 -0.318776
11.330000 -0.944634 -0.328239
11.340000 -0.941305 -0.337669
11.350000 -0.937882 -0.347065
11.360000 -0.934365 -0.356427
11.370000 -0.930754 -0.365752
11.380000 -0.927051 -0.375042
11.390000 -0.923254 -0.384293
11.400000 -0.919366 -0.393507
11.410000 -0.915385 -0.402681
11.420000 -0.911313 -0.411815
11.430000 -0.907150 -0.420907
11.440000 -0.902896 -0.429958
11.450000 -0.898552 -0.438965
11.460000 -0.894118 -0.447929
11.470000 -0.889595 -0.456848
11.480000 -0.884982 -0.465721
11.490000 -0.880281 -0.474548
11.500000 -0.875492 -0.483327
11.510000 -0.870616 -0.492058
11.520000 -0.865652 -0.500739
11.530000 -0.860602 -0.509371
11.540000 -0.855466 -0.517952
11.550000 -0.850244 -0.526481
11.560000 -0.844938 -0.534957
11.570000 -0.839546 -0.543380
11.580000 -0.834071 -0.551748
11.590000 -0.828513 -0.560062
11.600000 -0.822871 -0.568319
11.610000 -0.817147 -0.576520
11.620000 -0.811342 -0.584662
11.630000 -0.805455 -0.592747
11.640000 -0.799488 -0.600772
11.650000 -0.793441 -0.608737
11.660000 -0.787315 -0.616641
11.670000 -0.781110 -0.624484
11.680000 -0.774826 -0.632264
11.690000 -0.768466 -0.639981
11.700000 -0.762028 -0.647634
11.710000 -0.755514 -0.655222
11.720000 -0.748925 -0.662745
11.730000 -0.742261 -0.670201
11.740000 -0.735522 -0.677591
11.750000 -0.728710 -0.684913
11.760000 -0.721825 -0.692166
11.770000 -0.714868 -0.699350
11.780000 -0.707839 -0.706464
11.790000 -0.700740 -0.713508
11.800000 -0.693571 -0.720480
11.810000 -0.686332 -0.727380
11.820000 -0.679024 -0.734207
11.830000 -0.671649 -0.740961
11.840000 -0.664207 -0.747641
11.850000 -0.656698 -0.754247
11.860000 -0.649123 -0.760776
11.870000 -0.641483 -0.767230
11.880000 -0.633780 -0.773607
11.890000 -0.626013 -0.779907
11.900000 -0.618183 -0.786129
11.910000 -0.610291 -0.792272
11.920000 -0.602339 -0.798336
11.930000 -0.594326 -0.804320
11.940000 -0.586254 -0.810223
11.950000 -0.578123 -0.816046
11.960000 -0.569934 -0.821787
11.970000 -0.561689 -0.827446
11.980000 -0.553387 -0.833022
11.990000 -0.545029 -0.838515
12.000000 -0.536618 -0.843924
12.010000 -0.528152 -0.849249
12.020000 -0.519634 -0.854489
12.030000 -0.511064 -0.859643
12.040000 -0.502443 -0.864712
12.050000 -0.493771 -0.869694
12.060000 -0.485050 -0.874589
12.070000 -0.476281 -0.879397
12.080000 -0.467463 -0.884116
12.090000 -0.458600 -0.888748
12.100000 -0.449690 -0.893290
12.110000 -0.440735 -0.897743
12.120000 -0.431736 -0.902107
12.130000 -0.422694 -0.906380
12.140000 -0.413610 -0.910563
12.150000 -0.404484 -0.914654
12.160000 -0.395318 -0.918654
12.170000 -0.386112 -0.922563
12.180000 -0.376868 -0.926379
12.190000 -0.367586 -0.930102
12.200000 -0.358267 -0.933733
12.210000 -0.348913 -0.937270
12.220000 -0.339523 -0.940713
12.230000 -0.330100 -0.944063
12.240000 -0.320643 -0.947318
12.250000 -0.311154 -0.950478
12.260000 -0.301635 -0.953543
12.270000 -0.292085 -0.956513
12.280000 -0.282506 -0.959388
12.290000 -0.272898 -0.962166
12.300000 -0.263263 -0.964848
12.310000 -0.253602 -0.967434
12.320000 -0.243916 -0.969923
12.330000 -0.234205 -0.972315
12.340000 -0.224470 -0.974610
12.350000 -0.214714 -0.976807
12.360000 -0.204935 -0.978907
12.370000 -0.195136 -0.980909
12.380000 -0.185318 -0.982813
12.390000 -0.175481 -0.984618
12.400000 -0.165627 -0.986325
12.410000 -0.155755 -0.987934
12.420000 -0.145869 -0.989444
12.430000 -0.135967 -0.990855
12.440000 -0.126052 -0.992166
12.450000 -0.116125 -0.993379
12.460000 -0.106186 -0.994492
12.470000 -0.096236 -0.995506
12.480000 -0.086276 -0.996420
12.490000 -0.076308 -0.997235
12.500000 -0.066332 -0.997950
12.510000 -0.056349 -0.998565
12.520000 -0.046361 -0.999081
12.530000 -0.036368 -0.999496
12.540000 -0.026372 -0.999812
12.550000 -0.016373 -1.000028
12.560000 -0.006372 -1.000143
12.570000 0.003630 -1.000159
12.580000 0.013631 -1.000075
12.590000 0.023631 -0.999890
12.600000 0.033629 -0.999606
12.610000 0.043623 -0.999222
12.620000 0.053613 -0.998738
12.630000 0.063598 -0.998154
12.640000 0.073576 -0.997470
12.650000 0.083547 -0.996687
12.660000 0.093510 -0.995804
12.670000 0.103463 -0.994821
12.680000 0.113406 -0.993739
12.690000 0.123338 -0.992557
12.700000 0.133258 -0.991277
12.710000 0.143164 -0.989897
12.720000 0.153056 -0.988418
12.730000 0.162933 -0.986840
12.740000 0.172793 -0.985164
12.750000 0.182637 -0.983389
12.760000 0.192462 -0.981516
12.770000 0.202268 -0.979545
12.780000 0.212053 -0.977476
12.790000 0.221818 -0.975309
12.800000 0.231560 -0.973045
12.810000 0.241280 -0.970683
12.820000 0.250975 -0.968224
12.830000 0.260645 -0.965669
12.840000 0.270289 -0.963017
12.850000 0.279907 -0.960269
12.860000 0.289496 -0.957424
12.870000 0.299056 -0.954484
12.880000 0.308587 -0.951449
12.890000 0.318087 -0.948318
12.900000 0.327555 -0.945092
12.910000 0.336990 -0.941773
12.920000 0.346392 -0.938358
12.930000 0.355759 -0.934850
12.940000 0.365091 -0.931249
12.950000 0.374386 -0.927555
12.960000 0.383644 -0.923767
12.970000 0.392864 -0.919888
12.980000 0.402044 -0.915916
12.990000 0.411184 -0.911853
13.000000 0.420284 -0.907698
13.010000 0.429341 -0.903453
13.020000 0.438355 -0.899118
13.030000 0.447326 -0.894693
13.040000 0.456252 -0.890178
13.050000 0.465132 -0.885574
13.060000 0.473966 -0.880881
13.070000 0.482753 -0.876101
13.080000 0.491492 -0.871233
13.090000 0.500181 -0.866278
13.100000 0.508821 -0.861236
13.110000 0.517409 -0.856108
13.120000 0.525946 -0.850894
13.130000 0.534431 -0.845596
13.140000 0.542862 -0.840213
13.150000 0.551239 -0.834745
13.160000 0.559561 -0.829195
13.170000 0.567827 -0.823561
13.180000 0.576037 -0.817845
13.190000 0.584189 -0.812047
13.200000 0.592282 -0.806168
13.210000 0.600317 -0.800209
13.220000 0.608291 -0.794169
13.230000 0.616205 -0.788050
13.240000 0.624057 -0.781852
13.250000 0.631847 -0.775576
13.260000 0.639574 -0.769222
13.270000 0.647237 -0.762791
13.280000 0.654836 -0.756285
13.290000 0.662369 -0.749702
13.300000 0.669836 -0.743045
13.310000 0.677236 -0.736313
13.320000 0.684569 -0.729507
13.330000 0.691833 -0.722629
13.340000 0.699028 -0.715678
13.350000 0.706153 -0.708655
13.360000 0.713208 -0.701562
13.370000 0.720191 -0.694399
13.380000 0.727103 -0.687166
13.390000 0.733942 -0.679864
13.400000 0.740708 -0.672494
13.410000 0.747400 -0.665057
13.420000 0.754017 -0.657554
13.430000 0.760559 -0.649985
13.440000 0.767025 -0.642350
13.450000 0.773414 -0.634652
13.460000 0.779727 -0.626890
13.470000 0.785961 -0.619065
13.480000 0.792117 -0.611178
13.490000 0.798194 -0.603230
13.500000 0.804191 -0.595221
13.510000 0.810108 -0.587153
13.520000 0.815944 -0.579027
13.530000 0.821698 -0.570842
13.540000 0.827371 -0.562600
13.550000 0.832960 -0.554302
13.560000 0.838467 -0.545948
13.570000 0.843890 -0.537540
13.580000 0.849229 -0.529078
13.590000 0.854483 -0.520563
13.600000 0.859652 -0.511996
13.610000 0.864734 -0.503377
13.620000 0.869731 -0.494708
13.630000 0.874641 -0.485990
13.640000 0.879463 -0.477223
13.650000 0.884198 -0.468408
13.660000 0.888844 -0.459546
13.670000 0.893401 -0.450638
13.680000 0.897870 -0.441685
13.690000 0.902248 -0.432687
13.700000 0.906537 -0.423647
13.710000 0.910735 -0.414564
13.720000 0.914842 -0.405439
13.730000 0.918858 -0.396273
13.740000 0.922783 -0.387068
13.750000 0.926615 -0.377824
13.760000 0.930354 -0.368542
13.770000 0.934001 -0.359224
13.780000 0.937554 -0.349869
13.790000 0.941014 -0.340479
13.800000 0.944380 -0.331055
13.810000 0.947651 -0.321597
13.820000 0.950828 -0.312108
13.830000 0.953910 -0.302587
13.840000 0.956897 -0.293035
13.850000 0.959788 -0.283454
13.860000 0.962584 -0.273845
13.870000 0.965283 -0.264208
13.880000 0.967886 -0.254545
13.890000 0.970393 -0.244856
13.900000 0.972802 -0.235142
13.910000 0.975114 -0.225404
13.920000 0.977329 -0.215644
13.930000 0.979447 -0.205863
13.940000 0.981467 -0.196060
13.950000 0.983388 -0.186238
13.960000 0.985212 -0.176396
13.970000 0.986937 -0.166537
13.980000 0.988563 -0.156662
13.990000 0.990091 -0.146770
14.000000 0.991520 -0.136863
14.010000 0.992851 -0.126943
14.020000 0.994082 -0.117009
14.030000 0.995213 -0.107064
14.040000 0.996246 -0.097108
14.050000 0.997178 -0.087142
14.060000 0.998012 -0.077167
14.070000 0.998746 -0.067184
14.080000 0.999380 -0.057194
14.090000 0.999914 -0.047198
14.100000 1.000348 -0.037197
14.110000 1.000683 -0.027192
14.120000 1.000917 -0.017184
14.130000 1.001052 -0.007175
14.140000 1.001087 0.002836
14.150000 1.001021 0.012847
14.160000 1.000856 0.022857
14.170000 1.000591 0.032864
14.180000 1.000226 0.042869
14.190000 0.999761 0.052870
14.200000 0.999197 0.062865
14.210000 0.998532 0.072855
14.220000 0.997768 0.082838
14.230000 0.996904 0.092812
14.240000 0.995941 0.102778
14.250000 0.994878 0.112734
14.260000 0.993716 0.122679
14.270000 0.992455 0.132612
14.280000 0.991094 0.142532
14.290000 0.989635 0.152438
14.300000 0.988076 0.162329
14.310000 0.986420 0.172204
14.320000 0.984664 0.182062
14.330000 0.982810 0.191903
14.340000 0.980858 0.201725
14.350000 0.978809 0.211526
14.360000 0.976661 0.221308
14.370000 0.974416 0.231067
14.380000 0.972073 0.240803
14.390000 0.969634 0.250516
14.400000 0.967097 0.260205
14.410000 0.964464 0.269867
14.420000 0.961735 0.279503
14.430000 0.958910 0.289112
14.440000 0.955989 0.298692
14.450000 0.952972 0.308243
14.460000 0.949860 0.317763
14.470000 0.946653 0.327252
14.480000 0.943352 0.336708
14.490000 0.939957 0.346132
14.500000 0.936467 0.355521
14.510000 0.932884 0.364875
14.520000 0.929208 0.374193
14.530000 0.925439 0.383475
14.540000 0.921577 0.392718
14.550000 0.917624 0.401922
14.560000 0.913578 0.411087
14.570000 0.909442 0.420212
14.580000 0.905214 0.429294
14.590000 0.900896 0.438335
14.600000 0.896488 0.447332
14.610000 0.891990 0.456284
14.620000 0.887404 0.465192
14.630000 0.882728 0.474054
14.640000 0.877964 0.482869
14.650000 0.873113 0.491636
14.660000 0.868174 0.500355
14.670000 0.863149 0.509024
14.680000 0.858037 0.517643
14.690000 0.852839 0.526210
14.700000 0.847556 0.534726
14.710000 0.842188 0.543188
14.720000 0.836736 0.551597
14.730000 0.831200 0.559952
14.740000 0.825582 0.568251
14.750000 0.819880 0.576494
14.760000 0.814097 0.584680
14.770000 0.808232 0.592808
14.780000 0.802286 0.600877
14.790000 0.796260 0.608887
14.800000 0.790154 0.616837
14.810000 0.783969 0.624726
14.820000 0.777706 0.632553
14.830000 0.771364 0.640317
14.840000 0.764946 0.648018
14.850000 0.758451 0.655655
14.860000 0.751880 0.663228
14.870000 0.745233 0.670734
14.880000 0.738512 0.678174
14.890000 0.731717 0.685547
14.900000 0.724849 0.692853
14.910000 0.717908 0.700089
14.920000 0.710895 0.707257
14.930000 0.703810 0.714355
14.940000 0.696656 0.721381
14.950000 0.689431 0.728337
14.960000 0.682137 0.735220
14.970000 0.674775 0.742031
14.980000 0.667345 0.748768
14.990000 0.659848 0.755432
15.000000 0.652284 0.762020
15.010000 0.644656 0.768533
15.020000 0.636962 0.774971
15.030000 0.629205 0.781331
15.040000 0.621384 0.787614
15.050000 0.613501 0.793820
15.060000 0.605556 0.799946
15.070000 0.597550 0.805994
15.080000 0.589484 0.811962
15.090000 0.581359 0.817849
15.100000 0.573175 0.823656
15.110000 0.564934 0.829381
15.120000 0.556636 0.835025
15.130000 0.548281 0.840585
15.140000 0.539871 0.846063
15.150000 0.531407 0.851456
15.160000 0.522890 0.856766
15.170000 0.514319 0.861991
15.180000 0.505697 0.867130
15.190000 0.497023 0.872184
15.200000 0.488299 0.877151
15.210000 0.479526 0.882032
15.220000 0.470705 0.886826
15.230000 0.461835 0.891532
15.240000 0.452919 0.896149
15.250000 0.443957 0.900678
15.260000 0.434950 0.905118
15.270000 0.425899 0.909468
15.280000 0.416805 0.913729
15.290000 0.407668 0.917899
15.300000 0.398490 0.921978
15.310000 0.389271 0.925966
15.320000 0.380013 0.929863
15.330000 0.370716 0.933668
15.340000 0.361380 0.937380
15.350000 0.352008 0.940999
15.360000 0.342600 0.944526
15.370000 0.333157 0.947959
15.380000 0.323680 0.951298
15.390000 0.314169 0.954544
15.400000 0.304627 0.957695
15.410000 0.295052 0.960751
15.420000 0.285448 0.963712
15.430000 0.275813 0.966578
15.440000 0.266151 0.969348
15.450000 0.256460 0.972023
15.460000 0.246743 0.974601
15.470000 0.237000 0.977083
15.480000 0.227233 0.979468
15.490000 0.217441 0.981757
15.500000 0.207627 0.983948
15.510000 0.197791 0.986042
15.520000 0.187933 0.988039
15.530000 0.178056 0.989938
15.540000 0.168160 0.991738
15.550000 0.158246 0.993441
15.560000 0.148314 0.995046
15.570000 0.138367 0.996552
15.580000 0.128404 0.997960
15.590000 0.118427 0.999269
15.600000 0.108437 1.000479
15.610000 0.098434 1.001590
15.620000 0.088420 1.002602
15.630000 0.078396 1.003515
15.640000 0.068363 1.004329
15.650000 0.058321 1.005044
15.660000 0.048272 1.005659
15.670000 0.038216 1.006174
15.680000 0.028155 1.006590
15.690000 0.018089 1.006906
15.700000 0.008020 1.007123
15.710000 -0.002051 1.007240
15.720000 -0.012125 1.007258
15.730000 -0.022198 1.007176
15.740000 -0.032272 1.006994
15.750000 -0.042344 1.006713
15.760000 -0.052414 1.006331
15.770000 -0.062480 1.005851
15.780000 -0.072542 1.005271
15.790000 -0.082599 1.004591
15.800000 -0.092649 1.003812
15.810000 -0.102693 1.002933
15.820000 -0.112728 1.001956
15.830000 -0.122754 1.000879
15.840000 -0.132770 0.999703
15.850000 -0.142775 0.998428
15.860000 -0.152768 0.997054
15.870000 -0.162748 0.995581
15.880000 -0.172714 0.994010
15.890000 -0.182665 0.992340
15.900000 -0.192600 0.990572
15.910000 -0.202518 0.988706
15.920000 -0.212419 0.986742
15.930000 -0.222300 0.984680
15.940000 -0.232163 0.982521
15.950000 -0.242004 0.980264
15.960000 -0.251824 0.977910
15.970000 -0.261622 0.975459
15.980000 -0.271396 0.972912
15.990000 -0.281145 0.970267
16.000000 -0.290870 0.967527
16.010000 -0.300568 0.964691
16.020000 -0.310239 0.961758
16.030000 -0.319882 0.958731
16.040000 -0.329496 0.955608
16.050000 -0.339080 0.952391
16.060000 -0.348633 0.949078
16.070000 -0.358154 0.945672
16.080000 -0.367643 0.942171
16.090000 -0.377098 0.938577
16.100000 -0.386519 0.934890
16.110000 -0.395904 0.931110
16.120000 -0.405253 0.927237
16.130000 -0.414565 0.923272
16.140000 -0.423839 0.919215
16.150000 -0.433075 0.915067
16.160000 -0.442270 0.910827
16.170000 -0.451425 0.906497
16.180000 -0.460538 0.902076
16.190000 -0.469609 0.897566
16.200000 -0.478636 0.892966
16.210000 -0.487620 0.888277
16.220000 -0.496558 0.883500
16.230000 -0.505451 0.878634
16.240000 -0.514297 0.873680
16.250000 -0.523096 0.868640
16.260000 -0.531847 0.863512
16.270000 -0.540548 0.858298
16.280000 -0.549200 0.852999
16.290000 -0.557800 0.847614
16.300000 -0.566350 0.842144
16.310000 -0.574847 0.836590
16.320000 -0.583291 0.830952
16.330000 -0.591680 0.825230
16.340000 -0.600016 0.819426
16.350000 -0.608295 0.813540
16.360000 -0.616519 0.807572
16.370000 -0.624685 0.801522
16.380000 -0.632794 0.795392
16.390000 -0.640844 0.789182
16.400000 -0.648835 0.782893
16.410000 -0.656766 0.776524
16.420000 -0.664636 0.770077
16.430000 -0.672444 0.763553
16.440000 -0.680190 0.756951
16.450000 -0.687874 0.750273
16.460000 -0.695493 0.743519
16.470000 -0.703049 0.736689
16.480000 -0.710539 0.729785
16.490000 -0.717964 0.722807
16.500000 -0.725322 0.715755
16.510000 -0.732613 0.708630
16.520000 -0.739836 0.701433
16.530000 -0.746991 0.694165
16.540000 -0.754076 0.686826
16.550000 -0.761092 0.679416
16.560000 -0.768038 0.671937
16.570000 -0.774912 0.664390
16.580000 -0.781715 0.656774
16.590000 -0.788445 0.649090
16.600000 -0.795103 0.641339
16.610000 -0.801687 0.633523
16.620000 -0.808197 0.625641
16.630000 -0.814632 0.617694
16.640000 -0.820992 0.609683
16.650000 -0.827276 0.601609
16.660000 -0.833484 0.593472
16.670000 -0.839615 0.585274
16.680000 -0.845668 0.577014
16.690000 -0.851643 0.568694
16.700000 -0.857539 0.560314
16.710000 -0.863357 0.551875
16.720000 -0.869094 0.543378
16.730000 -0.874752 0.534823
16.740000 -0.880328 0.526212
16.750000 -0.885824 0.517544
16.760000 -0.891237 0.508822
16.770000 -0.896569 0.500045
16.780000 -0.901818 0.491214
16.790000 -0.906984 0.482330
16.800000 -0.912066 0.473394
16.810000 -0.917064 0.464407
16.820000 -0.921978 0.455369
16.830000 -0.926806 0.446281
16.840000 -0.931550 0.437145
16.850000 -0.936207 0.427960
16.860000 -0.940779 0.418727
16.870000 -0.945263 0.409448
16.880000 -0.949661 0.400123
16.890000 -0.953972 0.390752
16.900000 -0.958195 0.381338
16.910000 -0.962329 0.371879
16.920000 -0.966375 0.362379
16.930000 -0.970333 0.352836
16.940000 -0.974201 0.343252
16.950000 -0.977980 0.333628
16.960000 -0.981669 0.323964
16.970000 -0.985267 0.314261
16.980000 -0.988776 0.304521
16.990000 -0.992193 0.294743
17.000000 -0.995519 0.284929
17.010000 -0.998755 0.275080
17.020000 -1.001898 0.265196
17.030000 -1.004950 0.255278
17.040000 -1.007909 0.245327
17.050000 -1.010776 0.235344
17.060000 -1.013550 0.225330
17.070000 -1.016232 0.215285
17.080000 -1.018820 0.205210
17.090000 -1.021315 0.195106
17.100000 -1.023717 0.184974
17.110000 -1.026025 0.174814
17.120000 -1.028239 0.164628
17.130000 -1.030358 0.154416
17.140000 -1.032384 0.144180
17.150000 -1.034315 0.133919
17.160000 -1.036151 0.123635
17.170000 -1.037893 0.113328
17.180000 -1.039540 0.103000
17.190000 -1.041091 0.092650
17.200000 -1.042548 0.082281
17.210000 -1.043909 0.071892
17.220000 -1.045174 0.061485
17.230000 -1.046344 0.051060
17.240000 -1.047419 0.040618
17.250000 -1.048398 0.030160
17.260000 -1.049281 0.019686
17.270000 -1.050068 0.009198
17.280000 -1.050759 -0.001303
17.290000 -1.051354 -0.011818
17.300000 -1.051854 -0.022345
17.310000 -1.052257 -0.032884
17.320000 -1.052564 -0.043433
17.330000 -1.052775 -0.053992
17.340000 -1.052889 -0.064560
17.350000 -1.052908 -0.075137
17.360000 -1.052830 -0.085721
17.370000 -1.052657 -0.096312
17.380000 -1.052387 -0.106910
17.390000 -1.052021 -0.117512
17.400000 -1.051558 -0.128120
17.410000 -1.051000 -0.138731
17.420000 -1.050346 -0.149346
17.430000 -1.049595 -0.159963
17.440000 -1.048749 -0.170582
17.450000 -1.047807 -0.181201
17.460000 -1.046769 -0.191822
17.470000 -1.045635 -0.202442
17.480000 -1.044406 -0.213061
17.490000 -1.043081 -0.223678
17.500000 -1.041660 -0.234292
17.510000 -1.040144 -0.244904
17.520000 -1.038533 -0.255512
17.530000 -1.036826 -0.266116
17.540000 -1.035025 -0.276714
17.550000 -1.033129 -0.287307
17.560000 -1.031137 -0.297893
17.570000 -1.029051 -0.308473
17.580000 -1.026871 -0.319045
17.590000 -1.024596 -0.329608
17.600000 -1.022227 -0.340163
17.610000 -1.019763 -0.350708
17.620000 -1.017206 -0.361244
17.630000 -1.014555 -0.371768
17.640000 -1.011811 -0.382282
17.650000 -1.008972 -0.392784
17.660000 -1.006041 -0.403273
17.670000 -1.003017 -0.413750
17.680000 -0.999899 -0.424213
17.690000 -0.996689 -0.434663
17.700000 -0.993387 -0.445098
17.710000 -0.989992 -0.455518
17.720000 -0.986505 -0.465923
17.730000 -0.982926 -0.476312
17.740000 -0.979255 -0.486685
17.750000 -0.975493 -0.497041
17.760000 -0.971640 -0.507379
17.770000 -0.967695 -0.517700
17.780000 -0.963660 -0.528003
17.790000 -0.959534 -0.538287
17.800000 -0.955318 -0.548553
17.810000 -0.951011 -0.558799
17.820000 -0.946615 -0.569026
17.830000 -0.942128 -0.579233
17.840000 -0.937553 -0.589419
17.850000 -0.932887 -0.599585
17.860000 -0.928133 -0.609730
17.870000 -0.923290 -0.619854
17.880000 -0.918359 -0.629957
17.890000 -0.913339 -0.640037
17.900000 -0.908230 -0.650096
17.910000 -0.903034 -0.660133
17.920000 -0.897750 -0.670147
17.930000 -0.892379 -0.680139
17.940000 -0.886920 -0.690108
17.950000 -0.881375 -0.700054
17.960000 -0.875742 -0.709977
17.970000 -0.870023 -0.719878
17.980000 -0.864218 -0.729755
17.990000 -0.858326 -0.739609
18.000000 -0.852348 -0.749440
18.010000 -0.846284 -0.759247
18.020000 -0.840135 -0.769032
18.030000 -0.833900 -0.778793
18.040000 -0.827580 -0.788531
18.050000 -0.821175 -0.798246
18.060000 -0.814685 -0.807939
18.070000 -0.808111 -0.817609
18.080000 -0.801451 -0.827256
18.090000 -0.794707 -0.836881
18.100000 -0.787879 -0.846483
18.110000 -0.780967 -0.856064
18.120000 -0.773970 -0.865624
18.130000 -0.766889 -0.875162
18.140000 -0.759725 -0.884680
18.150000 -0.752476 -0.894177
18.160000 -0.745144 -0.903654
18.170000 -0.737728 -0.913112
18.180000 -0.730228 -0.922551
18.190000 -0.722645 -0.931972
18.200000 -0.714978 -0.941375
18.210000 -0.707227 -0.950760
18.220000 -0.699392 -0.960130
18.230000 -0.691474 -0.969484
18.240000 -0.683471 -0.978823
18.250000 -0.675385 -0.988148
18.260000 -0.667214 -0.997460
18.270000 -0.658959 -1.006761
18.280000 -0.650620 -1.016050
18.290000 -0.642196 -1.025329
18.300000 -0.633686 -1.034600
18.310000 -0.625092 -1.043863
18.320000 -0.616413 -1.053119
18.330000 -0.607647 -1.062371
18.340000 -0.598795 -1.071620
18.350000 -0.589857 -1.080867
18.360000 -0.580832 -1.090113
18.370000 -0.571719 -1.099361
18.380000 -0.562518 -1.108612
18.390000 -0.553228 -1.117868
18.400000 -0.543849 -1.127131
18.410000 -0.534381 -1.136404
18.420000 -0.524821 -1.145688
18.430000 -0.515170 -1.154986
18.440000 -0.505426 -1.164300
18.450000 -0.495590 -1.173632
18.460000 -0.485659 -1.182987
18.470000 -0.475632 -1.192366
18.480000 -0.465509 -1.201772
18.490000 -0.455288 -1.211209
18.500000 -0.444969 -1.220680
18.510000 -0.434548 -1.230188
18.520000 -0.424026 -1.239738
18.530000 -0.413400 -1.249333
18.540000 -0.402669 -1.258977
18.550000 -0.391830 -1.268676
18.560000 -0.380882 -1.278433
18.570000 -0.369823 -1.288253
18.580000 -0.358651 -1.298142
18.590000 -0.347362 -1.308105
18.600000 -0.335955 -1.318148
18.610000 -0.324427 -1.328277
18.620000 -0.312774 -1.338499
18.630000 -0.300994 -1.348821
18.640000 -0.289083 -1.359249
18.650000 -0.277038 -1.369793
18.660000 -0.264854 -1.380459
18.670000 -0.252528 -1.391258
18.680000 -0.240056 -1.402198
18.690000 -0.227432 -1.413289
18.700000 -0.214651 -1.424542
18.710000 -0.201709 -1.435969
18.720000 -0.188599 -1.447582
18.730000 -0.175315 -1.459393
18.740000 -0.161851 -1.471418
18.750000 -0.148198 -1.483670
18.760000 -0.134350 -1.496166
18.770000 -0.120298 -1.508923
18.780000 -0.106032 -1.521960
18.790000 -0.091544 -1.535297
18.800000 -0.076823 -1.548956
18.810000 -0.061857 -1.562961
18.820000 -0.046633 -1.577335
18.830000 -0.031139 -1.592109
18.840000 -0.015360 -1.607310
18.850000 0.000721 -1.622973
18.860000 0.017120 -1.639132
18.870000 0.033857 -1.655828
18.880000 0.050952 -1.673102
18.890000 0.068428 -1.691001
18.900000 0.086311 -1.709579
18.910000 0.104629 -1.728891
18.920000 0.123411 -1.749002
18.930000 0.142693 -1.769982
18.940000 0.162511 -1.791910
18.950000 0.182909 -1.814872
18.960000 0.203933 -1.838969
18.970000 0.225637 -1.864312
18.980000 0.248082 -1.891025
18.990000 0.271334 -1.919252
19.000000 0.295472 -1.949156
19.010000 0.320583 -1.980925
19.020000 0.346771 -2.014773
19.030000 0.374152 -2.050953
19.040000 0.402864 -2.089755
19.050000 0.433067 -2.131526
19.060000 0.464952 -2.176674
19.070000 0.498745 -2.225687
19.080000 0.534717 -2.279154
19.090000 0.573199 -2.337797
19.100000 0.614597 -2.402505
19.110000 0.659417 -2.474388
19.120000 0.708301 -2.554862
19.130000 0.762070 -2.645755
19.140000 0.821809 -2.749478
19.150000 0.888972 -2.869291
19.160000 0.965572 -3.009726
19.170000 1.054490 -3.177302
19.180000 1.160031 -3.381806
19.190000 1.288976 -3.638743
19.200000 1.452802 -3.974490
19.210000 1.672933 -4.438551
19.220000 1.995609 -5.138374
19.230000 2.547957 -6.371080
19.240000 3.912661 -9.507039


0.000000 0.000000 1.000000
0.010000 -0.010000 0.999950
0.020000 -0.019999 0.999800
0.030000 -0.029996 0.999550
0.040000 -0.039989 0.999200
0.050000 -0.049979 0.998750
0.060000 -0.059964 0.998201
0.070000 -0.069943 0.997551
0.080000 -0.079915 0.996802
0.090000 -0.089879 0.995953
0.100000 -0.099833 0.995004
0.110000 -0.109778 0.993956
0.120000 -0.119712 0.992809
0.130000 -0.129634 0.991562
0.140000 -0.139543 0.990216
0.150000 -0.149438 0.988771
0.160000 -0.159318 0.987227
0.170000 -0.169182 0.985585
0.180000 -0.179030 0.983844
0.190000 -0.188859 0.982004
0.200000 -0.198669 0.980067
0.210000 -0.208460 0.978031
0.220000 -0.218230 0.975897
0.230000 -0.227978 0.973666
0.240000 -0.237703 0.971338
0.250000 -0.247404 0.968912
0.260000 -0.257081 0.966390
0.270000 -0.266731 0.963771
0.280000 -0.276356 0.961055
0.290000 -0.285952 0.958244
0.300000 -0.295520 0.955336
0.310000 -0.305059 0.952334
0.320000 -0.314567 0.949235
0.330000 -0.324043 0.946042
0.340000 -0.333487 0.942755
0.350000 -0.342898 0.939373
0.360000 -0.352274 0.935897
0.370000 -0.361615 0.932327
0.380000 -0.370920 0.928665
0.390000 -0.380188 0.924909
0.400000 -0.389418 0.921061
0.410000 -0.398609 0.917121
0.420000 -0.407760 0.913089
0.430000 -0.416871 0.908966
0.440000 -0.425939 0.904752
0.450000 -0.434966 0.900447
0.460000 -0.443948 0.896052
0.470000 -0.452886 0.891568
0.480000 -0.461779 0.886995
0.490000 -0.470626 0.882333
0.500000 -0.479426 0.877583
0.510000 -0.488177 0.872745
0.520000 -0.496880 0.867819
0.530000 -0.505533 0.862807
0.540000 -0.514136 0.857709
0.550000 -0.522687 0.852525
0.560000 -0.531186 0.847255
0.570000 -0.539632 0.841901
0.580000 -0.548024 0.836463
0.590000 -0.556361 0.830941
0.600000 -0.564642 0.825336
0.610000 -0.572867 0.819648
0.620000 -0.581035 0.813878
0.630000 -0.589145 0.808028
0.640000 -0.597195 0.802096
0.650000 -0.605186 0.796084
0.660000 -0.613117 0.789992
0.670000 -0.620986 0.783822
0.680000 -0.628793 0.777573
0.690000 -0.636537 0.771246
0.700000 -0.644218 0.764842
0.710000 -0.651834 0.758362
0.720000 -0.659385 0.751806
0.730000 -0.666870 0.745174
0.740000 -0.674288 0.738469
0.750000 -0.681639 0.731689
0.760000 -0.688921 0.724836
0.770000 -0.696135 0.717911
0.780000 -0.703279 0.710914
0.790000 -0.710353 0.703845
0.800000 -0.717356 0.696707
0.810000 -0.724287 0.689498
0.820000 -0.731146 0.682221
0.830000 -0.737931 0.674876
0.840000 -0.744643 0.667463
0.850000 -0.751280 0.659983
0.860000 -0.757843 0.652437
0.870000 -0.764329 0.644827
0.880000 -0.770739 0.637151
0.890000 -0.777072 0.629412
0.900000 -0.783327 0.621610
0.910000 -0.789504 0.613746
0.920000 -0.795602 0.605820
0.930000 -0.801620 0.597834
0.940000 -0.807558 0.589788
0.950000 -0.813416 0.581683
0.960000 -0.819192 0.573520
0.970000 -0.824886 0.565300
0.980000 -0.830497 0.557023
0.990000 -0.836026 0.548690
1.000000 -0.841471 0.540302
1.010000 -0.846832 0.531861
1.020000 -0.852108 0.523366
1.030000 -0.857299 0.514819
1.040000 -0.862404 0.506220
1.050000 -0.867423 0.497571
1.060000 -0.872355 0.488872
1.070000 -0.877201 0.480124
1.080000 -0.881958 0.471328
1.090000 -0.886627 0.462485
1.100000 -0.891207 0.453596
1.110000 -0.895699 0.444662
1.120000 -0.900100 0.435682
1.130000 -0.904412 0.426660
1.140000 -0.908633 0.417595
1.150000 -0.912764 0.408487
1.160000 -0.916803 0.399340
1.170000 -0.920751 0.390152
1.180000 -0.924606 0.380925
1.190000 -0.928369 0.371660
1.200000 -0.932039 0.362358
1.210000 -0.935616 0.353019
1.220000 -0.939099 0.343646
1.230000 -0.942489 0.334238
1.240000 -0.945784 0.324796
1.250000 -0.948985 0.315322
1.260000 -0.952090 0.305817
1.270000 -0.955101 0.296281
1.280000 -0.958016 0.286715
1.290000 -0.960835 0.277121
1.300000 -0.963558 0.267499
1.310000 -0.966185 0.257850
1.320000 -0.968715 0.248175
1.330000 -0.971148 0.238476
1.340000 -0.973485 0.228753
1.350000 -0.975723 0.219007
1.360000 -0.977865 0.209239
1.370000 -0.979908 0.199450
1.380000 -0.981854 0.189641
1.390000 -0.983701 0.179813
1.400000 -0.985450 0.169967
1.410000 -0.987100 0.160104
1.420000 -0.988652 0.150225
1.430000 -0.990105 0.140332
1.440000 -0.991458 0.130424
1.450000 -0.992713 0.120503
1.460000 -0.993868 0.110570
1.470000 -0.994924 0.100626
1.480000 -0.995881 0.090672
1.490000 -0.996738 0.080708
1.500000 -0.997495 0.070737
1.510000 -0.998152 0.060759
1.520000 -0.998710 0.050774
1.530000 -0.999168 0.040785
1.540000 -0.999526 0.030791
1.550000 -0.999784 0.020795
1.560000 -0.999942 0.010796
1.570000 -1.000000 0.000796
1.580000 -0.999958 -0.009204
1.590000 -0.999816 -0.019202
1.600000 -0.999574 -0.029200
1.610000 -0.999232 -0.039194
1.620000 -0.998790 -0.049184
1.630000 -0.998248 -0.059169
1.640000 -0.997606 -0.069148
1.650000 -0.996865 -0.079121
1.660000 -0.996024 -0.089085
1.670000 -0.995083 -0.099041
1.680000 -0.994043 -0.108987
1.690000 -0.992904 -0.118922
1.700000 -0.991665 -0.128844
1.710000 -0.990327 -0.138755
1.720000 -0.988890 -0.148651
1.730000 -0.987354 -0.158532
1.740000 -0.985719 -0.168397
1.750000 -0.983986 -0.178246
1.760000 -0.982154 -0.188077
1.770000 -0.980224 -0.197889
1.780000 -0.978197 -0.207681
1.790000 -0.976071 -0.217452
1.800000 -0.973848 -0.227202
1.810000 -0.971527 -0.236929
1.820000 -0.969109 -0.246632
1.830000 -0.966594 -0.256311
1.840000 -0.963983 -0.265964
1.850000 -0.961275 -0.275590
1.860000 -0.958471 -0.285189
1.870000 -0.955572 -0.294759
1.880000 -0.952576 -0.304300
1.890000 -0.949486 -0.313811
1.900000 -0.946300 -0.323290
1.910000 -0.943020 -0.332736
1.920000 -0.939645 -0.342150
1.930000 -0.936177 -0.351529
1.940000 -0.932615 -0.360873
1.950000 -0.928960 -0.370181
1.960000 -0.925212 -0.379452
1.970000 -0.921371 -0.388685
1.980000 -0.917438 -0.397879
1.990000 -0.913413 -0.407033
2.000000 -0.909297 -0.416147
2.010000 -0.905091 -0.425219
2.020000 -0.900793 -0.434248
2.030000 -0.896406 -0.443234
2.040000 -0.891929 -0.452176
2.050000 -0.887362 -0.461073
2.060000 -0.882707 -0.469923
2.070000 -0.877964 -0.478727
2.080000 -0.873133 -0.487482
2.090000 -0.868215 -0.496189
2.100000 -0.863209 -0.504846
2.110000 -0.858118 -0.513453
2.120000 -0.852940 -0.522008
2.130000 -0.847678 -0.530511
2.140000 -0.842330 -0.538961
2.150000 -0.836899 -0.547358
2.160000 -0.831383 -0.555699
2.170000 -0.825785 -0.563985
2.180000 -0.820104 -0.572215
2.190000 -0.814341 -0.580387
2.200000 -0.808496 -0.588501
2.210000 -0.802571 -0.596557
2.220000 -0.796565 -0.604552
2.230000 -0.790480 -0.612488
2.240000 -0.784316 -0.620362
2.250000 -0.778073 -0.628174
2.260000 -0.771753 -0.635923
2.270000 -0.765355 -0.643608
2.280000 -0.758881 -0.651230
2.290000 -0.752331 -0.658786
2.300000 -0.745705 -0.666276
2.310000 -0.739005 -0.673700
2.320000 -0.732231 -0.681056
2.330000 -0.725384 -0.688344
2.340000 -0.718465 -0.695563
2.350000 -0.711473 -0.702713
2.360000 -0.704411 -0.709793
2.370000 -0.697278 -0.716801
2.380000 -0.690075 -0.723738
2.390000 -0.682803 -0.730602
2.400000 -0.675463 -0.737394
2.410000 -0.668056 -0.744111
2.420000 -0.660581 -0.750755
2.430000 -0.653041 -0.757323
2.440000 -0.645435 -0.763815
2.450000 -0.637765 -0.770231
2.460000 -0.630031 -0.776570
2.470000 -0.622234 -0.782832
2.480000 -0.614374 -0.789015
2.490000 -0.606454 -0.795119
2.500000 -0.598472 -0.801144
2.510000 -0.590431 -0.807088
2.520000 -0.582331 -0.812952
2.530000 -0.574172 -0.818735
2.540000 -0.565956 -0.824435
2.550000 -0.557684 -0.830054
2.560000 -0.549355 -0.835589
2.570000 -0.540972 -0.841040
2.580000 -0.532535 -0.846408
2.590000 -0.524044 -0.851691
2.600000 -0.515501 -0.856889
2.610000 -0.506907 -0.862001
2.620000 -0.498262 -0.867027
2.630000 -0.489567 -0.871966
2.640000 -0.480823 -0.876818
2.650000 -0.472031 -0.881582
2.660000 -0.463191 -0.886258
2.670000 -0.454306 -0.890846
2.680000 -0.445375 -0.895344
2.690000 -0.436399 -0.899753
2.700000 -0.427380 -0.904072
2.710000 -0.418318 -0.908301
2.720000 -0.409214 -0.912438
2.730000 -0.400069 -0.916485
2.740000 -0.390885 -0.920440
2.750000 -0.381661 -0.924302
2.760000 -0.372399 -0.928073
2.770000 -0.363100 -0.931750
2.780000 -0.353764 -0.935335
2.790000 -0.344393 -0.938825
2.800000 -0.334988 -0.942222
2.810000 -0.325549 -0.945525
2.820000 -0.316078 -0.948733
2.830000 -0.306575 -0.951847
2.840000 -0.297041 -0.954865
2.850000 -0.287478 -0.957787
2.860000 -0.277886 -0.960614
2.870000 -0.268266 -0.963345
2.880000 -0.258619 -0.965979
2.890000 -0.248947 -0.968517
2.900000 -0.239249 -0.970958
2.910000 -0.229528 -0.973302
2.920000 -0.219784 -0.975549
2.930000 -0.210017 -0.977698
2.940000 -0.200230 -0.979749
2.950000 -0.190423 -0.981702
2.960000 -0.180596 -0.983557
2.970000 -0.170752 -0.985314
2.980000 -0.160890 -0.986972
2.990000 -0.151013 -0.988532
3.000000 -0.141120 -0.989992
3.010000 -0.131213 -0.991354
3.020000 -0.121293 -0.992617
3.030000 -0.111361 -0.993780
3.040000 -0.101418 -0.994844
3.050000 -0.091465 -0.995808
3.060000 -0.081502 -0.996673
3.070000 -0.071532 -0.997438
3.080000 -0.061554 -0.998104
3.090000 -0.051570 -0.998669
3.100000 -0.041581 -0.999135
3.110000 -0.031587 -0.999501
3.120000 -0.021591 -0.999767
3.130000 -0.011592 -0.999933
3.140000 -0.001593 -0.999999
3.150000 0.008407 -0.999965
3.160000 0.018406 -0.999831
3.170000 0.028404 -0.999597
3.180000 0.038398 -0.999263
3.190000 0.048388 -0.998829
3.200000 0.058374 -0.998295
3.210000 0.068354 -0.997661
3.220000 0.078327 -0.996928
3.230000 0.088292 -0.996095
3.240000 0.098249 -0.995162
3.250000 0.108195 -0.994130
3.260000 0.118131 -0.992998
3.270000 0.128055 -0.991767
3.280000 0.137966 -0.990437
3.290000 0.147863 -0.989008
3.300000 0.157746 -0.987480
3.310000 0.167612 -0.985853
3.320000 0.177462 -0.984128
3.330000 0.187295 -0.982304
3.340000 0.197108 -0.980382
3.350000 0.206902 -0.978362
3.360000 0.216675 -0.976244
3.370000 0.226427 -0.974028
3.380000 0.236155 -0.971715
3.390000 0.245861 -0.969305
3.400000 0.255541 -0.966798
3.410000 0.265196 -0.964194
3.420000 0.274825 -0.961494
3.430000 0.284426 -0.958698
3.440000 0.293998 -0.955806
3.450000 0.303542 -0.952818
3.460000 0.313054 -0.949735
3.470000 0.322536 -0.946557
3.480000 0.331985 -0.943285
3.490000 0.341401 -0.939918
3.500000 0.350783 -0.936457
3.510000 0.360130 -0.932902
3.520000 0.369441 -0.929254
3.530000 0.378715 -0.925513
3.540000 0.387951 -0.921680
3.550000 0.397148 -0.917755
3.560000 0.406306 -0.913737
3.570000 0.415423 -0.909629
3.580000 0.424498 -0.905429
3.590000 0.433531 -0.901139
3.600000 0.442520 -0.896758
3.610000 0.451466 -0.892288
3.620000 0.460366 -0.887729
3.630000 0.469220 -0.883081
3.640000 0.478027 -0.878345
3.650000 0.486787 -0.873521
3.660000 0.495497 -0.868609
3.670000 0.504159 -0.863611
3.680000 0.512769 -0.858526
3.690000 0.521329 -0.853356
3.700000 0.529836 -0.848100
3.710000 0.538291 -0.842759
3.720000 0.546691 -0.837334
3.730000 0.555037 -0.831826
3.740000 0.563327 -0.826234
3.750000 0.571561 -0.820559
3.760000 0.579738 -0.814803
3.770000 0.587857 -0.808965
3.780000 0.595917 -0.803046
3.790000 0.603918 -0.797047
3.800000 0.611858 -0.790968
3.810000 0.619737 -0.784810
3.820000 0.627554 -0.778573
3.830000 0.635308 -0.772259
3.840000 0.642999 -0.765867
3.850000 0.650625 -0.759399
3.860000 0.658186 -0.752855
3.870000 0.665682 -0.746236
3.880000 0.673111 -0.739542
3.890000 0.680473 -0.732774
3.900000 0.687766 -0.725932
3.910000 0.694991 -0.719018
3.920000 0.702146 -0.712033
3.930000 0.709231 -0.704976
3.940000 0.716246 -0.697848
3.950000 0.723188 -0.690651
3.960000 0.730058 -0.683385
3.970000 0.736856 -0.676050
3.980000 0.743579 -0.668648
3.990000 0.750228 -0.661179
4.000000 0.756802 -0.653644
4.010000 0.763301 -0.646043
4.020000 0.769723 -0.638378
4.030000 0.776068 -0.630649
4.040000 0.782336 -0.622857
4.050000 0.788525 -0.615002
4.060000 0.794636 -0.607087
4.070000 0.800667 -0.599110
4.080000 0.806618 -0.591073
4.090000 0.812488 -0.582978
4.100000 0.818277 -0.574824
4.110000 0.823984 -0.566613
4.120000 0.829609 -0.558345
4.130000 0.835151 -0.550021
4.140000 0.840609 -0.541642
4.150000 0.845984 -0.533209
4.160000 0.851273 -0.524722
4.170000 0.856478 -0.516184
4.180000 0.861597 -0.507593
4.190000 0.866630 -0.498952
4.200000 0.871576 -0.490261
4.210000 0.876435 -0.481521
4.220000 0.881206 -0.472732
4.230000 0.885889 -0.463897
4.240000 0.890484 -0.455015
4.250000 0.894989 -0.446087
4.260000 0.899405 -0.437115
4.270000 0.903732 -0.428100
4.280000 0.907967 -0.419041
4.290000 0.912112 -0.409941
4.300000 0.916166 -0.400799
4.310000 0.920128 -0.391618
4.320000 0.923998 -0.382397
4.330000 0.927776 -0.373138
4.340000 0.931461 -0.363842
4.350000 0.935053 -0.354509
4.360000 0.938551 -0.345141
4.370000 0.941955 -0.335738
4.380000 0.945266 -0.326302
4.390000 0.948481 -0.316833
4.400000 0.951602 -0.307333
4.410000 0.954628 -0.297802
4.420000 0.957558 -0.288241
4.430000 0.960392 -0.278651
4.440000 0.963131 -0.269033
4.450000 0.965773 -0.259389
4.460000 0.968319 -0.249718
4.470000 0.970767 -0.240022
4.480000 0.973119 -0.230303
4.490000 0.975373 -0.220560
4.500000 0.977530 -0.210796
4.510000 0.979589 -0.201010
4.520000 0.981550 -0.191204
4.530000 0.983413 -0.181379
4.540000 0.985178 -0.171536
4.550000 0.986844 -0.161676
4.560000 0.988411 -0.151800
4.570000 0.989880 -0.141908
4.580000 0.991249 -0.132003
4.590000 0.992520 -0.122084
4.600000 0.993691 -0.112153
4.610000 0.994763 -0.102210
4.620000 0.995735 -0.092258
4.630000 0.996608 -0.082296
4.640000 0.997381 -0.072326
4.650000 0.998054 -0.062349
4.660000 0.998628 -0.052365
4.670000 0.999102 -0.042376
4.680000 0.999476 -0.032383
4.690000 0.999749 -0.022387
4.700000 0.999923 -0.012389
4.710000 0.999997 -0.002389
4.720000 0.999971 0.007611
4.730000 0.999845 0.017610
4.740000 0.999619 0.027608
4.750000 0.999293 0.037602
4.760000 0.998867 0.047593
4.770000 0.998341 0.057579
4.780000 0.997715 0.067560
4.790000 0.996990 0.077533
4.800000 0.996165 0.087499
4.810000 0.995240 0.097456
4.820000 0.994216 0.107403
4.830000 0.993092 0.117340
4.840000 0.991869 0.127265
4.850000 0.990547 0.137177
4.860000 0.989125 0.147076
4.870000 0.987605 0.156959
4.880000 0.985986 0.166827
4.890000 0.984269 0.176679
4.900000 0.982453 0.186512
4.910000 0.980538 0.196327
4.920000 0.978526 0.206123
4.930000 0.976416 0.215898
4.940000 0.974208 0.225651
4.950000 0.971903 0.235381
4.960000 0.969501 0.245089
4.970000 0.967001 0.254771
4.980000 0.964405 0.264428
4.990000 0.961713 0.274059
5.000000 0.958924 0.283662
5.010000 0.956040 0.293237
5.020000 0.953060 0.302783
5.030000 0.949984 0.312298
5.040000 0.946814 0.321782
5.050000 0.943549 0.331234
5.060000 0.940189 0.340653
5.070000 0.936736 0.350037
5.080000 0.933189 0.359387
5.090000 0.929548 0.368701
5.100000 0.925815 0.377978
5.110000 0.921989 0.387217
5.120000 0.918070 0.396417
5.130000 0.914060 0.405578
5.140000 0.909959 0.414698
5.150000 0.905767 0.423777
5.160000 0.901484 0.432813
5.170000 0.897111 0.441806
5.180000 0.892648 0.450755
5.190000 0.888096 0.459659
5.200000 0.883455 0.468517
5.210000 0.878725 0.477328
5.220000 0.873908 0.486091
5.230000 0.869004 0.494806
5.240000 0.864012 0.503471
5.250000 0.858935 0.512085
5.260000 0.853771 0.520649
5.270000 0.848522 0.529161
5.280000 0.843188 0.537619
5.290000 0.837770 0.546024
5.300000 0.832267 0.554374
5.310000 0.826682 0.562669
5.320000 0.821014 0.570908
5.330000 0.815264 0.579089
5.340000 0.809433 0.587213
5.350000 0.803520 0.595278
5.360000 0.797527 0.603283
5.370000 0.791455 0.611228
5.380000 0.785303 0.619112
5.390000 0.779073 0.626934
5.400000 0.772765 0.634693
5.410000 0.766379 0.642389
5.420000 0.759917 0.650020
5.430000 0.753379 0.657587
5.440000 0.746765 0.665088
5.450000 0.740077 0.672522
5.460000 0.733315 0.679889
5.470000 0.726480 0.687188
5.480000 0.719572 0.694418
5.490000 0.712592 0.701579
5.500000 0.705540 0.708670
5.510000 0.698418 0.715690
5.520000 0.691227 0.722638
5.530000 0.683966 0.729514
5.540000 0.676637 0.736317
5.550000 0.669240 0.743046
5.560000 0.661776 0.749702
5.570000 0.654246 0.756282
5.580000 0.646651 0.762786
5.590000 0.638991 0.769215
5.600000 0.631267 0.775566
5.610000 0.623480 0.781840
5.620000 0.615630 0.788035
5.630000 0.607719 0.794152
5.640000 0.599747 0.800189
5.650000 0.591716 0.806147
5.660000 0.583625 0.812024
5.670000 0.575475 0.817819
5.680000 0.567269 0.823533
5.690000 0.559005 0.829164
5.700000 0.550686 0.834713
5.710000 0.542311 0.840178
5.720000 0.533882 0.845559
5.730000 0.525400 0.850855
5.740000 0.516865 0.856067
5.750000 0.508279 0.861192
5.760000 0.499642 0.866232
5.770000 0.490955 0.871185
5.780000 0.482218 0.876051
5.790000 0.473434 0.880829
5.800000 0.464602 0.885520
5.810000 0.455724 0.890121
5.820000 0.446800 0.894634
5.830000 0.437832 0.899057
5.840000 0.428819 0.903390
5.850000 0.419764 0.907633
5.860000 0.410667 0.911786
5.870000 0.401529 0.915847
5.880000 0.392350 0.919816
5.890000 0.383133 0.923693
5.900000 0.373877 0.927478
5.910000 0.364583 0.931171
5.920000 0.355254 0.934770
5.930000 0.345888 0.938276
5.940000 0.336488 0.941688
5.950000 0.327055 0.945005
5.960000 0.317589 0.948229
5.970000 0.308091 0.951357
5.980000 0.298562 0.954390
5.990000 0.289003 0.957328
6.000000 0.279416 0.960170
6.010000 0.269800 0.962916
6.020000 0.260158 0.965566
6.030000 0.250489 0.968120
6.040000 0.240795 0.970576
6.050000 0.231078 0.972935
6.060000 0.221337 0.975197
6.070000 0.211574 0.977362
6.080000 0.201790 0.979429
6.090000 0.191986 0.981398
6.100000 0.182163 0.983269
6.110000 0.172321 0.985041
6.120000 0.162462 0.986715
6.130000 0.152587 0.988290
6.140000 0.142697 0.989767
6.150000 0.132792 0.991144
6.160000 0.122874 0.992422
6.170000 0.112944 0.993601
6.180000 0.103002 0.994681
6.190000 0.093051 0.995661
6.200000 0.083089 0.996542
6.210000 0.073120 0.997323
6.220000 0.063143 0.998005
6.230000 0.053160 0.998586
6.240000 0.043172 0.999068
6.250000 0.033179 0.999450
6.260000 0.023183 0.999731
6.270000 0.013185 0.999913
6.280000 0.003185 0.999995
6.290000 -0.006815 0.999977
6.300000 -0.016814 0.999859
6.310000 -0.026811 0.999641
6.320000 -0.036806 0.999323
6.330000 -0.046798 0.998904
6.340000 -0.056784 0.998387
6.350000 -0.066765 0.997769
6.360000 -0.076739 0.997051
6.370000 -0.086706 0.996234
6.380000 -0.096664 0.995317
6.390000 -0.106612 0.994301
6.400000 -0.116549 0.993185
6.410000 -0.126475 0.991970
6.420000 -0.136388 0.990656
6.430000 -0.146288 0.989242
6.440000 -0.156173 0.987730
6.450000 -0.166042 0.986119
6.460000 -0.175895 0.984409
6.470000 -0.185730 0.982601
6.480000 -0.195547 0.980695
6.490000 -0.205344 0.978690
6.500000 -0.215120 0.976588
6.510000 -0.224875 0.974388
6.520000 -0.234607 0.972090
6.530000 -0.244316 0.969696
6.540000 -0.254001 0.967204
6.550000 -0.263660 0.964616
6.560000 -0.273293 0.961931
6.570000 -0.282899 0.959150
6.580000 -0.292476 0.956273
6.590000 -0.302024 0.953301
6.600000 -0.311541 0.950233
6.610000 -0.321028 0.947070
6.620000 -0.330482 0.943812
6.630000 -0.339904 0.940460
6.640000 -0.349291 0.937014
6.650000 -0.358644 0.933475
6.660000 -0.367961 0.929842
6.670000 -0.377240 0.926116
6.680000 -0.386483 0.922297
6.690000 -0.395686 0.918386
6.700000 -0.404850 0.914383
6.710000 -0.413973 0.910289
6.720000 -0.423055 0.906104
6.730000 -0.432095 0.901828
6.740000 -0.441092 0.897462
6.750000 -0.450044 0.893006
6.760000 -0.458952 0.888461
6.770000 -0.467813 0.883828
6.780000 -0.476628 0.879105
6.790000 -0.485395 0.874295
6.800000 -0.494113 0.869398
6.810000 -0.502783 0.864413
6.820000 -0.511401 0.859342
6.830000 -0.519969 0.854185
6.840000 -0.528485 0.848943
6.850000 -0.536948 0.843616
6.860000 -0.545357 0.838204
6.870000 -0.553712 0.832709
6.880000 -0.562011 0.827130
6.890000 -0.570254 0.821469
6.900000 -0.578440 0.815725
6.910000 -0.586568 0.809900
6.920000 -0.594638 0.803994
6.930000 -0.602648 0.798008
6.940000 -0.610597 0.791941
6.950000 -0.618486 0.785796
6.960000 -0.626313 0.779572
6.970000 -0.634077 0.773270
6.980000 -0.641778 0.766890
6.990000 -0.649415 0.760434
7.000000 -0.656987 0.753902
7.010000 -0.664493 0.747295
7.020000 -0.671932 0.740613
7.030000 -0.679305 0.733857
7.040000 -0.686609 0.727027
7.050000 -0.693845 0.720125
7.060000 -0.701012 0.713150
7.070000 -0.708108 0.706105
7.080000 -0.715133 0.698988
7.090000 -0.722087 0.691802
7.100000 -0.728969 0.684547
7.110000 -0.735778 0.677223
7.120000 -0.742513 0.669832
7.130000 -0.749175 0.662373
7.140000 -0.755761 0.654848
7.150000 -0.762271 0.647258
7.160000 -0.768706 0.639603
7.170000 -0.775063 0.631884
7.180000 -0.781343 0.624102
7.190000 -0.787545 0.616258
7.200000 -0.793668 0.608351
7.210000 -0.799712 0.600385
7.220000 -0.805676 0.592358
7.230000 -0.811559 0.584271
7.240000 -0.817361 0.576127
7.250000 -0.823081 0.567924
7.260000 -0.828719 0.559665
7.270000 -0.834274 0.551350
7.280000 -0.839746 0.542980
7.290000 -0.845134 0.534556
7.300000 -0.850437 0.526078
7.310000 -0.855655 0.517547
7.320000 -0.860788 0.508965
7.330000 -0.865834 0.500332
7.340000 -0.870794 0.491648
7.350000 -0.875667 0.482916
7.360000 -0.880452 0.474135
7.370000 -0.885150 0.465307
7.380000 -0.889758 0.456433
7.390000 -0.894278 0.447512
7.400000 -0.898708 0.438547
7.410000 -0.903049 0.429539
7.420000 -0.907299 0.420487
7.430000 -0.911458 0.411393
7.440000 -0.915527 0.402258
7.450000 -0.919504 0.393083
7.460000 -0.923388 0.383868
7.470000 -0.927181 0.374615
7.480000 -0.930880 0.365325
7.490000 -0.934487 0.355998
7.500000 -0.938000 0.346635
7.510000 -0.941420 0.337238
7.520000 -0.944745 0.327807
7.530000 -0.947976 0.318344
7.540000 -0.951112 0.308848
7.550000 -0.954153 0.299322
7.560000 -0.957098 0.289765
7.570000 -0.959948 0.280180
7.580000 -0.962702 0.270567
7.590000 -0.965359 0.260926
7.600000 -0.967920 0.251260
7.610000 -0.970384 0.241568
7.620000 -0.972751 0.231853
7.630000 -0.975021 0.222114
7.640000 -0.977194 0.212352
7.650000 -0.979268 0.202570
7.660000 -0.981245 0.192767
7.670000 -0.983124 0.182946
7.680000 -0.984904 0.173105
7.690000 -0.986586 0.163248
7.700000 -0.988169 0.153374
7.710000 -0.989653 0.143485
7.720000 -0.991038 0.133581
7.730000 -0.992325 0.123664
7.740000 -0.993512 0.113735
7.750000 -0.994599 0.103794
7.760000 -0.995587 0.093843
7.770000 -0.996476 0.083883
7.780000 -0.997265 0.073914
7.790000 -0.997954 0.063938
7.800000 -0.998544 0.053955
7.810000 -0.999034 0.043967
7.820000 -0.999423 0.033975
7.830000 -0.999713 0.023979
7.840000 -0.999903 0.013981
7.850000 -0.999993 0.003982
7.860000 -0.999982 -0.006018
7.870000 -0.999872 -0.016018
7.880000 -0.999662 -0.026015
7.890000 -0.999352 -0.036011
7.900000 -0.998942 -0.046002
7.910000 -0.998432 -0.055989
7.920000 -0.997822 -0.065970
7.930000 -0.997113 -0.075945
7.940000 -0.996303 -0.085912
7.950000 -0.995394 -0.095871
7.960000 -0.994386 -0.105820
7.970000 -0.993278 -0.115758
7.980000 -0.992071 -0.125685
7.990000 -0.990764 -0.135599
8.000000 -0.989359 -0.145500
8.010000 -0.987854 -0.155386
8.020000 -0.986251 -0.165257
8.030000 -0.984549 -0.175111
8.040000 -0.982749 -0.184948
8.050000 -0.980851 -0.194766
8.060000 -0.978854 -0.204564
8.070000 -0.976759 -0.214342
8.080000 -0.974567 -0.224099
8.090000 -0.972277 -0.233833
8.100000 -0.969891 -0.243544
8.110000 -0.967407 -0.253231
8.120000 -0.964826 -0.262892
8.130000 -0.962149 -0.272527
8.140000 -0.959376 -0.282135
8.150000 -0.956506 -0.291714
8.160000 -0.953541 -0.301265
8.170000 -0.950481 -0.310785
8.180000 -0.947326 -0.320274
8.190000 -0.944076 -0.329731
8.200000 -0.940731 -0.339155
8.210000 -0.937293 -0.348545
8.220000 -0.933761 -0.357901
8.230000 -0.930135 -0.367220
8.240000 -0.926416 -0.376503
8.250000 -0.922605 -0.385748
8.260000 -0.918702 -0.394955
8.270000 -0.914706 -0.404122
8.280000 -0.910619 -0.413249
8.290000 -0.906441 -0.422334
8.300000 -0.902173 -0.431377
8.310000 -0.897814 -0.440377
8.320000 -0.893365 -0.449333
8.330000 -0.888827 -0.458244
8.340000 -0.884201 -0.467110
8.350000 -0.879485 -0.475928
8.360000 -0.874682 -0.484699
8.370000 -0.869792 -0.493421
8.380000 -0.864814 -0.502095
8.390000 -0.859750 -0.510717
8.400000 -0.854600 -0.519289
8.410000 -0.849364 -0.527809
8.420000 -0.844044 -0.536276
8.430000 -0.838639 -0.544690
8.440000 -0.833150 -0.553049
8.450000 -0.827578 -0.561352
8.460000 -0.821923 -0.569600
8.470000 -0.816186 -0.577791
8.480000 -0.810368 -0.585924
8.490000 -0.804468 -0.593998
8.500000 -0.798488 -0.602013
8.510000 -0.792428 -0.609967
8.520000 -0.786289 -0.617861
8.530000 -0.780071 -0.625693
8.540000 -0.773775 -0.633462
8.550000 -0.767402 -0.641168
8.560000 -0.760952 -0.648810
8.570000 -0.754426 -0.656387
8.580000 -0.747825 -0.663898
8.590000 -0.741149 -0.671343
8.600000 -0.734398 -0.678721
8.610000 -0.727574 -0.686031
8.620000 -0.720678 -0.693272
8.630000 -0.713709 -0.700444
8.640000 -0.706669 -0.707546
8.650000 -0.699558 -0.714577
8.660000 -0.692378 -0.721537
8.670000 -0.685128 -0.728425
8.680000 -0.677810 -0.735240
8.690000 -0.670423 -0.741981
8.700000 -0.662970 -0.748648
8.710000 -0.655451 -0.755240
8.720000 -0.647866 -0.761757
8.730000 -0.640216 -0.768197
8.740000 -0.632502 -0.774561
8.750000 -0.624725 -0.780847
8.760000 -0.616885 -0.787055
8.770000 -0.608984 -0.793185
8.780000 -0.601022 -0.799235
8.790000 -0.593000 -0.805205
8.800000 -0.584918 -0.811094
8.810000 -0.576778 -0.816903
8.820000 -0.568580 -0.822630
8.830000 -0.560326 -0.828274
8.840000 -0.552015 -0.833836
8.850000 -0.543649 -0.839315
8.860000 -0.535229 -0.844709
8.870000 -0.526756 -0.850019
8.880000 -0.518229 -0.855244
8.890000 -0.509651 -0.860384
8.900000 -0.501022 -0.865437
8.910000 -0.492343 -0.870404
8.920000 -0.483614 -0.875284
8.930000 -0.474837 -0.880076
8.940000 -0.466013 -0.884780
8.950000 -0.457142 -0.889396
8.960000 -0.448225 -0.893923
8.970000 -0.439264 -0.898361
8.980000 -0.430258 -0.902708
8.990000 -0.421210 -0.906966
9.000000 -0.412119 -0.911132
9.010000 -0.402988 -0.915208
9.020000 -0.393816 -0.919192
9.030000 -0.384604 -0.923084
9.040000 -0.375354 -0.926884
9.050000 -0.366067 -0.930591
9.060000 -0.356743 -0.934205
9.070000 -0.347383 -0.937726
9.080000 -0.337989 -0.941153
9.090000 -0.328560 -0.944486
9.100000 -0.319099 -0.947724
9.110000 -0.309606 -0.950868
9.120000 -0.300082 -0.953916
9.130000 -0.290528 -0.956869
9.140000 -0.280945 -0.959727
9.150000 -0.271334 -0.962488
9.160000 -0.261696 -0.965153
9.170000 -0.252031 -0.967722
9.180000 -0.242342 -0.970194
9.190000 -0.232628 -0.972569
9.200000 -0.222891 -0.974846
9.210000 -0.213131 -0.977027
9.220000 -0.203350 -0.979109
9.230000 -0.193549 -0.981094
9.240000 -0.183729 -0.982980
9.250000 -0.173890 -0.984768
9.260000 -0.164034 -0.986458
9.270000 -0.154161 -0.988049
9.280000 -0.144273 -0.989541
9.290000 -0.134371 -0.990934
9.300000 -0.124455 -0.992229
9.310000 -0.114526 -0.993424
9.320000 -0.104587 -0.994519
9.330000 -0.094636 -0.995515
9.340000 -0.084677 -0.996412
9.350000 -0.074709 -0.997209
9.360000 -0.064733 -0.997906
9.370000 -0.054751 -0.998504
9.380000 -0.044763 -0.999001
9.390000 -0.034771 -0.999399
9.400000 -0.024776 -0.999697
9.410000 -0.014777 -0.999895
9.420000 -0.004778 -0.999992
9.430000 0.005222 -0.999990
9.440000 0.015222 -0.999888
9.450000 0.025219 -0.999686
9.460000 0.035215 -0.999384
9.470000 0.045207 -0.998982
9.480000 0.055194 -0.998480
9.490000 0.065176 -0.997878
9.500000 0.075151 -0.997176
9.510000 0.085119 -0.996375
9.520000 0.095079 -0.995474
9.530000 0.105028 -0.994474
9.540000 0.114968 -0.993374
9.550000 0.124896 -0.992174
9.560000 0.134811 -0.990876
9.570000 0.144713 -0.989478
9.580000 0.154600 -0.987982
9.590000 0.164472 -0.986386
9.600000 0.174328 -0.984692
9.610000 0.184166 -0.982900
9.620000 0.193985 -0.981009
9.630000 0.203786 -0.979021
9.640000 0.213565 -0.976934
9.650000 0.223324 -0.974749
9.660000 0.233060 -0.972468
9.670000 0.242773 -0.970088
9.680000 0.252462 -0.967612
9.690000 0.262125 -0.965039
9.700000 0.271762 -0.962370
9.710000 0.281372 -0.959604
9.720000 0.290954 -0.956743
9.730000 0.300507 -0.953785
9.740000 0.310029 -0.950733
9.750000 0.319521 -0.947585
9.760000 0.328981 -0.944343
9.770000 0.338408 -0.941006
9.780000 0.347801 -0.937575
9.790000 0.357159 -0.934050
9.800000 0.366481 -0.930432
9.810000 0.375767 -0.926721
9.820000 0.385015 -0.922917
9.830000 0.394225 -0.919021
9.840000 0.403396 -0.915032
9.850000 0.412526 -0.910953
9.860000 0.421614 -0.906782
9.870000 0.430661 -0.902521
9.880000 0.439665 -0.898169
9.890000 0.448624 -0.893728
9.900000 0.457539 -0.889197
9.910000 0.466408 -0.884577
9.920000 0.475230 -0.879869
9.930000 0.484005 -0.875073
9.940000 0.492732 -0.870189
9.950000 0.501409 -0.865219
9.960000 0.510036 -0.860162
9.970000 0.518612 -0.855018
9.980000 0.527136 -0.849790
9.990000 0.535607 -0.844476
10.000000 0.544025 -0.839078
10.010000 0.552389 -0.833596
10.020000 0.560697 -0.828030
10.030000 0.568949 -0.822382
10.040000 0.577144 -0.816652
10.050000 0.585282 -0.810840
10.060000 0.593361 -0.804947
10.070000 0.601381 -0.798973
10.080000 0.609340 -0.792919
10.090000 0.617239 -0.786786
10.100000 0.625076 -0.780575
10.110000 0.632850 -0.774285
10.120000 0.640562 -0.767918
10.130000 0.648209 -0.761474
10.140000 0.655791 -0.754954
10.150000 0.663308 -0.748359
10.160000 0.670758 -0.741689
10.170000 0.678141 -0.734944
10.180000 0.685457 -0.728126
10.190000 0.692704 -0.721235
10.200000 0.699881 -0.714273
10.210000 0.706989 -0.707238
10.220000 0.714026 -0.700133
10.230000 0.720992 -0.692958
10.240000 0.727885 -0.685714
10.250000 0.734706 -0.678401
10.260000 0.741453 -0.671020
10.270000 0.748126 -0.663572
10.280000 0.754725 -0.656058
10.290000 0.761247 -0.648478
10.300000 0.767694 -0.640833
10.310000 0.774064 -0.633125
10.320000 0.780357 -0.625353
10.330000 0.786571 -0.617518
10.340000 0.792707 -0.609622
10.350000 0.798764 -0.601664
10.360000 0.804740 -0.593647
10.370000 0.810637 -0.585570
10.380000 0.816452 -0.577434
10.390000 0.822185 -0.569241
10.400000 0.827837 -0.560991
10.410000 0.833405 -0.552685
10.420000 0.838890 -0.544323
10.430000 0.844292 -0.535908
10.440000 0.849609 -0.527438
10.450000 0.854841 -0.518916
10.460000 0.859987 -0.510342
10.470000 0.865047 -0.501717
10.480000 0.870021 -0.493041
10.490000 0.874908 -0.484317
10.500000 0.879708 -0.475543
10.510000 0.884419 -0.466723
10.520000 0.889043 -0.457856
10.530000 0.893577 -0.448942
10.540000 0.898022 -0.439984
10.550000 0.902377 -0.430982
10.560000 0.906641 -0.421937
10.570000 0.910815 -0.412850
10.580000 0.914899 -0.403722
10.590000 0.918890 -0.394553
10.600000 0.922790 -0.385344
10.610000 0.926597 -0.376097
10.620000 0.930312 -0.366813
10.630000 0.933934 -0.357491
10.640000 0.937462 -0.348134
10.650000 0.940897 -0.338743
10.660000 0.944237 -0.329317
10.670000 0.947483 -0.319858
10.680000 0.950635 -0.310368
10.690000 0.953691 -0.300846
10.700000 0.956652 -0.291294
10.710000 0.959517 -0.281714
10.720000 0.962286 -0.272104
10.730000 0.964959 -0.262468
10.740000 0.967536 -0.252806
10.750000 0.970016 -0.243118
10.760000 0.972399 -0.233406
10.770000 0.974684 -0.223670
10.780000 0.976873 -0.213913
10.790000 0.978963 -0.204133
10.800000 0.980956 -0.194334
10.810000 0.982850 -0.184515
10.820000 0.984646 -0.174677
10.830000 0.986344 -0.164822
10.840000 0.987943 -0.154951
10.850000 0.989444 -0.145064
10.860000 0.990845 -0.135162
10.870000 0.992147 -0.125247
10.880000 0.993350 -0.115320
10.890000 0.994454 -0.105381
10.900000 0.995458 -0.095431
10.910000 0.996363 -0.085472
10.920000 0.997168 -0.075504
10.930000 0.997874 -0.065529
10.940000 0.998480 -0.055547
10.950000 0.998985 -0.045560
10.960000 0.999391 -0.035568
10.970000 0.999697 -0.025572
10.980000 0.999903 -0.015574
10.990000 1.000009 -0.005574
11.000000 1.000015 0.004426
11.010000 0.999921 0.014426
11.020000 0.999727 0.024424
11.030000 0.999434 0.034420
11.040000 0.999040 0.044412
11.050000 0.998546 0.054400
11.060000 0.997952 0.064383
11.070000 0.997259 0.074359
11.080000 0.996466 0.084328
11.090000 0.995573 0.094288
11.100000 0.994581 0.104239
11.110000 0.993489 0.114179
11.120000 0.992298 0.124109
11.130000 0.991008 0.134025
11.140000 0.989618 0.143928
11.150000 0.988130 0.153817
11.160000 0.986543 0.163691
11.170000 0.984857 0.173548
11.180000 0.983072 0.183388
11.190000 0.981190 0.193209
11.200000 0.979209 0.203011
11.210000 0.977130 0.212793
11.220000 0.974954 0.222554
11.230000 0.972680 0.232292
11.240000 0.970309 0.242007
11.250000 0.967841 0.251698
11.260000 0.965276 0.261364
11.270000 0.962614 0.271004
11.280000 0.959857 0.280616
11.290000 0.957003 0.290201
11.300000 0.954054 0.299756
11.310000 0.951009 0.309282
11.320000 0.947869 0.318776
11.330000 0.944634 0.328239
11.340000 0.941305 0.337669
11.350000 0.937882 0.347065
11.360000 0.934365 0.356427
11.370000 0.930754 0.365752
11.380000 0.927051 0.375042
11.390000 0.923254 0.384293
11.400000 0.919366 0.393507
11.410000 0.915385 0.402681
11.420000 0.911313 0.411815
11.430000 0.907150 0.420907
11.440000 0.902896 0.429958
11.450000 0.898552 0.438965
11.460000 0.894118 0.447929
11.470000 0.889595 0.456848
11.480000 0.884982 0.465721
11.490000 0.880281 0.474548
11.500000 0.875492 0.483327
11.510000 0.870616 0.492058
11.520000 0.865652 0.500739
11.530000 0.860602 0.509371
11.540000 0.855466 0.517952
11.550000 0.850244 0.526481
11.560000 0.844938 0.534957
11.570000 0.839546 0.543380
11.580000 0.834071 0.551748
11.590000 0.828513 0.560062
11.600000 0.822871 0.568319
11.610000 0.817147 0.576520
11.620000 0.811342 0.584662
11.630000 0.805455 0.592747
11.640000 0.799488 0.600772
11.650000 0.793441 0.608737
11.660000 0.787315 0.616641
11.670000 0.781110 0.624484
11.680000 0.774826 0.632264
11.690000 0.768466 0.639981
11.700000 0.762028 0.647634
11.710000 0.755514 0.655222
11.720000 0.748925 0.662745
11.730000 0.742261 0.670201
11.740000 0.735522 0.677591
11.750000 0.728710 0.684913
11.760000 0.721825 0.692166
11.770000 0.714868 0.699350
11.780000 0.707839 0.706464
11.790000 0.700740 0.713508
11.800000 0.693571 0.720480
11.810000 0.686332 0.727380
11.820000 0.679024 0.734207
11.830000 0.671649 0.740961
11.840000 0.664207 0.747641
11.850000 0.656698 0.754247
11.860000 0.649123 0.760776
11.870000 0.641483 0.767230
11.880000 0.633780 0.773607
11.890000 0.626013 0.779907
11.900000 0.618183 0.786129
11.910000 0.610291 0.792272
11.920000 0.602339 0.798336
11.930000 0.594326 0.804320
11.940000 0.586254 0.810223
11.950000 0.578123 0.816046
11.960000 0.569934 0.821787
11.970000 0.561689 0.827446
11.980000 0.553387 0.833022
11.990000 0.545029 0.838515
12.000000 0.536618 0.843924
12.010000 0.528152 0.849249
12.020000 0.519634 0.854489
12.030000 0.511064 0.859643
12.040000 0.502443 0.864712
12.050000 0.493771 0.869694
12.060000 0.485050 0.874589
12.070000 0.476281 0.879397
12.080000 0.467463 0.884116
12.090000 0.458600 0.888748
12.100000 0.449690 0.893290
12.110000 0.440735 0.897743
12.120000 0.431736 0.902107
12.130000 0.422694 0.906380
12.140000 0.413610 0.910563
12.150000 0.404484 0.914654
12.160000 0.395318 0.918654
12.170000 0.386112 0.922563
12.180000 0.376868 0.926379
12.190000 0.367586 0.930102
12.200000 0.358267 0.933733
12.210000 0.348913 0.937270
12.220000 0.339523 0.940713
12.230000 0.330100 0.944063
12.240000 0.320643 0.947318
12.250000 0.311154 0.950478
12.260000 0.301635 0.953543
12.270000 0.292085 0.956513
12.280000 0.282506 0.959388
12.290000 0.272898 0.962166
12.300000 0.263263 0.964848
12.310000 0.253602 0.967434
12.320000 0.243916 0.969923
12.330000 0.234205 0.972315
12.340000 0.224470 0.974610
12.350000 0.214714 0.976807
12.360000 0.204935 0.978907
12.370000 0.195136 0.980909
12.380000 0.185318 0.982813
12.390000 0.175481 0.984618
12.400000 0.165627 0.986325
12.410000 0.155755 0.987934
12.420000 0.145869 0.989444
12.430000 0.135967 0.990855
12.440000 0.126052 0.992166
12.450000 0.116125 0.993379
12.460000 0.106186 0.994492
12.470000 0.096236 0.995506
12.480000 0.086276 0.996420
12.490000 0.076308 0.997235
12.500000 0.066332 0.997950
12.510000 0.056349 0.998565
12.520000 0.046361 0.999081
12.530000 0.036368 0.999496
12.540000 0.026372 0.999812
12.550000 0.016373 1.000028
12.560000 0.006372 1.000143
12.570000 -0.003630 1.000159
12.580000 -0.013631 1.000075
12.590000 -0.023631 0.999890
12.600000 -0.033629 0.999606
12.610000 -0.043623 0.999222
12.620000 -0.053613 0.998738
12.630000 -0.063598 0.998154
12.640000 -0.073576 0.997470
12.650000 -0.083547 0.996687
12.660000 -0.093510 0.995804
12.670000 -0.103463 0.994821
12.680000 -0.113406 0.993739
12.690000 -0.123338 0.992557
12.700000 -0.133258 0.991277
12.710000 -0.143164 0.989897
12.720000 -0.153056 0.988418
12.730000 -0.162933 0.986840
12.740000 -0.172793 0.985164
12.750000 -0.182637 0.983389
12.760000 -0.192462 0.981516
12.770000 -0.202268 0.979545
12.780000 -0.212053 0.977476
12.790000 -0.221818 0.975309
12.800000 -0.231560 0.973045
12.810000 -0.241280 0.970683
12.820000 -0.250975 0.968224
12.830000 -0.260645 0.965669
12.840000 -0.270289 0.963017
12.850000 -0.279907 0.960269
12.860000 -0.289496 0.957424
12.870000 -0.299056 0.954484
12.880000 -0.308587 0.951449
12.890000 -0.318087 0.948318
12.900000 -0.327555 0.945092
12.910000 -0.336990 0.941773
12.920000 -0.346392 0.938358
12.930000 -0.355759 0.934850
12.940000 -0.365091 0.931249
12.950000 -0.374386 0.927555
12.960000 -0.383644 0.923767
12.970000 -0.392864 0.919888
12.980000 -0.402044 0.915916
12.990000 -0.411184 0.911853
13.000000 -0.420284 0.907698
13.010000 -0.429341 0.903453
13.020000 -0.438355 0.899118
13.030000 -0.447326 0.894693
13.040000 -0.456252 0.890178
13.050000 -0.465132 0.885574
13.060000 -0.473966 0.880881
13.070000 -0.482753 0.876101
13.080000 -0.491492 0.871233
13.090000 -0.500181 0.866278
13.100000 -0.508821 0.861236
13.110000 -0.517409 0.856108
13.120000 -0.525946 0.850894
13.130000 -0.534431 0.845596
13.140000 -0.542862 0.840213
13.150000 -0.551239 0.834745
13.160000 -0.559561 0.829195
13.170000 -0.567827 0.823561
13.180000 -0.576037 0.817845
13.190000 -0.584189 0.812047
13.200000 -0.592282 0.806168
13.210000 -0.600317 0.800209
13.220000 -0.608291 0.794169
13.230000 -0.616205 0.788050
13.240000 -0.624057 0.781852
13.250000 -0.631847 0.775576
13.260000 -0.639574 0.769222
13.270000 -0.647237 0.762791
13.280000 -0.654836 0.756285
13.290000 -0.662369 0.749702
13.300000 -0.669836 0.743045
13.310000 -0.677236 0.736313
13.320000 -0.684569 0.729507
13.330000 -0.691833 0.722629
13.340000 -0.699028 0.715678
13.350000 -0.706153 0.708655
13.360000 -0.713208 0.701562
13.370000 -0.720191 0.694399
13.380000 -0.727103 0.687166
13.390000 -0.733942 0.679864
13.400000 -0.740708 0.672494
13.410000 -0.747400 0.665057
13.420000 -0.754017 0.657554
13.430000 -0.760559 0.649985
13.440000 -0.767025 0.642350
13.450000 -0.773414 0.634652
13.460000 -0.779727 0.626890
13.470000 -0.785961 0.619065
13.480000 -0.792117 0.611178
13.490000 -0.798194 0.603230
13.500000 -0.804191 0.595221
13.510000 -0.810108 0.587153
13.520000 -0.815944 0.579027
13.530000 -0.821698 0.570842
13.540000 -0.827371 0.562600
13.550000 -0.832960 0.554302
13.560000 -0.838467 0.545948
13.570000 -0.843890 0.537540
13.580000 -0.849229 0.529078
13.590000 -0.854483 0.520563
13.600000 -0.859652 0.511996
13.610000 -0.864734 0.503377
13.620000 -0.869731 0.494708
13.630000 -0.874641 0.485990
13.640000 -0.879463 0.477223
13.650000 -0.884198 0.468408
13.660000 -0.888844 0.459546
13.670000 -0.893401 0.450638
13.680000 -0.897870 0.441685
13.690000 -0.902248 0.432687
13.700000 -0.906537 0.423647
13.710000 -0.910735 0.414564
13.720000 -0.914842 0.405439
13.730000 -0.918858 0.396273
13.740000 -0.922783 0.387068
13.750000 -0.926615 0.377824
13.760000 -0.930354 0.368542
13.770000 -0.934001 0.359224
13.780000 -0.937554 0.349869
13.790000 -0.941014 0.340479
13.800000 -0.944380 0.331055
13.810000 -0.947651 0.321597
13.820000 -0.950828 0.312108
13.830000 -0.953910 0.302587
13.840000 -0.956897 0.293035
13.850000 -0.959788 0.283454
13.860000 -0.962584 0.273845
13.870000 -0.965283 0.264208
13.880000 -0.967886 0.254545
13.890000 -0.970393 0.244856
13.900000 -0.972802 0.235142
13.910000 -0.975114 0.225404
13.920000 -0.977329 0.215644
13.930000 -0.979447 0.205863
13.940000 -0.981467 0.196060
13.950000 -0.983388 0.186238
13.960000 -0.985212 0.176396
13.970000 -0.986937 0.166537
13.980000 -0.988563 0.156662
13.990000 -0.990091 0.146770
14.000000 -0.991520 0.136863
14.010000 -0.992851 0.126943
14.020000 -0.994082 0.117009
14.030000 -0.995213 0.107064
14.040000 -0.996246 0.097108
14.050000 -0.997178 0.087142
14.060000 -0.998012 0.077167
14.070000 -0.998746 0.067184
14.080000 -0.999380 0.057194
14.090000 -0.999914 0.047198
14.100000 -1.000348 0.037197
14.110000 -1.000683 0.027192
14.120000 -1.000917 0.017184
14.130000 -1.001052 0.007175
14.140000 -1.001087 -0.002836
14.150000 -1.001021 -0.012847
14.160000 -1.000856 -0.022857
14.170000 -1.000591 -0.032864
14.180000 -1.000226 -0.042869
14.190000 -0.999761 -0.052870
14.200000 -0.999197 -0.062865
14.210000 -0.998532 -0.072855
14.220000 -0.997768 -0.082838
14.230000 -0.996904 -0.092812
14.240000 -0.995941 -0.102778
14.250000 -0.994878 -0.112734
14.260000 -0.993716 -0.122679
14.270000 -0.992455 -0.132612
14.280000 -0.991094 -0.142532
14.290000 -0.989635 -0.152438
14.300000 -0.988076 -0.162329
14.310000 -0.986420 -0.172204
14.320000 -0.984664 -0.182062
14.330000 -0.982810 -0.191903
14.340000 -0.980858 -0.201725
14.350000 -0.978809 -0.211526
14.360000 -0.976661 -0.221308
14.370000 -0.974416 -0.231067
14.380000 -0.972073 -0.240803
14.390000 -0.969634 -0.250516
14.400000 -0.967097 -0.260205
14.410000 -0.964464 -0.269867
14.420000 -0.961735 -0.279503
14.430000 -0.958910 -0.289112
14.440000 -0.955989 -0.298692
14.450000 -0.952972 -0.308243
14.460000 -0.949860 -0.317763
14.470000 -0.946653 -0.327252
14.480000 -0.943352 -0.336708
14.490000 -0.939957 -0.346132
14.500000 -0.936467 -0.355521
14.510000 -0.932884 -0.364875
14.520000 -0.929208 -0.374193
14.530000 -0.925439 -0.383475
14.540000 -0.921577 -0.392718
14.550000 -0.917624 -0.401922
14.560000 -0.913578 -0.411087
14.570000 -0.909442 -0.420212
14.580000 -0.905214 -0.429294
14.590000 -0.900896 -0.438335
14.600000 -0.896488 -0.447332
14.610000 -0.891990 -0.456284
14.620000 -0.887404 -0.465192
14.630000 -0.882728 -0.474054
14.640000 -0.877964 -0.482869
14.650000 -0.873113 -0.491636
14.660000 -0.868174 -0.500355
14.670000 -0.863149 -0.509024
14.680000 -0.858037 -0.517643
14.690000 -0.852839 -0.526210
14.700000 -0.847556 -0.534726
14.710000 -0.842188 -0.543188
14.720000 -0.836736 -0.551597
14.730000 -0.831200 -0.559952
14.740000 -0.825582 -0.568251
14.750000 -0.819880 -0.576494
14.760000 -0.814097 -0.584680
14.770000 -0.808232 -0.592808
14.780000 -0.802286 -0.600877
14.790000 -0.796260 -0.608887
14.800000 -0.790154 -0.616837
14.810000 -0.783969 -0.624726
14.820000 -0.777706 -0.632553
14.830000 -0.771364 -0.640317
14.840000 -0.764946 -0.648018
14.850000 -0.758451 -0.655655
14.860000 -0.751880 -0.663228
14.870000 -0.745233 -0.670734
14.880000 -0.738512 -0.678174
14.890000 -0.731717 -0.685547
14.900000 -0.724849 -0.692853
14.910000 -0.717908 -0.700089
14.920000 -0.710895 -0.707257
14.930000 -0.703810 -0.714355
14.940000 -0.696656 -0.721381
14.950000 -0.689431 -0.728337
14.960000 -0.682137 -0.735220
14.970000 -0.674775 -0.742031
14.980000 -0.667345 -0.748768
14.990000 -0.659848 -0.755432
15.000000 -0.652284 -0.762020
15.010000 -0.644656 -0.768533
15.020000 -0.636962 -0.774971
15.030000 -0.629205 -0.781331
15.040000 -0.621384 -0.787614
15.050000 -0.613501 -0.793820
15.060000 -0.605556 -0.799946
15.070000 -0.597550 -0.805994
15.080000 -0.589484 -0.811962
15.090000 -0.581359 -0.817849
15.100000 -0.573175 -0.823656
15.110000 -0.564934 -0.829381
15.120000 -0.556636 -0.835025
15.130000 -0.548281 -0.840585
15.140000 -0.539871 -0.846063
15.150000 -0.531407 -0.851456
15.160000 -0.522890 -0.856766
15.170000 -0.514319 -0.861991
15.180000 -0.505697 -0.867130
15.190000 -0.497023 -0.872184
15.200000 -0.488299 -0.877151
15.210000 -0.479526 -0.882032
15.220000 -0.470705 -0.886826
15.230000 -0.461835 -0.891532
15.240000 -0.452919 -0.896149
15.250000 -0.443957 -0.900678
15.260000 -0.434950 -0.905118
15.270000 -0.425899 -0.909468
15.280000 -0.416805 -0.913729
15.290000 -0.407668 -0.917899
15.300000 -0.398490 -0.921978
15.310000 -0.389271 -0.925966
15.320000 -0.380013 -0.929863
15.330000 -0.370716 -0.933668
15.340000 -0.361380 -0.937380
15.350000 -0.352008 -0.940999
15.360000 -0.342600 -0.944526
15.370000 -0.333157 -0.947959
15.380000 -0.323680 -0.951298
15.390000 -0.314169 -0.954544
15.400000 -0.304627 -0.957695
15.410000 -0.295052 -0.960751
15.420000 -0.285448 -0.963712
15.430000 -0.275813 -0.966578
15.440000 -0.266151 -0.969348
15.450000 -0.256460 -0.972023
15.460000 -0.246743 -0.974601
15.470000 -0.237000 -0.977083
15.480000 -0.227233 -0.979468
15.490000 -0.217441 -0.981757
15.500000 -0.207627 -0.983948
15.510000 -0.197791 -0.986042
15.520000 -0.187933 -0.988039
15.530000 -0.178056 -0.989938
15.540000 -0.168160 -0.991738
15.550000 -0.158246 -0.993441
15.560000 -0.148314 -0.995046
15.570000 -0.138367 -0.996552
15.580000 -0.128404 -0.997960
15.590000 -0.118427 -0.999269
15.600000 -0.108437 -1.000479
15.610000 -0.098434 -1.001590
15.620000 -0.088420 -1.002602
15.630000 -0.078396 -1.003515
15.640000 -0.068363 -1.004329
15.650000 -0.058321 -1.005044
15.660000 -0.048272 -1.005659
15.670000 -0.038216 -1.006174
15.680000 -0.028155 -1.006590
15.690000 -0.018089 -1.006906
15.700000 -0.008020 -1.007123
15.710000 0.002051 -1.007240
15.720000 0.012125 -1.007258
15.730000 0.022198 -1.007176
15.740000 0.032272 -1.006994
15.750000 0.042344 -1.006713
15.760000 0.052414 -1.006331
15.770000 0.062480 -1.005851
15.780000 0.072542 -1.005271
15.790000 0.082599 -1.004591
15.800000 0.092649 -1.003812
15.810000 0.102693 -1.002933
15.820000 0.112728 -1.001956
15.830000 0.122754 -1.000879
15.840000 0.132770 -0.999703
15.850000 0.142775 -0.998428
15.860000 0.152768 -0.997054
15.870000 0.162748 -0.995581
15.880000 0.172714 -0.994010
15.890000 0.182665 -0.992340
15.900000 0.192600 -0.990572
15.910000 0.202518 -0.988706
15.920000 0.212419 -0.986742
15.930000 0.222300 -0.984680
15.940000 0.232163 -0.982521
15.950000 0.242004 -0.980264
15.960000 0.251824 -0.977910
15.970000 0.261622 -0.975459
15.980000 0.271396 -0.972912
15.990000 0.281145 -0.970267
16.000000 0.290870 -0.967527
16.010000 0.300568 -0.964691
16.020000 0.310239 -0.961758
16.030000 0.319882 -0.958731
16.040000 0.329496 -0.955608
16.050000 0.339080 -0.952391
16.060000 0.348633 -0.949078
16.070000 0.358154 -0.945672
16.080000 0.367643 -0.942171
16.090000 0.377098 -0.938577
16.100000 0.386519 -0.934890
16.110000 0.395904 -0.931110
16.120000 0.405253 -0.927237
16.130000 0.414565 -0.923272
16.140000 0.423839 -0.919215
16.150000 0.433075 -0.915067
16.160000 0.442270 -0.910827
16.170000 0.451425 -0.906497
16.180000 0.460538 -0.902076
16.190000 0.469609 -0.897566
16.200000 0.478636 -0.892966
16.210000 0.487620 -0.888277
16.220000 0.496558 -0.883500
16.230000 0.505451 -0.878634
16.240000 0.514297 -0.873680
16.250000 0.523096 -0.868640
16.260000 0.531847 -0.863512
16.270000 0.540548 -0.858298
16.280000 0.549200 -0.852999
16.290000 0.557800 -0.847614
16.300000 0.566350 -0.842144
16.310000 0.574847 -0.836590
16.320000 0.583291 -0.830952
16.330000 0.591680 -0.825230
16.340000 0.600016 -0.819426
16.350000 0.608295 -0.813540
16.360000 0.616519 -0.807572
16.370000 0.624685 -0.801522
16.380000 0.632794 -0.795392
16.390000 0.640844 -0.789182
16.400000 0.648835 -0.782893
16.410000 0.656766 -0.776524
16.420000 0.664636 -0.770077
16.430000 0.672444 -0.763553
16.440000 0.680190 -0.756951
16.450000 0.687874 -0.750273
16.460000 0.695493 -0.743519
16.470000 0.703049 -0.736689
16.480000 0.710539 -0.729785
16.490000 0.717964 -0.722807
16.500000 0.725322 -0.715755
16.510000 0.732613 -0.708630
16.520000 0.739836 -0.701433
16.530000 0.746991 -0.694165
16.540000 0.754076 -0.686826
16.550000 0.761092 -0.679416
16.560000 0.768038 -0.671937
16.570000 0.774912 -0.664390
16.580000 0.781715 -0.656774
16.590000 0.788445 -0.649090
16.600000 0.795103 -0.641339
16.610000 0.801687 -0.633523
16.620000 0.808197 -0.625641
16.630000 0.814632 -0.617694
16.640000 0.820992 -0.609683
16.650000 0.827276 -0.601609
16.660000 0.833484 -0.593472
16.670000 0.839615 -0.585274
16.680000 0.845668 -0.577014
16.690000 0.851643 -0.568694
16.700000 0.857539 -0.560314
16.710000 0.863357 -0.551875
16.720000 0.869094 -0.543378
16.730000 0.874752 -0.534823
16.740000 0.880328 -0.526212
16.750000 0.885824 -0.517544
16.760000 0.891237 -0.508822
16.770000 0.896569 -0.500045
16.780000 0.901818 -0.491214
16.790000 0.906984 -0.482330
16.800000 0.912066 -0.473394
16.810000 0.917064 -0.464407
16.820000 0.921978 -0.455369
16.830000 0.926806 -0.446281
16.840000 0.931550 -0.437145
16.850000 0.936207 -0.427960
16.860000 0.940779 -0.418727
16.870000 0.945263 -0.409448
16.880000 0.949661 -0.400123
16.890000 0.953972 -0.390752
16.900000 0.958195 -0.381338
16.910000 0.962329 -0.371879
16.920000 0.966375 -0.362379
16.930000 0.970333 -0.352836
16.940000 0.974201 -0.343252
16.950000 0.977980 -0.333628
16.960000 0.981669 -0.323964
16.970000 0.985267 -0.314261
16.980000 0.988776 -0.304521
16.990000 0.992193 -0.294743
17.000000 0.995519 -0.284929
17.010000 0.998755 -0.275080
17.020000 1.001898 -0.265196
17.030000 1.004950 -0.255278
17.040000 1.007909 -0.245327
17.050000 1.010776 -0.235344
17.060000 1.013550 -0.225330
17.070000 1.016232 -0.215285
17.080000 1.018820 -0.205210
17.090000 1.021315 -0.195106
17.100000 1.023717 -0.184974
17.110000 1.026025 -0.174814
17.120000 1.028239 -0.164628
17.130000 1.030358 -0.154416
17.140000 1.032384 -0.144180
17.150000 1.034315 -0.133919
17.160000 1.036151 -0.123635
17.170000 1.037893 -0.113328
17.180000 1.039540 -0.103000
17.190000 1.041091 -0.092650
17.200000 1.042548 -0.082281
17.210000 1.043909 -0.071892
17.220000 1.045174 -0.061485
17.230000 1.046344 -0.051060
17.240000 1.047419 -0.040618
17.250000 1.048398 -0.030160
17.260000 1.049281 -0.019686
17.270000 1.050068 -0.009198
17.280000 1.050759 0.001303
17.290000 1.051354 0.011818
17.300000 1.051854 0.022345
17.310000 1.052257 0.032884
17.320000 1.052564 0.043433
17.330000 1.052775 0.053992
17.340000 1.052889 0.064560
17.350000 1.052908 0.075137
17.360000 1.052830 0.085721
17.370000 1.052657 0.096312
17.380000 1.052387 0.106910
17.390000 1.052021 0.117512
17.400000 1.051558 0.128120
17.410000 1.051000 0.138731
17.420000 1.050346 0.149346
17.430000 1.049595 0.159963
17.440000 1.048749 0.170582
17.450000 1.047807 0.181201
17.460000 1.046769 0.191822
17.470000 1.045635 0.202442
17.480000 1.044406 0.213061
17.490000 1.043081 0.223678
17.500000 1.041660 0.234292
17.510000 1.040144 0.244904
17.520000 1.038533 0.255512
17.530000 1.036826 0.266116
17.540000 1.035025 0.276714
17.550000 1.033129 0.287307
17.560000 1.031137 0.297893
17.570000 1.029051 0.308473
17.580000 1.026871 0.319045
17.590000 1.024596 0.329608
17.600000 1.022227 0.340163
17.610000 1.019763 0.350708
17.620000 1.017206 0.361244
17.630000 1.014555 0.371768
17.640000 1.011811 0.382282
17.650000 1.008972 0.392784
17.660000 1.006041 0.403273
17.670000 1.003017 0.413750
17.680000 0.999899 0.424213
17.690000 0.996689 0.434663
17.700000 0.993387 0.445098
17.710000 0.989992 0.455518
17.720000 0.986505 0.465923
17.730000 0.982926 0.476312
17.740000 0.979255 0.486685
17.750000 0.975493 0.497041
17.760000 0.971640 0.507379
17.770000 0.967695 0.517700
17.780000 0.963660 0.528003
17.790000 0.959534 0.538287
17.800000 0.955318 0.548553
17.810000 0.951011 0.558799
17.820000 0.946615 0.569026
17.830000 0.942128 0.579233
17.840000 0.937553 0.589419
17.850000 0.932887 0.599585
17.860000 0.928133 0.609730
17.870000 0.923290 0.619854
17.880000 0.918359 0.629957
17.890000 0.913339 0.640037
17.900000 0.908230 0.650096
17.910000 0.903034 0.660133
17.920000 0.897750 0.670147
17.930000 0.892379 0.680139
17.940000 0.886920 0.690108
17.950000 0.881375 0.700054
17.960000 0.875742 0.709977
17.970000 0.870023 0.719878
17.980000 0.864218 0.729755
17.990000 0.858326 0.739609
18.000000 0.852348 0.749440
18.010000 0.846284 0.759247
18.020000 0.840135 0.769032
18.030000 0.833900 0.778793
18.040000 0.827580 0.788531
18.050000 0.821175 0.798246
18.060000 0.814685 0.807939
18.070000 0.808111 0.817609
18.080000 0.801451 0.827256
18.090000 0.794707 0.836881
18.100000 0.787879 0.846483
18.110000 0.780967 0.856064
18.120000 0.773970 0.865624
18.130000 0.766889 0.875162
18.140000 0.759725 0.884680
18.150000 0.752476 0.894177
18.160000 0.745144 0.903654
18.170000 0.737728 0.913112
18.180000 0.730228 0.922551
18.190000 0.722645 0.931972
18.200000 0.714978 0.941375
18.210000 0.707227 0.950760
18.220000 0.699392 0.960130
18.230000 0.691474 0.969484
18.240000 0.683471 0.978823
18.250000 0.675385 0.988148
18.260000 0.667214 0.997460
18.270000 0.658959 1.006761
18.280000 0.650620 1.016050
18.290000 0.642196 1.025329
18.300000 0.633686 1.034600
18.310000 0.625092 1.043863
18.320000 0.616413 1.053119
18.330000 0.607647 1.062371
18.340000 0.598795 1.071620
18.350000 0.589857 1.080867
18.360000 0.580832 1.090113
18.370000 0.571719 1.099361
18.380000 0.562518 1.108612
18.390000 0.553228 1.117868
18.400000 0.543849 1.127131
18.410000 0.534381 1.136404
18.420000 0.524821 1.145688
18.430000 0.515170 1.154986
18.440000 0.505426 1.164300
18.450000 0.495590 1.173632
18.460000 0.485659 1.182987
18.470000 0.475632 1.192366
18.480000 0.465509 1.201772
18.490000 0.455288 1.211209
18.500000 0.444969 1.220680
18.510000 0.434548 1.230188
18.520000 0.424026 1.239738
18.530000 0.413400 1.249333
18.540000 0.402669 1.258977
18.550000 0.391830 1.268676
18.560000 0.380882 1.278433
18.570000 0.369823 1.288253
18.580000 0.358651 1.298142
18.590000 0.347362 1.308105
18.600000 0.335955 1.318148
18.610000 0.324427 1.328277
18.620000 0.312774 1.338499
18.630000 0.300994 1.348821
18.640000 0.289083 1.359249
18.650000 0.277038 1.369793
18.660000 0.264854 1.380459
18.670000 0.252528 1.391258
18.680000 0.240056 1.402198
18.690000 0.227432 1.413289
18.700000 0.214651 1.424542
18.710000 0.201709 1.435969
18.720000 0.188599 1.447582
18.730000 0.175315 1.459393
18.740000 0.161851 1.471418
18.750000 0.148198 1.483670
18.760000 0.134350 1.496166
18.770000 0.120298 1.508923
18.780000 0.106032 1.521960
18.790000 0.091544 1.535297
18.800000 0.076823 1.548956
18.810000 0.061857 1.562961
18.820000 0.046633 1.577335
18.830000 0.031139 1.592109
18.840000 0.015360 1.607310
18.850000 -0.000721 1.622973
18.860000 -0.017120 1.639132
18.870000 -0.033857 1.655828
18.880000 -0.050952 1.673102
18.890000 -0.068428 1.691001
18.900000 -0.086311 1.709579
18.910000 -0.104629 1.728891
18.920000 -0.123411 1.749002
18.930000 -0.142693 1.769982
18.940000 -0.162511 1.791910
18.950000 -0.182909 1.814872
18.960000 -0.203933 1.838969
18.970000 -0.225637 1.864312
18.980000 -0.248082 1.891025
18.990000 -0.271334 1.919252
19.000000 -0.295472 1.949156
19.010000 -0.320583 1.980925
19.020000 -0.346771 2.014773
19.030000 -0.374152 2.050953
19.040000 -0.402864 2.089755
19.050000 -0.433067 2.131526
19.060000 -0.464952 2.176674
19.070000 -0.498745 2.225687
19.080000 -0.534717 2.279154
19.090000 -0.573199 2.337797
19.100000 -0.614597 2.402505
19.110000 -0.659417 2.474388
19.120000 -0.708301 2.554862
19.130000 -0.762070 2.645755
19.140000 -0.821809 2.749478
19.150000 -0.888972 2.869291
19.160000 -0.965572 3.009726
19.170000 -1.054490 3.177302
19.180000 -1.160031 3.381806
19.190000 -1.288976 3.638743
19.200000 -1.452802 3.974490
19.210000 -1.672933 4.438551
19.220000 -1.995609 5.138374
19.230000 -2.547957 6.371080
19.240000 -3.912661 9.507039


0.000000 0.000000 2.000000
0.010000 -0.020372 2.037129
0.020000 -0.041539 2.076697
0.030000 -0.063589 2.119003
0.040000 -0.086622 2.164404
0.050000 -0.110758 2.213319
0.060000 -0.136138 2.266248
0.070000 -0.162932 2.323796
0.080000 -0.191344 2.386697
0.090000 -0.221626 2.455857
0.100000 -0.254088 2.532405
0.110000 -0.289122 2.617771
0.120000 -0.327228 2.713798
0.130000 -0.369059 2.822909
0.140000 -0.415488 2.948357
0.150000 -0.467709 3.094643
0.160000 -0.527419 3.268191
0.170000 -0.597119 3.478563
0.180000 -0.680699 3.740733
0.190000 -0.784625 4.079795
0.200000 -0.920677 4.541847
0.210000 -1.113404 5.223767
0.220000 -1.426374 6.378623
0.230000 -2.112989 9.024756


0.000000 1.000000 -2.000000
0.010000 1.045505 -2.039759
0.020000 1.094318 -2.083400
0.030000 1.146958 -2.131564
0.040000 1.204065 -2.185044
0.050000 1.266441 -2.244836
0.060000 1.335105 -2.312209
0.070000 1.411376 -2.388814
0.080000 1.496997 -2.476836
0.090000 1.594325 -2.579250
0.100000 1.706651 -2.700215
0.110000 1.838725 -2.845765
0.120000 1.997727 -3.025052
0.130000 2.195128 -3.252758
0.140000 2.450706 -3.554298
0.150000 2.802324 -3.978529
0.160000 3.334954 -4.635556
0.170000 4.299036 -5.851320
0.180000 7.073568 -9.429165


0.000000 1.000000 -1.000000
0.010000 1.016102 -0.995980
0.020000 1.032415 -0.991922
0.030000 1.048950 -0.987828
0.040000 1.065721 -0.983700
0.050000 1.082740 -0.979540
0.060000 1.100022 -0.975350
0.070000 1.117583 -0.971133
0.080000 1.135438 -0.966892
0.090000 1.153605 -0.962628
0.100000 1.172104 -0.958346
0.110000 1.190955 -0.954048
0.120000 1.210180 -0.949739
0.130000 1.229803 -0.945420
0.140000 1.249850 -0.941098
0.150000 1.270349 -0.936775
0.160000 1.291330 -0.932457
0.170000 1.312827 -0.928148
0.180000 1.334876 -0.923855
0.190000 1.357515 -0.919584
0.200000 1.380788 -0.915340
0.210000 1.404742 -0.911131
0.220000 1.429429 -0.906966
0.230000 1.454907 -0.902853
0.240000 1.481237 -0.898802
0.250000 1.508491 -0.894824
0.260000 1.536745 -0.890931
0.270000 1.566087 -0.887137
0.280000 1.596612 -0.883457
0.290000 1.628429 -0.879909
0.300000 1.661660 -0.876512
0.310000 1.696444 -0.873288
0.320000 1.732936 -0.870263
0.330000 1.771316 -0.867467
0.340000 1.811789 -0.864934
0.350000 1.854591 -0.862702
0.360000 1.899997 -0.860818
0.370000 1.948326 -0.859337
0.380000 1.999954 -0.858322
0.390000 2.055329 -0.857852
0.400000 2.114982 -0.858018
0.410000 2.179557 -0.858934
0.420000 2.249838 -0.860739
0.430000 2.326792 -0.863608
0.440000 2.411630 -0.867758
0.450000 2.505887 -0.873471
0.460000 2.611551 -0.881114
0.470000 2.731239 -0.891176
0.480000 2.868489 -0.904322
0.490000 3.028216 -0.921490
0.500000 3.217491 -0.944038
0.510000 3.446927 -0.974028
0.520000 3.733349 -1.014762
0.530000 4.105404 -1.071922
0.540000 4.616954 -1.156297
0.550000 5.385320 -1.291644
0.560000 6.737303 -1.544841
0.570000 10.211458 -2.234387


0.000000 1.000000 0.000000
0.010000 0.999950 0.010000
0.020000 0.999800 0.019999
0.030000 0.999550 0.029996
0.040000 0.999200 0.039989
0.050000 0.998750 0.049979
0.060000 0.998201 0.059964
0.070000 0.997551 0.069943
0.080000 0.996802 0.079915
0.090000 0.995953 0.089879
0.100000 0.995004 0.099833
0.110000 0.993956 0.109778
0.120000 0.992809 0.119712
0.130000 0.991562 0.129634
0.140000 0.990216 0.139543
0.150000 0.988771 0.149438
0.160000 0.987227 0.159318
0.170000 0.985585 0.169182
0.180000 0.983844 0.179030
0.190000 0.982004 0.188859
0.200000 0.980067 0.198669
0.210000 0.978031 0.208460
0.220000 0.975897 0.218230
0.230000 0.973666 0.227978
0.240000 0.971338 0.237703
0.250000 0.968912 0.247404
0.260000 0.966390 0.257081
0.270000 0.963771 0.266731
0.280000 0.961055 0.276356
0.290000 0.958244 0.285952
0.300000 0.955336 0.295520
0.310000 0.952334 0.305059
0.320000 0.949235 0.314567
0.330000 0.946042 0.324043
0.340000 0.942755 0.333487
0.350000 0.939373 0.342898
0.360000 0.935897 0.352274
0.370000 0.932327 0.361615
0.380000 0.928665 0.370920
0.390000 0.924909 0.380188
0.400000 0.921061 0.389418
0.410000 0.917121 0.398609
0.420000 0.913089 0.407760
0.430000 0.908966 0.416871
0.440000 0.904752 0.425939
0.450000 0.900447 0.434966
0.460000 0.896052 0.443948
0.470000 0.891568 0.452886
0.480000 0.886995 0.461779
0.490000 0.882333 0.470626
0.500000 0.877583 0.479426
0.510000 0.872745 0.488177
0.520000 0.867819 0.496880
0.530000 0.862807 0.505533
0.540000 0.857709 0.514136
0.550000 0.852525 0.522687
0.560000 0.847255 0.531186
0.570000 0.841901 0.539632
0.580000 0.836463 0.548024
0.590000 0.830941 0.556361
0.600000 0.825336 0.564642
0.610000 0.819648 0.572867
0.620000 0.813878 0.581035
0.630000 0.808028 0.589145
0.640000 0.802096 0.597195
0.650000 0.796084 0.605186
0.660000 0.789992 0.613117
0.670000 0.783822 0.620986
0.680000 0.777573 0.628793
0.690000 0.771246 0.636537
0.700000 0.764842 0.644218
0.710000 0.758362 0.651834
0.720000 0.751806 0.659385
0.730000 0.745174 0.666870
0.740000 0.738469 0.674288
0.750000 0.731689 0.681639
0.760000 0.724836 0.688921
0.770000 0.717911 0.696135
0.780000 0.710914 0.703279
0.790000 0.703845 0.710353
0.800000 0.696707 0.717356
0.810000 0.689498 0.724287
0.820000 0.682221 0.731146
0.830000 0.674876 0.737931
0.840000 0.667463 0.744643
0.850000 0.659983 0.751280
0.860000 0.652437 0.757843
0.870000 0.644827 0.764329
0.880000 0.637151 0.770739
0.890000 0.629412 0.777072
0.900000 0.621610 0.783327
0.910000 0.613746 0.789504
0.920000 0.605820 0.795602
0.930000 0.597834 0.801620
0.940000 0.589788 0.807558
0.950000 0.581683 0.813416
0.960000 0.573520 0.819192
0.970000 0.565300 0.824886
0.980000 0.557023 0.830497
0.990000 0.548690 0.836026
1.000000 0.540302 0.841471
1.010000 0.531861 0.846832
1.020000 0.523366 0.852108
1.030000 0.514819 0.857299
1.040000 0.506220 0.862404
1.050000 0.497571 0.867423
1.060000 0.488872 0.872355
1.070000 0.480124 0.877201
1.080000 0.471328 0.881958
1.090000 0.462485 0.886627
1.100000 0.453596 0.891207
1.110000 0.444662 0.895699
1.120000 0.435682 0.900100
1.130000 0.426660 0.904412
1.140000 0.417595 0.908633
1.150000 0.408487 0.912764
1.160000 0.399340 0.916803
1.170000 0.390152 0.920751
1.180000 0.380925 0.924606
1.190000 0.371660 0.928369
1.200000 0.362358 0.932039
1.210000 0.353019 0.935616
1.220000 0.343646 0.939099
1.230000 0.334238 0.942489
1.240000 0.324796 0.945784
1.250000 0.315322 0.948985
1.260000 0.305817 0.952090
1.270000 0.296281 0.955101
1.280000 0.286715 0.958016
1.290000 0.277121 0.960835
1.300000 0.267499 0.963558
1.310000 0.257850 0.966185
1.320000 0.248175 0.968715
1.330000 0.238476 0.971148
1.340000 0.228753 0.973485
1.350000 0.219007 0.975723
1.360000 0.209239 0.977865
1.370000 0.199450 0.979908
1.380000 0.189641 0.981854
1.390000 0.179813 0.983701
1.400000 0.169967 0.985450
1.410000 0.160104 0.987100
1.420000 0.150225 0.988652
1.430000 0.140332 0.990105
1.440000 0.130424 0.991458
1.450000 0.120503 0.992713
1.460000 0.110570 0.993868
1.470000 0.100626 0.994924
1.480000 0.090672 0.995881
1.490000 0.080708 0.996738
1.500000 0.070737 0.997495
1.510000 0.060759 0.998152
1.520000 0.050774 0.998710
1.530000 0.040785 0.999168
1.540000 0.030791 0.999526
1.550000 0.020795 0.999784
1.560000 0.010796 0.999942
1.570000 0.000796 1.000000
1.580000 -0.009204 0.999958
1.590000 -0.019202 0.999816
1.600000 -0.029200 0.999574
1.610000 -0.039194 0.999232
1.620000 -0.049184 0.998790
1.630000 -0.059169 0.998248
1.640000 -0.069148 0.997606
1.650000 -0.079121 0.996865
1.660000 -0.089085 0.996024
1.670000 -0.099041 0.995083
1.680000 -0.108987 0.994043
1.690000 -0.118922 0.992904
1.700000 -0.128844 0.991665
1.710000 -0.138755 0.990327
1.720000 -0.148651 0.988890
1.730000 -0.158532 0.987354
1.740000 -0.168397 0.985719
1.750000 -0.178246 0.983986
1.760000 -0.188077 0.982154
1.770000 -0.197889 0.980224
1.780000 -0.207681 0.978197
1.790000 -0.217452 0.976071
1.800000 -0.227202 0.973848
1.810000 -0.236929 0.971527
1.820000 -0.246632 0.969109
1.830000 -0.256311 0.966594
1.840000 -0.265964 0.963983
1.850000 -0.275590 0.961275
1.860000 -0.285189 0.958471
1.870000 -0.294759 0.955572
1.880000 -0.304300 0.952576
1.890000 -0.313811 0.949486
1.900000 -0.323290 0.946300
1.910000 -0.332736 0.943020
1.920000 -0.342150 0.939645
1.930000 -0.351529 0.936177
1.940000 -0.360873 0.932615
1.950000 -0.370181 0.928960
1.960000 -0.379452 0.925212
1.970000 -0.388685 0.921371
1.980000 -0.397879 0.917438
1.990000 -0.407033 0.913413
2.000000 -0.416147 0.909297
2.010000 -0.425219 0.905091
2.020000 -0.434248 0.900793
2.030000 -0.443234 0.896406
2.040000 -0.452176 0.891929
2.050000 -0.461073 0.887362
2.060000 -0.469923 0.882707
2.070000 -0.478727 0.877964
2.080000 -0.487482 0.873133
2.090000 -0.496189 0.868215
2.100000 -0.504846 0.863209
2.110000 -0.513453 0.858118
2.120000 -0.522008 0.852940
2.130000 -0.530511 0.847678
2.140000 -0.538961 0.842330
2.150000 -0.547358 0.836899
2.160000 -0.555699 0.831383
2.170000 -0.563985 0.825785
2.180000 -0.572215 0.820104
2.190000 -0.580387 0.814341
2.200000 -0.588501 0.808496
2.210000 -0.596557 0.802571
2.220000 -0.604552 0.796565
2.230000 -0.612488 0.790480
2.240000 -0.620362 0.784316
2.250000 -0.628174 0.778073
2.260000 -0.635923 0.771753
2.270000 -0.643608 0.765355
2.280000 -0.651230 0.758881
2.290000 -0.658786 0.752331
2.300000 -0.666276 0.745705
2.310000 -0.673700 0.739005
2.320000 -0.681056 0.732231
2.330000 -0.688344 0.725384
2.340000 -0.695563 0.718465
2.350000 -0.702713 0.711473
2.360000 -0.709793 0.704411
2.370000 -0.716801 0.697278
2.380000 -0.723738 0.690075
2.390000 -0.730602 0.682803
2.400000 -0.737394 0.675463
2.410000 -0.744111 0.668056
2.420000 -0.750755 0.660581
2.430000 -0.757323 0.653041
2.440000 -0.763815 0.645435
2.450000 -0.770231 0.637765
2.460000 -0.776570 0.630031
2.470000 -0.782832 0.622234
2.480000 -0.789015 0.614374
2.490000 -0.795119 0.606454
2.500000 -0.801144 0.598472
2.510000 -0.807088 0.590431
2.520000 -0.812952 0.582331
2.530000 -0.818735 0.574172
2.540000 -0.824435 0.565956
2.550000 -0.830054 0.557684
2.560000 -0.835589 0.549355
2.570000 -0.841040 0.540972
2.580000 -0.846408 0.532535
2.590000 -0.851691 0.524044
2.600000 -0.856889 0.515501
2.610000 -0.862001 0.506907
2.620000 -0.867027 0.498262
2.630000 -0.871966 0.489567
2.640000 -0.876818 0.480823
2.650000 -0.881582 0.472031
2.660000 -0.886258 0.463191
2.670000 -0.890846 0.454306
2.680000 -0.895344 0.445375
2.690000 -0.899753 0.436399
2.700000 -0.904072 0.427380
2.710000 -0.908301 0.418318
2.720000 -0.912438 0.409214
2.730000 -0.916485 0.400069
2.740000 -0.920440 0.390885
2.750000 -0.924302 0.381661
2.760000 -0.928073 0.372399
2.770000 -0.931750 0.363100
2.780000 -0.935335 0.353764
2.790000 -0.938825 0.344393
2.800000 -0.942222 0.334988
2.810000 -0.945525 0.325549
2.820000 -0.948733 0.316078
2.830000 -0.951847 0.306575
2.840000 -0.954865 0.297041
2.850000 -0.957787 0.287478
2.860000 -0.960614 0.277886
2.870000 -0.963345 0.268266
2.880000 -0.965979 0.258619
2.890000 -0.968517 0.248947
2.900000 -0.970958 0.239249
2.910000 -0.973302 0.229528
2.920000 -0.975549 0.219784
2.930000 -0.977698 0.210017
2.940000 -0.979749 0.200230
2.950000 -0.981702 0.190423
2.960000 -0.983557 0.180596
2.970000 -0.985314 0.170752
2.980000 -0.986972 0.160890
2.990000 -0.988532 0.151013
3.000000 -0.989992 0.141120
3.010000 -0.991354 0.131213
3.020000 -0.992617 0.121293
3.030000 -0.993780 0.111361
3.040000 -0.994844 0.101418
3.050000 -0.995808 0.091465
3.060000 -0.996673 0.081502
3.070000 -0.997438 0.071532
3.080000 -0.998104 0.061554
3.090000 -0.998669 0.051570
3.100000 -0.999135 0.041581
3.110000 -0.999501 0.031587
3.120000 -0.999767 0.021591
3.130000 -0.999933 0.011592
3.140000 -0.999999 0.001593
3.150000 -0.999965 -0.008407
3.160000 -0.999831 -0.018406
3.170000 -0.999597 -0.028404
3.180000 -0.999263 -0.038398
3.190000 -0.998829 -0.048388
3.200000 -0.998295 -0.058374
3.210000 -0.997661 -0.068354
3.220000 -0.996928 -0.078327
3.230000 -0.996095 -0.088292
3.240000 -0.995162 -0.098249
3.250000 -0.994130 -0.108195
3.260000 -0.992998 -0.118131
3.270000 -0.991767 -0.128055
3.280000 -0.990437 -0.137966
3.290000 -0.989008 -0.147863
3.300000 -0.987480 -0.157746
3.310000 -0.985853 -0.167612
3.320000 -0.984128 -0.177462
3.330000 -0.982304 -0.187295
3.340000 -0.980382 -0.197108
3.350000 -0.978362 -0.206902
3.360000 -0.976244 -0.216675
3.370000 -0.974028 -0.226427
3.380000 -0.971715 -0.236155
3.390000 -0.969305 -0.245861
3.400000 -0.966798 -0.255541
3.410000 -0.964194 -0.265196
3.420000 -0.961494 -0.274825
3.430000 -0.958698 -0.284426
3.440000 -0.955806 -0.293998
3.450000 -0.952818 -0.303542
3.460000 -0.949735 -0.313054
3.470000 -0.946557 -0.322536
3.480000 -0.943285 -0.331985
3.490000 -0.939918 -0.341401
3.500000 -0.936457 -0.350783
3.510000 -0.932902 -0.360130
3.520000 -0.929254 -0.369441
3.530000 -0.925513 -0.378715
3.540000 -0.921680 -0.387951
3.550000 -0.917755 -0.397148
3.560000 -0.913737 -0.406306
3.570000 -0.909629 -0.415423
3.580000 -0.905429 -0.424498
3.590000 -0.901139 -0.433531
3.600000 -0.896758 -0.442520
3.610000 -0.892288 -0.451466
3.620000 -0.887729 -0.460366
3.630000 -0.883081 -0.469220
3.640000 -0.878345 -0.478027
3.650000 -0.873521 -0.486787
3.660000 -0.868609 -0.495497
3.670000 -0.863611 -0.504159
3.680000 -0.858526 -0.512769
3.690000 -0.853356 -0.521329
3.700000 -0.848100 -0.529836
3.710000 -0.842759 -0.538291
3.720000 -0.837334 -0.546691
3.730000 -0.831826 -0.555037
3.740000 -0.826234 -0.563327
3.750000 -0.820559 -0.571561
3.760000 -0.814803 -0.579738
3.770000 -0.808965 -0.587857
3.780000 -0.803046 -0.595917
3.790000 -0.797047 -0.603918
3.800000 -0.790968 -0.611858
3.810000 -0.784810 -0.619737
3.820000 -0.778573 -0.627554
3.830000 -0.772259 -0.635308
3.840000 -0.765867 -0.642999
3.850000 -0.759399 -0.650625
3.860000 -0.752855 -0.658186
3.870000 -0.746236 -0.665682
3.880000 -0.739542 -0.673111
3.890000 -0.732774 -0.680473
3.900000 -0.725932 -0.687766
3.910000 -0.719018 -0.694991
3.920000 -0.712033 -0.702146
3.930000 -0.704976 -0.709231
3.940000 -0.697848 -0.716246
3.950000 -0.690651 -0.723188
3.960000 -0.683385 -0.730058
3.970000 -0.676050 -0.736856
3.980000 -0.668648 -0.743579
3.990000 -0.661179 -0.750228
4.000000 -0.653644 -0.756802
4.010000 -0.646043 -0.763301
4.020000 -0.638378 -0.769723
4.030000 -0.630649 -0.776068
4.040000 -0.622857 -0.782336
4.050000 -0.615002 -0.788525
4.060000 -0.607087 -0.794636
4.070000 -0.599110 -0.800667
4.080000 -0.591073 -0.806618
4.090000 -0.582978 -0.812488
4.100000 -0.574824 -0.818277
4.110000 -0.566613 -0.823984
4.120000 -0.558345 -0.829609
4.130000 -0.550021 -0.835151
4.140000 -0.541642 -0.840609
4.150000 -0.533209 -0.845984
4.160000 -0.524722 -0.851273
4.170000 -0.516184 -0.856478
4.180000 -0.507593 -0.861597
4.190000 -0.498952 -0.866630
4.200000 -0.490261 -0.871576
4.210000 -0.481521 -0.876435
4.220000 -0.472732 -0.881206
4.230000 -0.463897 -0.885889
4.240000 -0.455015 -0.890484
4.250000 -0.446087 -0.894989
4.260000 -0.437115 -0.899405
4.270000 -0.428100 -0.903732
4.280000 -0.419041 -0.907967
4.290000 -0.409941 -0.912112
4.300000 -0.400799 -0.916166
4.310000 -0.391618 -0.920128
4.320000 -0.382397 -0.923998
4.330000 -0.373138 -0.927776
4.340000 -0.363842 -0.931461
4.350000 -0.354509 -0.935053
4.360000 -0.345141 -0.938551
4.370000 -0.335738 -0.941955
4.380000 -0.326302 -0.945266
4.390000 -0.316833 -0.948481
4.400000 -0.307333 -0.951602
4.410000 -0.297802 -0.954628
4.420000 -0.288241 -0.957558
4.430000 -0.278651 -0.960392
4.440000 -0.269033 -0.963131
4.450000 -0.259389 -0.965773
4.460000 -0.249718 -0.968319
4.470000 -0.240022 -0.970767
4.480000 -0.230303 -0.973119
4.490000 -0.220560 -0.975373
4.500000 -0.210796 -0.977530
4.510000 -0.201010 -0.979589
4.520000 -0.191204 -0.981550
4.530000 -0.181379 -0.983413
4.540000 -0.171536 -0.985178
4.550000 -0.161676 -0.986844
4.560000 -0.151800 -0.988411
4.570000 -0.141908 -0.989880
4.580000 -0.132003 -0.991249
4.590000 -0.122084 -0.992520
4.600000 -0.112153 -0.993691
4.610000 -0.102210 -0.994763
4.620000 -0.092258 -0.995735
4.630000 -0.082296 -0.996608
4.640000 -0.072326 -0.997381
4.650000 -0.062349 -0.998054
4.660000 -0.052365 -0.998628
4.670000 -0.042376 -0.999102
4.680000 -0.032383 -0.999476
4.690000 -0.022387 -0.999749
4.700000 -0.012389 -0.999923
4.710000 -0.002389 -0.999997
4.720000 0.007611 -0.999971
4.730000 0.017610 -0.999845
4.740000 0.027608 -0.999619
4.750000 0.037602 -0.999293
4.760000 0.047593 -0.998867
4.770000 0.057579 -0.998341
4.780000 0.067560 -0.997715
4.790000 0.077533 -0.996990
4.800000 0.087499 -0.996165
4.810000 0.097456 -0.995240
4.820000 0.107403 -0.994216
4.830000 0.117340 -0.993092
4.840000 0.127265 -0.991869
4.850000 0.137177 -0.990547
4.860000 0.147076 -0.989125
4.870000 0.156959 -0.987605
4.880000 0.166827 -0.985986
4.890000 0.176679 -0.984269
4.900000 0.186512 -0.982453
4.910000 0.196327 -0.980538
4.920000 0.206123 -0.978526
4.930000 0.215898 -0.976416
4.940000 0.225651 -0.974208
4.950000 0.235381 -0.971903
4.960000 0.245089 -0.969501
4.970000 0.254771 -0.967001
4.980000 0.264428 -0.964405
4.990000 0.274059 -0.961713
5.000000 0.283662 -0.958924
5.010000 0.293237 -0.956040
5.020000 0.302783 -0.953060
5.030000 0.312298 -0.949984
5.040000 0.321782 -0.946814
5.050000 0.331234 -0.943549
5.060000 0.340653 -0.940189
5.070000 0.350037 -0.936736
5.080000 0.359387 -0.933189
5.090000 0.368701 -0.929548
5.100000 0.377978 -0.925815
5.110000 0.387217 -0.921989
5.120000 0.396417 -0.918070
5.130000 0.405578 -0.914060
5.140000 0.414698 -0.909959
5.150000 0.423777 -0.905767
5.160000 0.432813 -0.901484
5.170000 0.441806 -0.897111
5.180000 0.450755 -0.892648
5.190000 0.459659 -0.888096
5.200000 0.468517 -0.883455
5.210000 0.477328 -0.878725
5.220000 0.486091 -0.873908
5.230000 0.494806 -0.869004
5.240000 0.503471 -0.864012
5.250000 0.512085 -0.858935
5.260000 0.520649 -0.853771
5.270000 0.529161 -0.848522
5.280000 0.537619 -0.843188
5.290000 0.546024 -0.837770
5.300000 0.554374 -0.832267
5.310000 0.562669 -0.826682
5.320000 0.570908 -0.821014
5.330000 0.579089 -0.815264
5.340000 0.587213 -0.809433
5.350000 0.595278 -0.803520
5.360000 0.603283 -0.797527
5.370000 0.611228 -0.791455
5.380000 0.619112 -0.785303
5.390000 0.626934 -0.779073
5.400000 0.634693 -0.772765
5.410000 0.642389 -0.766379
5.420000 0.650020 -0.759917
5.430000 0.657587 -0.753379
5.440000 0.665088 -0.746765
5.450000 0.672522 -0.740077
5.460000 0.679889 -0.733315
5.470000 0.687188 -0.726480
5.480000 0.694418 -0.719572
5.490000 0.701579 -0.712592
5.500000 0.708670 -0.705540
5.510000 0.715690 -0.698418
5.520000 0.722638 -0.691227
5.530000 0.729514 -0.683966
5.540000 0.736317 -0.676637
5.550000 0.743046 -0.669240
5.560000 0.749702 -0.661776
5.570000 0.756282 -0.654246
5.580000 0.762786 -0.646651
5.590000 0.769215 -0.638991
5.600000 0.775566 -0.631267
5.610000 0.781840 -0.623480
5.620000 0.788035 -0.615630
5.630000 0.794152 -0.607719
5.640000 0.800189 -0.599747
5.650000 0.806147 -0.591716
5.660000 0.812024 -0.583625
5.670000 0.817819 -0.575475
5.680000 0.823533 -0.567269
5.690000 0.829164 -0.559005
5.700000 0.834713 -0.550686
5.710000 0.840178 -0.542311
5.720000 0.845559 -0.533882
5.730000 0.850855 -0.525400
5.740000 0.856067 -0.516865
5.750000 0.861192 -0.508279
5.760000 0.866232 -0.499642
5.770000 0.871185 -0.490955
5.780000 0.876051 -0.482218
5.790000 0.880829 -0.473434
5.800000 0.885520 -0.464602
5.810000 0.890121 -0.455724
5.820000 0.894634 -0.446800
5.830000 0.899057 -0.437832
5.840000 0.903390 -0.428819
5.850000 0.907633 -0.419764
5.860000 0.911786 -0.410667
5.870000 0.915847 -0.401529
5.880000 0.919816 -0.392350
5.890000 0.923693 -0.383133
5.900000 0.927478 -0.373877
5.910000 0.931171 -0.364583
5.920000 0.934770 -0.355254
5.930000 0.938276 -0.345888
5.940000 0.941688 -0.336488
5.950000 0.945005 -0.327055
5.960000 0.948229 -0.317589
5.970000 0.951357 -0.308091
5.980000 0.954390 -0.298562
5.990000 0.957328 -0.289003
6.000000 0.960170 -0.279416
6.010000 0.962916 -0.269800
6.020000 0.965566 -0.260158
6.030000 0.968120 -0.250489
6.040000 0.970576 -0.240795
6.050000 0.972935 -0.231078
6.060000 0.975197 -0.221337
6.070000 0.977362 -0.211574
6.080000 0.979429 -0.201790
6.090000 0.981398 -0.191986
6.100000 0.983269 -0.182163
6.110000 0.985041 -0.172321
6.120000 0.986715 -0.162462
6.130000 0.988290 -0.152587
6.140000 0.989767 -0.142697
6.150000 0.991144 -0.132792
6.160000 0.992422 -0.122874
6.170000 0.993601 -0.112944
6.180000 0.994681 -0.103002
6.190000 0.995661 -0.093051
6.200000 0.996542 -0.083089
6.210000 0.997323 -0.073120
6.220000 0.998005 -0.063143
6.230000 0.998586 -0.053160
6.240000 0.999068 -0.043172
6.250000 0.999450 -0.033179
6.260000 0.999731 -0.023183
6.270000 0.999913 -0.013185
6.280000 0.999995 -0.003185
6.290000 0.999977 0.006815
6.300000 0.999859 0.016814
6.310000 0.999641 0.026811
6.320000 0.999323 0.036806
6.330000 0.998904 0.046798
6.340000 0.998387 0.056784
6.350000 0.997769 0.066765
6.360000 0.997051 0.076739
6.370000 0.996234 0.086706
6.380000 0.995317 0.096664
6.390000 0.994301 0.106612
6.400000 0.993185 0.116549
6.410000 0.991970 0.126475
6.420000 0.990656 0.136388
6.430000 0.989242 0.146288
6.440000 0.987730 0.156173
6.450000 0.986119 0.166042
6.460000 0.984409 0.175895
6.470000 0.982601 0.185730
6.480000 0.980695 0.195547
6.490000 0.978690 0.205344
6.500000 0.976588 0.215120
6.510000 0.974388 0.224875
6.520000 0.972090 0.234607
6.530000 0.969696 0.244316
6.540000 0.967204 0.254001
6.550000 0.964616 0.263660
6.560000 0.961931 0.273293
6.570000 0.959150 0.282899
6.580000 0.956273 0.292476
6.590000 0.953301 0.302024
6.600000 0.950233 0.311541
6.610000 0.947070 0.321028
6.620000 0.943812 0.330482
6.630000 0.940460 0.339904
6.640000 0.937014 0.349291
6.650000 0.933475 0.358644
6.660000 0.929842 0.367961
6.670000 0.926116 0.377240
6.680000 0.922297 0.386483
6.690000 0.918386 0.395686
6.700000 0.914383 0.404850
6.710000 0.910289 0.413973
6.720000 0.906104 0.423055
6.730000 0.901828 0.432095
6.740000 0.897462 0.441092
6.750000 0.893006 0.450044
6.760000 0.888461 0.458952
6.770000 0.883828 0.467813
6.780000 0.879105 0.476628
6.790000 0.874295 0.485395
6.800000 0.869398 0.494113
6.810000 0.864413 0.502783
6.820000 0.859342 0.511401
6.830000 0.854185 0.519969
6.840000 0.848943 0.528485
6.850000 0.843616 0.536948
6.860000 0.838204 0.545357
6.870000 0.832709 0.553712
6.880000 0.827130 0.562011
6.890000 0.821469 0.570254
6.900000 0.815725 0.578440
6.910000 0.809900 0.586568
6.920000 0.803994 0.594638
6.930000 0.798008 0.602648
6.940000 0.791941 0.610597
6.950000 0.785796 0.618486
6.960000 0.779572 0.626313
6.970000 0.773270 0.634077
6.980000 0.766890 0.641778
6.990000 0.760434 0.649415
7.000000 0.753902 0.656987
7.010000 0.747295 0.664493
7.020000 0.740613 0.671932
7.030000 0.733857 0.679305
7.040000 0.727027 0.686609
7.050000 0.720125 0.693845
7.060000 0.713150 0.701012
7.070000 0.706105 0.708108
7.080000 0.698988 0.715133
7.090000 0.691802 0.722087
7.100000 0.684547 0.728969
7.110000 0.677223 0.735778
7.120000 0.669832 0.742513
7.130000 0.662373 0.749175
7.140000 0.654848 0.755761
7.150000 0.647258 0.762271
7.160000 0.639603 0.768706
7.170000 0.631884 0.775063
7.180000 0.624102 0.781343
7.190000 0.616258 0.787545
7.200000 0.608351 0.793668
7.210000 0.600385 0.799712
7.220000 0.592358 0.805676
7.230000 0.584271 0.811559
7.240000 0.576127 0.817361
7.250000 0.567924 0.823081
7.260000 0.559665 0.828719
7.270000 0.551350 0.834274
7.280000 0.542980 0.839746
7.290000 0.534556 0.845134
7.300000 0.526078 0.850437
7.310000 0.517547 0.855655
7.320000 0.508965 0.860788
7.330000 0.500332 0.865834
7.340000 0.491648 0.870794
7.350000 0.482916 0.875667
7.360000 0.474135 0.880452
7.370000 0.465307 0.885150
7.380000 0.456433 0.889758
7.390000 0.447512 0.894278
7.400000 0.438547 0.898708
7.410000 0.429539 0.903049
7.420000 0.420487 0.907299
7.430000 0.411393 0.911458
7.440000 0.402258 0.915527
7.450000 0.393083 0.919504
7.460000 0.383868 0.923388
7.470000 0.374615 0.927181
7.480000 0.365325 0.930880
7.490000 0.355998 0.934487
7.500000 0.346635 0.938000
7.510000 0.337238 0.941420
7.520000 0.327807 0.944745
7.530000 0.318344 0.947976
7.540000 0.308848 0.951112
7.550000 0.299322 0.954153
7.560000 0.289765 0.957098
7.570000 0.280180 0.959948
7.580000 0.270567 0.962702
7.590000 0.260926 0.965359
7.600000 0.251260 0.967920
7.610000 0.241568 0.970384
7.620000 0.231853 0.972751
7.630000 0.222114 0.975021
7.640000 0.212352 0.977194
7.650000 0.202570 0.979268
7.660000 0.192767 0.981245
7.670000 0.182946 0.983124
7.680000 0.173105 0.984904
7.690000 0.163248 0.986586
7.700000 0.153374 0.988169
7.710000 0.143485 0.989653
7.720000 0.133581 0.991038
7.730000 0.123664 0.992325
7.740000 0.113735 0.993512
7.750000 0.103794 0.994599
7.760000 0.093843 0.995587
7.770000 0.083883 0.996476
7.780000 0.073914 0.997265
7.790000 0.063938 0.997954
7.800000 0.053955 0.998544
7.810000 0.043967 0.999034
7.820000 0.033975 0.999423
7.830000 0.023979 0.999713
7.840000 0.013981 0.999903
7.850000 0.003982 0.999993
7.860000 -0.006018 0.999982
7.870000 -0.016018 0.999872
7.880000 -0.026015 0.999662
7.890000 -0.036011 0.999352
7.900000 -0.046002 0.998942
7.910000 -0.055989 0.998432
7.920000 -0.065970 0.997822
7.930000 -0.075945 0.997113
7.940000 -0.085912 0.996303
7.950000 -0.095871 0.995394
7.960000 -0.105820 0.994386
7.970000 -0.115758 0.993278
7.980000 -0.125685 0.992071
7.990000 -0.135599 0.990764
8.000000 -0.145500 0.989359
8.010000 -0.155386 0.987854
8.020000 -0.165257 0.986251
8.030000 -0.175111 0.984549
8.040000 -0.184948 0.982749
8.050000 -0.194766 0.980851
8.060000 -0.204564 0.978854
8.070000 -0.214342 0.976759
8.080000 -0.224099 0.974567
8.090000 -0.233833 0.972277
8.100000 -0.243544 0.969891
8.110000 -0.253231 0.967407
8.120000 -0.262892 0.964826
8.130000 -0.272527 0.962149
8.140000 -0.282135 0.959376
8.150000 -0.291714 0.956506
8.160000 -0.301265 0.953541
8.170000 -0.310785 0.950481
8.180000 -0.320274 0.947326
8.190000 -0.329731 0.944076
8.200000 -0.339155 0.940731
8.210000 -0.348545 0.937293
8.220000 -0.357901 0.933761
8.230000 -0.367220 0.930135
8.240000 -0.376503 0.926416
8.250000 -0.385748 0.922605
8.260000 -0.394955 0.918702
8.270000 -0.404122 0.914706
8.280000 -0.413249 0.910619
8.290000 -0.422334 0.906441
8.300000 -0.431377 0.902173
8.310000 -0.440377 0.897814
8.320000 -0.449333 0.893365
8.330000 -0.458244 0.888827
8.340000 -0.467110 0.884201
8.350000 -0.475928 0.879485
8.360000 -0.484699 0.874682
8.370000 -0.493421 0.869792
8.380000 -0.502095 0.864814
8.390000 -0.510717 0.859750
8.400000 -0.519289 0.854600
8.410000 -0.527809 0.849364
8.420000 -0.536276 0.844044
8.430000 -0.544690 0.838639
8.440000 -0.553049 0.833150
8.450000 -0.561352 0.827578
8.460000 -0.569600 0.821923
8.470000 -0.577791 0.816186
8.480000 -0.585924 0.810368
8.490000 -0.593998 0.804468
8.500000 -0.602013 0.798488
8.510000 -0.609967 0.792428
8.520000 -0.617861 0.786289
8.530000 -0.625693 0.780071
8.540000 -0.633462 0.773775
8.550000 -0.641168 0.767402
8.560000 -0.648810 0.760952
8.570000 -0.656387 0.754426
8.580000 -0.663898 0.747825
8.590000 -0.671343 0.741149
8.600000 -0.678721 0.734398
8.610000 -0.686031 0.727574
8.620000 -0.693272 0.720678
8.630000 -0.700444 0.713709
8.640000 -0.707546 0.706669
8.650000 -0.714577 0.699558
8.660000 -0.721537 0.692378
8.670000 -0.728425 0.685128
8.680000 -0.735240 0.677810
8.690000 -0.741981 0.670423
8.700000 -0.748648 0.662970
8.710000 -0.755240 0.655451
8.720000 -0.761757 0.647866
8.730000 -0.768197 0.640216
8.740000 -0.774561 0.632502
8.750000 -0.780847 0.624725
8.760000 -0.787055 0.616885
8.770000 -0.793185 0.608984
8.780000 -0.799235 0.601022
8.790000 -0.805205 0.593000
8.800000 -0.811094 0.584918
8.810000 -0.816903 0.576778
8.820000 -0.822630 0.568580
8.830000 -0.828274 0.560326
8.840000 -0.833836 0.552015
8.850000 -0.839315 0.543649
8.860000 -0.844709 0.535229
8.870000 -0.850019 0.526756
8.880000 -0.855244 0.518229
8.890000 -0.860384 0.509651
8.900000 -0.865437 0.501022
8.910000 -0.870404 0.492343
8.920000 -0.875284 0.483614
8.930000 -0.880076 0.474837
8.940000 -0.884780 0.466013
8.950000 -0.889396 0.457142
8.960000 -0.893923 0.448225
8.970000 -0.898361 0.439264
8.980000 -0.902708 0.430258
8.990000 -0.906966 0.421210
9.000000 -0.911132 0.412119
9.010000 -0.915208 0.402988
9.020000 -0.919192 0.393816
9.030000 -0.923084 0.384604
9.040000 -0.926884 0.375354
9.050000 -0.930591 0.366067
9.060000 -0.934205 0.356743
9.070000 -0.937726 0.347383
9.080000 -0.941153 0.337989
9.090000 -0.944486 0.328560
9.100000 -0.947724 0.319099
9.110000 -0.950868 0.309606
9.120000 -0.953916 0.300082
9.130000 -0.956869 0.290528
9.140000 -0.959727 0.280945
9.150000 -0.962488 0.271334
9.160000 -0.965153 0.261696
9.170000 -0.967722 0.252031
9.180000 -0.970194 0.242342
9.190000 -0.972569 0.232628
9.200000 -0.974846 0.222891
9.210000 -0.977027 0.213131
9.220000 -0.979109 0.203350
9.230000 -0.981094 0.193549
9.240000 -0.982980 0.183729
9.250000 -0.984768 0.173890
9.260000 -0.986458 0.164034
9.270000 -0.988049 0.154161
9.280000 -0.989541 0.144273
9.290000 -0.990934 0.134371
9.300000 -0.992229 0.124455
9.310000 -0.993424 0.114526
9.320000 -0.994519 0.104587
9.330000 -0.995515 0.094636
9.340000 -0.996412 0.084677
9.350000 -0.997209 0.074709
9.360000 -0.997906 0.064733
9.370000 -0.998504 0.054751
9.380000 -0.999001 0.044763
9.390000 -0.999399 0.034771
9.400000 -0.999697 0.024776
9.410000 -0.999895 0.014777
9.420000 -0.999992 0.004778
9.430000 -0.999990 -0.005222
9.440000 -0.999888 -0.015222
9.450000 -0.999686 -0.025219
9.460000 -0.999384 -0.035215
9.470000 -0.998982 -0.045207
9.480000 -0.998480 -0.055194
9.490000 -0.997878 -0.065176
9.500000 -0.997176 -0.075151
9.510000 -0.996375 -0.085119
9.520000 -0.995474 -0.095079
9.530000 -0.994474 -0.105028
9.540000 -0.993374 -0.114968
9.550000 -0.992174 -0.124896
9.560000 -0.990876 -0.134811
9.570000 -0.989478 -0.144713
9.580000 -0.987982 -0.154600
9.590000 -0.986386 -0.164472
9.600000 -0.984692 -0.174328
9.610000 -0.982900 -0.184166
9.620000 -0.981009 -0.193985
9.630000 -0.979021 -0.203786
9.640000 -0.976934 -0.213565
9.650000 -0.974749 -0.223324
9.660000 -0.972468 -0.233060
9.670000 -0.970088 -0.242773
9.680000 -0.967612 -0.252462
9.690000 -0.965039 -0.262125
9.700000 -0.962370 -0.271762
9.710000 -0.959604 -0.281372
9.720000 -0.956743 -0.290954
9.730000 -0.953785 -0.300507
9.740000 -0.950733 -0.310029
9.750000 -0.947585 -0.319521
9.760000 -0.944343 -0.328981
9.770000 -0.941006 -0.338408
9.780000 -0.937575 -0.347801
9.790000 -0.934050 -0.357159
9.800000 -0.930432 -0.366481
9.810000 -0.926721 -0.375767
9.820000 -0.922917 -0.385015
9.830000 -0.919021 -0.394225
9.840000 -0.915032 -0.403396
9.850000 -0.910953 -0.412526
9.860000 -0.906782 -0.421614
9.870000 -0.902521 -0.430661
9.880000 -0.898169 -0.439665
9.890000 -0.893728 -0.448624
9.900000 -0.889197 -0.457539
9.910000 -0.884577 -0.466408
9.920000 -0.879869 -0.475230
9.930000 -0.875073 -0.484005
9.940000 -0.870189 -0.492732
9.950000 -0.865219 -0.501409
9.960000 -0.860162 -0.510036
9.970000 -0.855018 -0.518612
9.980000 -0.849790 -0.527136
9.990000 -0.844476 -0.535607
10.000000 -0.839078 -0.544025
10.010000 -0.833596 -0.552389
10.020000 -0.828030 -0.560697
10.030000 -0.822382 -0.568949
10.040000 -0.816652 -0.577144
10.050000 -0.810840 -0.585282
10.060000 -0.804947 -0.593361
10.070000 -0.798973 -0.601381
10.080000 -0.792919 -0.609340
10.090000 -0.786786 -0.617239
10.100000 -0.780575 -0.625076
10.110000 -0.774285 -0.632850
10.120000 -0.767918 -0.640562
10.130000 -0.761474 -0.648209
10.140000 -0.754954 -0.655791
10.150000 -0.748359 -0.663308
10.160000 -0.741689 -0.670758
10.170000 -0.734944 -0.678141
10.180000 -0.728126 -0.685457
10.190000 -0.721235 -0.692704
10.200000 -0.714273 -0.699881
10.210000 -0.707238 -0.706989
10.220000 -0.700133 -0.714026
10.230000 -0.692958 -0.720992
10.240000 -0.685714 -0.727885
10.250000 -0.678401 -0.734706
10.260000 -0.671020 -0.741453
10.270000 -0.663572 -0.748126
10.280000 -0.656058 -0.754725
10.290000 -0.648478 -0.761247
10.300000 -0.640833 -0.767694
10.310000 -0.633125 -0.774064
10.320000 -0.625353 -0.780357
10.330000 -0.617518 -0.786571
10.340000 -0.609622 -0.792707
10.350000 -0.601664 -0.798764
10.360000 -0.593647 -0.804740
10.370000 -0.585570 -0.810637
10.380000 -0.577434 -0.816452
10.390000 -0.569241 -0.822185
10.400000 -0.560991 -0.827837
10.410000 -0.552685 -0.833405
10.420000 -0.544323 -0.838890
10.430000 -0.535908 -0.844292
10.440000 -0.527438 -0.849609
10.450000 -0.518916 -0.854841
10.460000 -0.510342 -0.859987
10.470000 -0.501717 -0.865047
10.480000 -0.493041 -0.870021
10.490000 -0.484317 -0.874908
10.500000 -0.475543 -0.879708
10.510000 -0.466723 -0.884419
10.520000 -0.457856 -0.889043
10.530000 -0.448942 -0.893577
10.540000 -0.439984 -0.898022
10.550000 -0.430982 -0.902377
10.560000 -0.421937 -0.906641
10.570000 -0.412850 -0.910815
10.580000 -0.403722 -0.914899
10.590000 -0.394553 -0.918890
10.600000 -0.385344 -0.922790
10.610000 -0.376097 -0.926597
10.620000 -0.366813 -0.930312
10.630000 -0.357491 -0.933934
10.640000 -0.348134 -0.937462
10.650000 -0.338743 -0.940897
10.660000 -0.329317 -0.944237
10.670000 -0.319858 -0.947483
10.680000 -0.310368 -0.950635
10.690000 -0.300846 -0.953691
10.700000 -0.291294 -0.956652
10.710000 -0.281714 -0.959517
10.720000 -0.272104 -0.962286
10.730000 -0.262468 -0.964959
10.740000 -0.252806 -0.967536
10.750000 -0.243118 -0.970016
10.760000 -0.233406 -0.972399
10.770000 -0.223670 -0.974684
10.780000 -0.213913 -0.976873
10.790000 -0.204133 -0.978963
10.800000 -0.194334 -0.980956
10.810000 -0.184515 -0.982850
10.820000 -0.174677 -0.984646
10.830000 -0.164822 -0.986344
10.840000 -0.154951 -0.987943
10.850000 -0.145064 -0.989444
10.860000 -0.135162 -0.990845
10.870000 -0.125247 -0.992147
10.880000 -0.115320 -0.993350
10.890000 -0.105381 -0.994454
10.900000 -0.095431 -0.995458
10.910000 -0.085472 -0.996363
10.920000 -0.075504 -0.997168
10.930000 -0.065529 -0.997874
10.940000 -0.055547 -0.998480
10.950000 -0.045560 -0.998985
10.960000 -0.035568 -0.999391
10.970000 -0.025572 -0.999697
10.980000 -0.015574 -0.999903
10.990000 -0.005574 -1.000009
11.000000 0.004426 -1.000015
11.010000 0.014426 -0.999921
11.020000 0.024424 -0.999727
11.030000 0.034420 -0.999434
11.040000 0.044412 -0.999040
11.050000 0.054400 -0.998546
11.060000 0.064383 -0.997952
11.070000 0.074359 -0.997259
11.080000 0.084328 -0.996466
11.090000 0.094288 -0.995573
11.100000 0.104239 -0.994581
11.110000 0.114179 -0.993489
11.120000 0.124109 -0.992298
11.130000 0.134025 -0.991008
11.140000 0.143928 -0.989618
11.150000 0.153817 -0.988130
11.160000 0.163691 -0.986543
11.170000 0.173548 -0.984857
11.180000 0.183388 -0.983072
11.190000 0.193209 -0.981190
11.200000 0.203011 -0.979209
11.210000 0.212793 -0.977130
11.220000 0.222554 -0.974954
11.230000 0.232292 -0.972680
11.240000 0.242007 -0.970309
11.250000 0.251698 -0.967841
11.260000 0.261364 -0.965276
11.270000 0.271004 -0.962614
11.280000 0.280616 -0.959857
11.290000 0.290201 -0.957003
11.300000 0.299756 -0.954054
11.310000 0.309282 -0.951009
11.320000 0.318776 -0.947869
11.330000 0.328239 -0.944634
11.340000 0.337669 -0.941305
11.350000 0.347065 -0.937882
11.360000 0.356427 -0.934365
11.370000 0.365752 -0.930754
11.380000 0.375042 -0.927051
11.390000 0.384293 -0.923254
11.400000 0.393507 -0.919366
11.410000 0.402681 -0.915385
11.420000 0.411815 -0.911313
11.430000 0.420907 -0.907150
11.440000 0.429958 -0.902896
11.450000 0.438965 -0.898552
11.460000 0.447929 -0.894118
11.470000 0.456848 -0.889595
11.480000 0.465721 -0.884982
11.490000 0.474548 -0.880281
11.500000 0.483327 -0.875492
11.510000 0.492058 -0.870616
11.520000 0.500739 -0.865652
11.530000 0.509371 -0.860602
11.540000 0.517952 -0.855466
11.550000 0.526481 -0.850244
11.560000 0.534957 -0.844938
11.570000 0.543380 -0.839546
11.580000 0.551748 -0.834071
11.590000 0.560062 -0.828513
11.600000 0.568319 -0.822871
11.610000 0.576520 -0.817147
11.620000 0.584662 -0.811342
11.630000 0.592747 -0.805455
11.640000 0.600772 -0.799488
11.650000 0.608737 -0.793441
11.660000 0.616641 -0.787315
11.670000 0.624484 -0.781110
11.680000 0.632264 -0.774826
11.690000 0.639981 -0.768466
11.700000 0.647634 -0.762028
11.710000 0.655222 -0.755514
11.720000 0.662745 -0.748925
11.730000 0.670201 -0.742261
11.740000 0.677591 -0.735522
11.750000 0.684913 -0.728710
11.760000 0.692166 -0.721825
11.770000 0.699350 -0.714868
11.780000 0.706464 -0.707839
11.790000 0.713508 -0.700740
11.800000 0.720480 -0.693571
11.810000 0.727380 -0.686332
11.820000 0.734207 -0.679024
11.830000 0.740961 -0.671649
11.840000 0.747641 -0.664207
11.850000 0.754247 -0.656698
11.860000 0.760776 -0.649123
11.870000 0.767230 -0.641483
11.880000 0.773607 -0.633780
11.890000 0.779907 -0.626013
11.900000 0.786129 -0.618183
11.910000 0.792272 -0.610291
11.920000 0.798336 -0.602339
11.930000 0.804320 -0.594326
11.940000 0.810223 -0.586254
11.950000 0.816046 -0.578123
11.960000 0.821787 -0.569934
11.970000 0.827446 -0.561689
11.980000 0.833022 -0.553387
11.990000 0.838515 -0.545029
12.000000 0.843924 -0.536618
12.010000 0.849249 -0.528152
12.020000 0.854489 -0.519634
12.030000 0.859643 -0.511064
12.040000 0.864712 -0.502443
12.050000 0.869694 -0.493771
12.060000 0.874589 -0.485050
12.070000 0.879397 -0.476281
12.080000 0.884116 -0.467463
12.090000 0.888748 -0.458600
12.100000 0.893290 -0.449690
12.110000 0.897743 -0.440735
12.120000 0.902107 -0.431736
12.130000 0.906380 -0.422694
12.140000 0.910563 -0.413610
12.150000 0.914654 -0.404484
12.160000 0.918654 -0.395318
12.170000 0.922563 -0.386112
12.180000 0.926379 -0.376868
12.190000 0.930102 -0.367586
12.200000 0.933733 -0.358267
12.210000 0.937270 -0.348913
12.220000 0.940713 -0.339523
12.230000 0.944063 -0.330100
12.240000 0.947318 -0.320643
12.250000 0.950478 -0.311154
12.260000 0.953543 -0.301635
12.270000 0.956513 -0.292085
12.280000 0.959388 -0.282506
12.290000 0.962166 -0.272898
12.300000 0.964848 -0.263263
12.310000 0.967434 -0.253602
12.320000 0.969923 -0.243916
12.330000 0.972315 -0.234205
12.340000 0.974610 -0.224470
12.350000 0.976807 -0.214714
12.360000 0.978907 -0.204935
12.370000 0.980909 -0.195136
12.380000 0.982813 -0.185318
12.390000 0.984618 -0.175481
12.400000 0.986325 -0.165627
12.410000 0.987934 -0.155755
12.420000 0.989444 -0.145869
12.430000 0.990855 -0.135967
12.440000 0.992166 -0.126052
12.450000 0.993379 -0.116125
12.460000 0.994492 -0.106186
12.470000 0.995506 -0.096236
12.480000 0.996420 -0.086276
12.490000 0.997235 -0.076308
12.500000 0.997950 -0.066332
12.510000 0.998565 -0.056349
12.520000 0.999081 -0.046361
12.530000 0.999496 -0.036368
12.540000 0.999812 -0.026372
12.550000 1.000028 -0.016373
12.560000 1.000143 -0.006372
12.570000 1.000159 0.003630
12.580000 1.000075 0.013631
12.590000 0.999890 0.023631
12.600000 0.999606 0.033629
12.610000 0.999222 0.043623
12.620000 0.998738 0.053613
12.630000 0.998154 0.063598
12.640000 0.997470 0.073576
12.650000 0.996687 0.083547
12.660000 0.995804 0.093510
12.670000 0.994821 0.103463
12.680000 0.993739 0.113406
12.690000 0.992557 0.123338
12.700000 0.991277 0.133258
12.710000 0.989897 0.143164
12.720000 0.988418 0.153056
12.730000 0.986840 0.162933
12.740000 0.985164 0.172793
12.750000 0.983389 0.182637
12.760000 0.981516 0.192462
12.770000 0.979545 0.202268
12.780000 0.977476 0.212053
12.790000 0.975309 0.221818
12.800000 0.973045 0.231560
12.810000 0.970683 0.241280
12.820000 0.968224 0.250975
12.830000 0.965669 0.260645
12.840000 0.963017 0.270289
12.850000 0.960269 0.279907
12.860000 0.957424 0.289496
12.870000 0.954484 0.299056
12.880000 0.951449 0.308587
12.890000 0.948318 0.318087
12.900000 0.945092 0.327555
12.910000 0.941773 0.336990
12.920000 0.938358 0.346392
12.930000 0.934850 0.355759
12.940000 0.931249 0.365091
12.950000 0.927555 0.374386
12.960000 0.923767 0.383644
12.970000 0.919888 0.392864
12.980000 0.915916 0.402044
12.990000 0.911853 0.411184
13.000000 0.907698 0.420284
13.010000 0.903453 0.429341
13.020000 0.899118 0.438355
13.030000 0.894693 0.447326
13.040000 0.890178 0.456252
13.050000 0.885574 0.465132
13.060000 0.880881 0.473966
13.070000 0.876101 0.482753
13.080000 0.871233 0.491492
13.090000 0.866278 0.500181
13.100000 0.861236 0.508821
13.110000 0.856108 0.517409
13.120000 0.850894 0.525946
13.130000 0.845596 0.534431
13.140000 0.840213 0.542862
13.150000 0.834745 0.551239
13.160000 0.829195 0.559561
13.170000 0.823561 0.567827
13.180000 0.817845 0.576037
13.190000 0.812047 0.584189
13.200000 0.806168 0.592282
13.210000 0.800209 0.600317
13.220000 0.794169 0.608291
13.230000 0.788050 0.616205
13.240000 0.781852 0.624057
13.250000 0.775576 0.631847
13.260000 0.769222 0.639574
13.270000 0.762791 0.647237
13.280000 0.756285 0.654836
13.290000 0.749702 0.662369
13.300000 0.743045 0.669836
13.310000 0.736313 0.677236
13.320000 0.729507 0.684569
13.330000 0.722629 0.691833
13.340000 0.715678 0.699028
13.350000 0.708655 0.706153
13.360000 0.701562 0.713208
13.370000 0.694399 0.720191
13.380000 0.687166 0.727103
13.390000 0.679864 0.733942
13.400000 0.672494 0.740708
13.410000 0.665057 0.747400
13.420000 0.657554 0.754017
13.430000 0.649985 0.760559
13.440000 0.642350 0.767025
13.450000 0.634652 0.773414
13.460000 0.626890 0.779727
13.470000 0.619065 0.785961
13.480000 0.611178 0.792117
13.490000 0.603230 0.798194
13.500000 0.595221 0.804191
13.510000 0.587153 0.810108
13.520000 0.579027 0.815944
13.530000 0.570842 0.821698
13.540000 0.562600 0.827371
13.550000 0.554302 0.832960
13.560000 0.545948 0.838467
13.570000 0.537540 0.843890
13.580000 0.529078 0.849229
13.590000 0.520563 0.854483
13.600000 0.511996 0.859652
13.610000 0.503377 0.864734
13.620000 0.494708 0.869731
13.630000 0.485990 0.874641
13.640000 0.477223 0.879463
13.650000 0.468408 0.884198
13.660000 0.459546 0.888844
13.670000 0.450638 0.893401
13.680000 0.441685 0.897870
13.690000 0.432687 0.902248
13.700000 0.423647 0.906537
13.710000 0.414564 0.910735
13.720000 0.405439 0.914842
13.730000 0.396273 0.918858
13.740000 0.387068 0.922783
13.750000 0.377824 0.926615
13.760000 0.368542 0.930354
13.770000 0.359224 0.934001
13.780000 0.349869 0.937554
13.790000 0.340479 0.941014
13.800000 0.331055 0.944380
13.810000 0.321597 0.947651
13.820000 0.312108 0.950828
13.830000 0.302587 0.953910
13.840000 0.293035 0.956897
13.850000 0.283454 0.959788
13.860000 0.273845 0.962584
13.870000 0.264208 0.965283
13.880000 0.254545 0.967886
13.890000 0.244856 0.970393
13.900000 0.235142 0.972802
13.910000 0.225404 0.975114
13.920000 0.215644 0.977329
13.930000 0.205863 0.979447
13.940000 0.196060 0.981467
13.950000 0.186238 0.983388
13.960000 0.176396 0.985212
13.970000 0.166537 0.986937
13.980000 0.156662 0.988563
13.990000 0.146770 0.990091
14.000000 0.136863 0.991520
14.010000 0.126943 0.992851
14.020000 0.117009 0.994082
14.030000 0.107064 0.995213
14.040000 0.097108 0.996246
14.050000 0.087142 0.997178
14.060000 0.077167 0.998012
14.070000 0.067184 0.998746
14.080000 0.057194 0.999380
14.090000 0.047198 0.999914
14.100000 0.037197 1.000348
14.110000 0.027192 1.000683
14.120000 0.017184 1.000917
14.130000 0.007175 1.001052
14.140000 -0.002836 1.001087
14.150000 -0.012847 1.001021
14.160000 -0.022857 1.000856
14.170000 -0.032864 1.000591
14.180000 -0.042869 1.000226
14.190000 -0.052870 0.999761
14.200000 -0.062865 0.999197
14.210000 -0.072855 0.998532
14.220000 -0.082838 0.997768
14.230000 -0.092812 0.996904
14.240000 -0.102778 0.995941
14.250000 -0.112734 0.994878
14.260000 -0.122679 0.993716
14.270000 -0.132612 0.992455
14.280000 -0.142532 0.991094
14.290000 -0.152438 0.989635
14.300000 -0.162329 0.988076
14.310000 -0.172204 0.986420
14.320000 -0.182062 0.984664
14.330000 -0.191903 0.982810
14.340000 -0.201725 0.980858
14.350000 -0.211526 0.978809
14.360000 -0.221308 0.976661
14.370000 -0.231067 0.974416
14.380000 -0.240803 0.972073
14.390000 -0.250516 0.969634
14.400000 -0.260205 0.967097
14.410000 -0.269867 0.964464
14.420000 -0.279503 0.961735
14.430000 -0.289112 0.958910
14.440000 -0.298692 0.955989
14.450000 -0.308243 0.952972
14.460000 -0.317763 0.949860
14.470000 -0.327252 0.946653
14.480000 -0.336708 0.943352
14.490000 -0.346132 0.939957
14.500000 -0.355521 0.936467
14.510000 -0.364875 0.932884
14.520000 -0.374193 0.929208
14.530000 -0.383475 0.925439
14.540000 -0.392718 0.921577
14.550000 -0.401922 0.917624
14.560000 -0.411087 0.913578
14.570000 -0.420212 0.909442
14.580000 -0.429294 0.905214
14.590000 -0.438335 0.900896
14.600000 -0.447332 0.896488
14.610000 -0.456284 0.891990
14.620000 -0.465192 0.887404
14.630000 -0.474054 0.882728
14.640000 -0.482869 0.877964
14.650000 -0.491636 0.873113
14.660000 -0.500355 0.868174
14.670000 -0.509024 0.863149
14.680000 -0.517643 0.858037
14.690000 -0.526210 0.852839
14.700000 -0.534726 0.847556
14.710000 -0.543188 0.842188
14.720000 -0.551597 0.836736
14.730000 -0.559952 0.831200
14.740000 -0.568251 0.825582
14.750000 -0.576494 0.819880
14.760000 -0.584680 0.814097
14.770000 -0.592808 0.808232
14.780000 -0.600877 0.802286
14.790000 -0.608887 0.796260
14.800000 -0.616837 0.790154
14.810000 -0.624726 0.783969
14.820000 -0.632553 0.777706
14.830000 -0.640317 0.771364
14.840000 -0.648018 0.764946
14.850000 -0.655655 0.758451
14.860000 -0.663228 0.751880
14.870000 -0.670734 0.745233
14.880000 -0.678174 0.738512
14.890000 -0.685547 0.731717
14.900000 -0.692853 0.724849
14.910000 -0.700089 0.717908
14.920000 -0.707257 0.710895
14.930000 -0.714355 0.703810
14.940000 -0.721381 0.696656
14.950000 -0.728337 0.689431
14.960000 -0.735220 0.682137
14.970000 -0.742031 0.674775
14.980000 -0.748768 0.667345
14.990000 -0.755432 0.659848
15.000000 -0.762020 0.652284
15.010000 -0.768533 0.644656
15.020000 -0.774971 0.636962
15.030000 -0.781331 0.629205
15.040000 -0.787614 0.621384
15.050000 -0.793820 0.613501
15.060000 -0.799946 0.605556
15.070000 -0.805994 0.597550
15.080000 -0.811962 0.589484
15.090000 -0.817849 0.581359
15.100000 -0.823656 0.573175
15.110000 -0.829381 0.564934
15.120000 -0.835025 0.556636
15.130000 -0.840585 0.548281
15.140000 -0.846063 0.539871
15.150000 -0.851456 0.531407
15.160000 -0.856766 0.522890
15.170000 -0.861991 0.514319
15.180000 -0.867130 0.505697
15.190000 -0.872184 0.497023
15.200000 -0.877151 0.488299
15.210000 -0.882032 0.479526
15.220000 -0.886826 0.470705
15.230000 -0.891532 0.461835
15.240000 -0.896149 0.452919
15.250000 -0.900678 0.443957
15.260000 -0.905118 0.434950
15.270000 -0.909468 0.425899
15.280000 -0.913729 0.416805
15.290000 -0.917899 0.407668
15.300000 -0.921978 0.398490
15.310000 -0.925966 0.389271
15.320000 -0.929863 0.380013
15.330000 -0.933668 0.370716
15.340000 -0.937380 0.361380
15.350000 -0.940999 0.352008
15.360000 -0.944526 0.342600
15.370000 -0.947959 0.333157
15.380000 -0.951298 0.323680
15.390000 -0.954544 0.314169
15.400000 -0.957695 0.304627
15.410000 -0.960751 0.295052
15.420000 -0.963712 0.285448
15.430000 -0.966578 0.275813
15.440000 -0.969348 0.266151
15.450000 -0.972023 0.256460
15.460000 -0.974601 0.246743
15.470000 -0.977083 0.237000
15.480000 -0.979468 0.227233
15.490000 -0.981757 0.217441
15.500000 -0.983948 0.207627
15.510000 -0.986042 0.197791
15.520000 -0.988039 0.187933
15.530000 -0.989938 0.178056
15.540000 -0.991738 0.168160
15.550000 -0.993441 0.158246
15.560000 -0.995046 0.148314
15.570000 -0.996552 0.138367
15.580000 -0.997960 0.128404
15.590000 -0.999269 0.118427
15.600000 -1.000479 0.108437
15.610000 -1.001590 0.098434
15.620000 -1.002602 0.088420
15.630000 -1.003515 0.078396
15.640000 -1.004329 0.068363
15.650000 -1.005044 0.058321
15.660000 -1.005659 0.048272
15.670000 -1.006174 0.038216
15.680000 -1.006590 0.028155
15.690000 -1.006906 0.018089
15.700000 -1.007123 0.008020
15.710000 -1.007240 -0.002051
15.720000 -1.007258 -0.012125
15.730000 -1.007176 -0.022198
15.740000 -1.006994 -0.032272
15.750000 -1.006713 -0.042344
15.760000 -1.006331 -0.052414
15.770000 -1.005851 -0.062480
15.780000 -1.005271 -0.072542
15.790000 -1.004591 -0.082599
15.800000 -1.003812 -0.092649
15.810000 -1.002933 -0.102693
15.820000 -1.001956 -0.112728
15.830000 -1.000879 -0.122754
15.840000 -0.999703 -0.132770
15.850000 -0.998428 -0.142775
15.860000 -0.997054 -0.152768
15.870000 -0.995581 -0.162748
15.880000 -0.994010 -0.172714
15.890000 -0.992340 -0.182665
15.900000 -0.990572 -0.192600
15.910000 -0.988706 -0.202518
15.920000 -0.986742 -0.212419
15.930000 -0.984680 -0.222300
15.940000 -0.982521 -0.232163
15.950000 -0.980264 -0.242004
15.960000 -0.977910 -0.251824
15.970000 -0.975459 -0.261622
15.980000 -0.972912 -0.271396
15.990000 -0.970267 -0.281145
16.000000 -0.967527 -0.290870
16.010000 -0.964691 -0.300568
16.020000 -0.961758 -0.310239
16.030000 -0.958731 -0.319882
16.040000 -0.955608 -0.329496
16.050000 -0.952391 -0.339080
16.060000 -0.949078 -0.348633
16.070000 -0.945672 -0.358154
16.080000 -0.942171 -0.367643
16.090000 -0.938577 -0.377098
16.100000 -0.934890 -0.386519
16.110000 -0.931110 -0.395904
16.120000 -0.927237 -0.405253
16.130000 -0.923272 -0.414565
16.140000 -0.919215 -0.423839
16.150000 -0.915067 -0.433075
16.160000 -0.910827 -0.442270
16.170000 -0.906497 -0.451425
16.180000 -0.902076 -0.460538
16.190000 -0.897566 -0.469609
16.200000 -0.892966 -0.478636
16.210000 -0.888277 -0.487620
16.220000 -0.883500 -0.496558
16.230000 -0.878634 -0.505451
16.240000 -0.873680 -0.514297
16.250000 -0.868640 -0.523096
16.260000 -0.863512 -0.531847
16.270000 -0.858298 -0.540548
16.280000 -0.852999 -0.549200
16.290000 -0.847614 -0.557800
16.300000 -0.842144 -0.566350
16.310000 -0.836590 -0.574847
16.320000 -0.830952 -0.583291
16.330000 -0.825230 -0.591680
16.340000 -0.819426 -0.600016
16.350000 -0.813540 -0.608295
16.360000 -0.807572 -0.616519
16.370000 -0.801522 -0.624685
16.380000 -0.795392 -0.632794
16.390000 -0.789182 -0.640844
16.400000 -0.782893 -0.648835
16.410000 -0.776524 -0.656766
16.420000 -0.770077 -0.664636
16.430000 -0.763553 -0.672444
16.440000 -0.756951 -0.680190
16.450000 -0.750273 -0.687874
16.460000 -0.743519 -0.695493
16.470000 -0.736689 -0.703049
16.480000 -0.729785 -0.710539
16.490000 -0.722807 -0.717964
16.500000 -0.715755 -0.725322
16.510000 -0.708630 -0.732613
16.520000 -0.701433 -0.739836
16.530000 -0.694165 -0.746991
16.540000 -0.686826 -0.754076
16.550000 -0.679416 -0.761092
16.560000 -0.671937 -0.768038
16.570000 -0.664390 -0.774912
16.580000 -0.656774 -0.781715
16.590000 -0.649090 -0.788445
16.600000 -0.641339 -0.795103
16.610000 -0.633523 -0.801687
16.620000 -0.625641 -0.808197
16.630000 -0.617694 -0.814632
16.640000 -0.609683 -0.820992
16.650000 -0.601609 -0.827276
16.660000 -0.593472 -0.833484
16.670000 -0.585274 -0.839615
16.680000 -0.577014 -0.845668
16.690000 -0.568694 -0.851643
16.700000 -0.560314 -0.857539
16.710000 -0.551875 -0.863357
16.720000 -0.543378 -0.869094
16.730000 -0.534823 -0.874752
16.740000 -0.526212 -0.880328
16.750000 -0.517544 -0.885824
16.760000 -0.508822 -0.891237
16.770000 -0.500045 -0.896569
16.780000 -0.491214 -0.901818
16.790000 -0.482330 -0.906984
16.800000 -0.473394 -0.912066
16.810000 -0.464407 -0.917064
16.820000 -0.455369 -0.921978
16.830000 -0.446281 -0.926806
16.840000 -0.437145 -0.931550
16.850000 -0.427960 -0.936207
16.860000 -0.418727 -0.940779
16.870000 -0.409448 -0.945263
16.880000 -0.400123 -0.949661
16.890000 -0.390752 -0.953972
16.900000 -0.381338 -0.958195
16.910000 -0.371879 -0.962329
16.920000 -0.362379 -0.966375
16.930000 -0.352836 -0.970333
16.940000 -0.343252 -0.974201
16.950000 -0.333628 -0.977980
16.960000 -0.323964 -0.981669
16.970000 -0.314261 -0.985267
16.980000 -0.304521 -0.988776
16.990000 -0.294743 -0.992193
17.000000 -0.284929 -0.995519
17.010000 -0.275080 -0.998755
17.020000 -0.265196 -1.001898
17.030000 -0.255278 -1.004950
17.040000 -0.245327 -1.007909
17.050000 -0.235344 -1.010776
17.060000 -0.225330 -1.013550
17.070000 -0.215285 -1.016232
17.080000 -0.205210 -1.018820
17.090000 -0.195106 -1.021315
17.100000 -0.184974 -1.023717
17.110000 -0.174814 -1.026025
17.120000 -0.164628 -1.028239
17.130000 -0.154416 -1.030358
17.140000 -0.144180 -1.032384
17.150000 -0.133919 -1.034315
17.160000 -0.123635 -1.036151
17.170000 -0.113328 -1.037893
17.180000 -0.103000 -1.039540
17.190000 -0.092650 -1.041091
17.200000 -0.082281 -1.042548
17.210000 -0.071892 -1.043909
17.220000 -0.061485 -1.045174
17.230000 -0.051060 -1.046344
17.240000 -0.040618 -1.047419
17.250000 -0.030160 -1.048398
17.260000 -0.019686 -1.049281
17.270000 -0.009198 -1.050068
17.280000 0.001303 -1.050759
17.290000 0.011818 -1.051354
17.300000 0.022345 -1.051854
17.310000 0.032884 -1.052257
17.320000 0.043433 -1.052564
17.330000 0.053992 -1.052775
17.340000 0.064560 -1.052889
17.350000 0.075137 -1.052908
17.360000 0.085721 -1.052830
17.370000 0.096312 -1.052657
17.380000 0.106910 -1.052387
17.390000 0.117512 -1.052021
17.400000 0.128120 -1.051558
17.410000 0.138731 -1.051000
17.420000 0.149346 -1.050346
17.430000 0.159963 -1.049595
17.440000 0.170582 -1.048749
17.450000 0.181201 -1.047807
17.460000 0.191822 -1.046769
17.470000 0.202442 -1.045635
17.480000 0.213061 -1.044406
17.490000 0.223678 -1.043081
17.500000 0.234292 -1.041660
17.510000 0.244904 -1.040144
17.520000 0.255512 -1.038533
17.530000 0.266116 -1.036826
17.540000 0.276714 -1.035025
17.550000 0.287307 -1.033129
17.560000 0.297893 -1.031137
17.570000 0.308473 -1.029051
17.580000 0.319045 -1.026871
17.590000 0.329608 -1.024596
17.600000 0.340163 -1.022227
17.610000 0.350708 -1.019763
17.620000 0.361244 -1.017206
17.630000 0.371768 -1.014555
17.640000 0.382282 -1.011811
17.650000 0.392784 -1.008972
17.660000 0.403273 -1.006041
17.670000 0.413750 -1.003017
17.680000 0.424213 -0.999899
17.690000 0.434663 -0.996689
17.700000 0.445098 -0.993387
17.710000 0.455518 -0.989992
17.720000 0.465923 -0.986505
17.730000 0.476312 -0.982926
17.740000 0.486685 -0.979255
17.750000 0.497041 -0.975493
17.760000 0.507379 -0.971640
17.770000 0.517700 -0.967695
17.780000 0.528003 -0.963660
17.790000 0.538287 -0.959534
17.800000 0.548553 -0.955318
17.810000 0.558799 -0.951011
17.820000 0.569026 -0.946615
17.830000 0.579233 -0.942128
17.840000 0.589419 -0.937553
17.850000 0.599585 -0.932887
17.860000 0.609730 -0.928133
17.870000 0.619854 -0.923290
17.880000 0.629957 -0.918359
17.890000 0.640037 -0.913339
17.900000 0.650096 -0.908230
17.910000 0.660133 -0.903034
17.920000 0.670147 -0.897750
17.930000 0.680139 -0.892379
17.940000 0.690108 -0.886920
17.950000 0.700054 -0.881375
17.960000 0.709977 -0.875742
17.970000 0.719878 -0.870023
17.980000 0.729755 -0.864218
17.990000 0.739609 -0.858326
18.000000 0.749440 -0.852348
18.010000 0.759247 -0.846284
18.020000 0.769032 -0.840135
18.030000 0.778793 -0.833900
18.040000 0.788531 -0.827580
18.050000 0.798246 -0.821175
18.060000 0.807939 -0.814685
18.070000 0.817609 -0.808111
18.080000 0.827256 -0.801451
18.090000 0.836881 -0.794707
18.100000 0.846483 -0.787879
18.110000 0.856064 -0.780967
18.120000 0.865624 -0.773970
18.130000 0.875162 -0.766889
18.140000 0.884680 -0.759725
18.150000 0.894177 -0.752476
18.160000 0.903654 -0.745144
18.170000 0.913112 -0.737728
18.180000 0.922551 -0.730228
18.190000 0.931972 -0.722645
18.200000 0.941375 -0.714978
18.210000 0.950760 -0.707227
18.220000 0.960130 -0.699392
18.230000 0.969484 -0.691474
18.240000 0.978823 -0.683471
18.250000 0.988148 -0.675385
18.260000 0.997460 -0.667214
18.270000 1.006761 -0.658959
18.280000 1.016050 -0.650620
18.290000 1.025329 -0.642196
18.300000 1.034600 -0.633686
18.310000 1.043863 -0.625092
18.320000 1.053119 -0.616413
18.330000 1.062371 -0.607647
18.340000 1.071620 -0.598795
18.350000 1.080867 -0.589857
18.360000 1.090113 -0.580832
18.370000 1.099361 -0.571719
18.380000 1.108612 -0.562518
18.390000 1.117868 -0.553228
18.400000 1.127131 -0.543849
18.410000 1.136404 -0.534381
18.420000 1.145688 -0.524821
18.430000 1.154986 -0.515170
18.440000 1.164300 -0.505426
18.450000 1.173632 -0.495590
18.460000 1.182987 -0.485659
18.470000 1.192366 -0.475632
18.480000 1.201772 -0.465509
18.490000 1.211209 -0.455288
18.500000 1.220680 -0.444969
18.510000 1.230188 -0.434548
18.520000 1.239738 -0.424026
18.530000 1.249333 -0.413400
18.540000 1.258977 -0.402669
18.550000 1.268676 -0.391830
18.560000 1.278433 -0.380882
18.570000 1.288253 -0.369823
18.580000 1.298142 -0.358651
18.590000 1.308105 -0.347362
18.600000 1.318148 -0.335955
18.610000 1.328277 -0.324427
18.620000 1.338499 -0.312774
18.630000 1.348821 -0.300994
18.640000 1.359249 -0.289083
18.650000 1.369793 -0.277038
18.660000 1.380459 -0.264854
18.670000 1.391258 -0.252528
18.680000 1.402198 -0.240056
18.690000 1.413289 -0.227432
18.700000 1.424542 -0.214651
18.710000 1.435969 -0.201709
18.720000 1.447582 -0.188599
18.730000 1.459393 -0.175315
18.740000 1.471418 -0.161851
18.750000 1.483670 -0.148198
18.760000 1.496166 -0.134350
18.770000 1.508923 -0.120298
18.780000 1.521960 -0.106032
18.790000 1.535297 -0.091544
18.800000 1.548956 -0.076823
18.810000 1.562961 -0.061857
18.820000 1.577335 -0.046633
18.830000 1.592109 -0.031139
18.840000 1.607310 -0.015360
18.850000 1.622973 0.000721
18.860000 1.639132 0.017120
18.870000 1.655828 0.033857
18.880000 1.673102 0.050952
18.890000 1.691001 0.068428
18.900000 1.709579 0.086311
18.910000 1.728891 0.104629
18.920000 1.749002 0.123411
18.930000 1.769982 0.142693
18.940000 1.791910 0.162511
18.950000 1.814872 0.182909
18.960000 1.838969 0.203933
18.970000 1.864312 0.225637
18.980000 1.891025 0.248082
18.990000 1.919252 0.271334
19.000000 1.949156 0.295472
19.010000 1.980925 0.320583
19.020000 2.014773 0.346771
19.030000 2.050953 0.374152
19.040000 2.089755 0.402864
19.050000 2.131526 0.433067
19.060000 2.176674 0.464952
19.070000 2.225687 0.498745
19.080000 2.279154 0.534717
19.090000 2.337797 0.573199
19.100000 2.402505 0.614597
19.110000 2.474388 0.659417
19.120000 2.554862 0.708301
19.130000 2.645755 0.762070
19.140000 2.749478 0.821809
19.150000 2.869291 0.888972
19.160000 3.009726 0.965572
19.170000 3.177302 1.054490
19.180000 3.381806 1.160031
19.190000 3.638743 1.288976
19.200000 3.974490 1.452802
19.210000 4.438551 1.672933
19.220000 5.138374 1.995609
19.230000 6.371080 2.547957
19.240000 9.507039 3.912661


0.000000 1.000000 1.000000
0.010000 0.995980 1.016102
0.020000 0.991922 1.032415
0.030000 0.987828 1.048950
0.040000 0.983700 1.065721
0.050000 0.979540 1.082740
0.060000 0.975350 1.100022
0.070000 0.971133 1.117583
0.080000 0.966892 1.135438
0.090000 0.962628 1.153605
0.100000 0.958346 1.172104
0.110000 0.954048 1.190955
0.120000 0.949739 1.210180
0.130000 0.945420 1.229803
0.140000 0.941098 1.249850
0.150000 0.936775 1.270349
0.160000 0.932457 1.291330
0.170000 0.928148 1.312827
0.180000 0.923855 1.334876
0.190000 0.919584 1.357515
0.200000 0.915340 1.380788
0.210000 0.911131 1.404742
0.220000 0.906966 1.429429
0.230000 0.902853 1.454907
0.240000 0.898802 1.481237
0.250000 0.894824 1.508491
0.260000 0.890931 1.536745
0.270000 0.887137 1.566087
0.280000 0.883457 1.596612
0.290000 0.879909 1.628429
0.300000 0.876512 1.661660
0.310000 0.873288 1.696444
0.320000 0.870263 1.732936
0.330000 0.867467 1.771316
0.340000 0.864934 1.811789
0.350000 0.862702 1.854591
0.360000 0.860818 1.899997
0.370000 0.859337 1.948326
0.380000 0.858322 1.999954
0.390000 0.857852 2.055329
0.400000 0.858018 2.114982
0.410000 0.858934 2.179557
0.420000 0.860739 2.249838
0.430000 0.863608 2.326792
0.440000 0.867758 2.411630
0.450000 0.873471 2.505887
0.460000 0.881114 2.611551
0.470000 0.891176 2.731239
0.480000 0.904322 2.868489
0.490000 0.921490 3.028216
0.500000 0.944038 3.217491
0.510000 0.974028 3.446927
0.520000 1.014762 3.733349
0.530000 1.071922 4.105404
0.540000 1.156297 4.616954
0.550000 1.291644 5.385320
0.560000 1.544841 6.737303
0.570000 2.234387 10.211458


0.000000 1.000000 2.000000
0.010000 1.004504 2.060259
0.020000 1.010129 2.125495
0.030000 1.017077 2.196505
0.040000 1.025597 2.274278
0.050000 1.036004 2.360054
0.060000 1.048704 2.455410
0.070000 1.064225 2.562389
0.080000 1.083271 2.683699
0.090000 1.106805 2.823010
0.100000 1.136181 2.985449
0.110000 1.173377 3.178439
0.120000 1.221405 3.413212
0.130000 1.285130 3.707758
0.140000 1.373015 4.093143
0.150000 1.501429 4.628976
0.160000 1.707472 5.449296
0.170000 2.101634 6.950020
0.180000 3.299191 11.316353


0.000000 2.000000 -2.000000
0.010000 2.111067 -2.069262
0.020000 2.238792 -2.150985
0.030000 2.388150 -2.248994
0.040000 2.566475 -2.368953
0.050000 2.785136 -2.519675
0.060000 3.062920 -2.715781
0.070000 3.433714 -2.983756
0.080000 3.966851 -3.378008
0.090000 4.835607 -4.035092
0.100000 6.673333 -5.456388
0.110000 17.184665 -13.772545


0.000000 2.000000 -1.000000
0.010000 2.060259 -1.004504
0.020000 2.125495 -1.010129
0.030000 2.196505 -1.017077
0.040000 2.274278 -1.025597
0.050000 2.360054 -1.036004
0.060000 2.455410 -1.048704
0.070000 2.562389 -1.064225
0.080000 2.683699 -1.083271
0.090000 2.823010 -1.106805
0.100000 2.985449 -1.136181
0.110000 3.178439 -1.173377
0.120000 3.413212 -1.221405
0.130000 3.707758 -1.285130
0.140000 4.093143 -1.373015
0.150000 4.628976 -1.501429
0.160000 5.449296 -1.707472
0.170000 6.950020 -2.101634
0.180000 11.316353 -3.299191


0.000000 2.000000 0.000000
0.010000 2.037129 0.020372
0.020000 2.076697 0.041539
0.030000 2.119003 0.063589
0.040000 2.164404 0.086622
0.050000 2.213319 0.110758
0.060000 2.266248 0.136138
0.070000 2.323796 0.162932
0.080000 2.386697 0.191344
0.090000 2.455857 0.221626
0.100000 2.532405 0.254088
0.110000 2.617771 0.289122
0.120000 2.713798 0.327228
0.130000 2.822909 0.369059
0.140000 2.948357 0.415488
0.150000 3.094643 0.467709
0.160000 3.268191 0.527419
0.170000 3.478563 0.597119
0.180000 3.740733 0.680699
0.190000 4.079795 0.784625
0.200000 4.541847 0.920677
0.210000 5.223767 1.113404
0.220000 6.378623 1.426374
0.230000 9.024756 2.112989


0.000000 2.000000 1.000000
0.010000 2.039759 1.045505
0.020000 2.083400 1.094318
0.030000 2.131564 1.146958
0.040000 2.185044 1.204065
0.050000 2.244836 1.266441
0.060000 2.312209 1.335105
0.070000 2.388814 1.411376
0.080000 2.476836 1.496997
0.090000 2.579250 1.594325
0.100000 2.700215 1.706651
0.110000 2.845765 1.838725
0.120000 3.025052 1.997727
0.130000 3.252758 2.195128
0.140000 3.554298 2.450706
0.150000 3.978529 2.802324
0.160000 4.635556 3.334954
0.170000 5.851320 4.299036
0.180000 9.429165 7.073568


0.000000 2.000000 2.000000
0.010000 2.069262 2.111067
0.020000 2.150985 2.238792
0.030000 2.248994 2.388150
0.040000 2.368953 2.566475
0.050000 2.519675 2.785136
0.060000 2.715781 3.062920
0.070000 2.983756 3.433714
0.080000 3.378008 3.966851
0.090000 4.035092 4.835607
0.100000 5.456388 6.673333
0.110000 13.772545 17.184665


0.000000 0.100000 0.100000
0.010000 0.098415 0.100403
0.020000 0.096834 0.100787
0.030000 0.095260 0.101154
0.040000 0.093690 0.101502
0.050000 0.092127 0.101833
0.060000 0.090569 0.102146
0.070000 0.089017 0.102441
0.080000 0.087472 0.102720
0.090000 0.085932 0.102981
0.100000 0.084399 0.103225
0.110000 0.082873 0.103452
0.120000 0.081353 0.103663
0.130000 0.079841 0.103857
0.140000 0.078335 0.104035
0.150000 0.076836 0.104196
0.160000 0.075344 0.104342
0.170000 0.073860 0.104472
0.180000 0.072383 0.104586
0.190000 0.070914 0.104685
0.200000 0.069452 0.104768
0.210000 0.067998 0.104837
0.220000 0.066552 0.104890
0.230000 0.065114 0.104928
0.240000 0.063684 0.104952
0.250000 0.062262 0.104962
0.260000 0.060849 0.104957
0.270000 0.059444 0.104938
0.280000 0.058047 0.104905
0.290000 0.056659 0.104858
0.300000 0.055280 0.104798
0.310000 0.053909 0.104724
0.320000 0.052547 0.104637
0.330000 0.051195 0.104536
0.340000 0.049851 0.104423
0.350000 0.048516 0.104297
0.360000 0.047190 0.104159
0.370000 0.045874 0.104007
0.380000 0.044567 0.103844
0.390000 0.043269 0.103669
0.400000 0.041981 0.103481
0.410000 0.040702 0.103282
0.420000 0.039433 0.103071
0.430000 0.038173 0.102849
0.440000 0.036923 0.102615
0.450000 0.035683 0.102371
0.460000 0.034453 0.102115
0.470000 0.033232 0.101849
0.480000 0.032022 0.101572
0.490000 0.030821 0.101284
0.500000 0.029630 0.100986
0.510000 0.028450 0.100678
0.520000 0.027279 0.100360
0.530000 0.026119 0.100033
0.540000 0.024968 0.099695
0.550000 0.023828 0.099348
0.560000 0.022698 0.098992
0.570000 0.021579 0.098627
0.580000 0.020470 0.098252
0.590000 0.019371 0.097869
0.600000 0.018282 0.097477
0.610000 0.017204 0.097077
0.620000 0.016136 0.096668
0.630000 0.015079 0.096250
0.640000 0.014032 0.095825
0.650000 0.012995 0.095392
0.660000 0.011969 0.094951
0.670000 0.010954 0.094502
0.680000 0.009949 0.094046
0.690000 0.008955 0.093583
0.700000 0.007971 0.093112
0.710000 0.006998 0.092635
0.720000 0.006035 0.092150
0.730000 0.005083 0.091659
0.740000 0.004141 0.091162
0.750000 0.003210 0.090657
0.760000 0.002290 0.090147
0.770000 0.001380 0.089630
0.780000 0.000481 0.089108
0.790000 -0.000408 0.088579
0.800000 -0.001286 0.088045
0.810000 -0.002153 0.087505
0.820000 -0.003010 0.086960
0.830000 -0.003857 0.086409
0.840000 -0.004692 0.085854
0.850000 -0.005518 0.085293
0.860000 -0.006333 0.084727
0.870000 -0.007137 0.084157
0.880000 -0.007931 0.083582
0.890000 -0.008714 0.083002
0.900000 -0.009487 0.082419
0.910000 -0.010249 0.081830
0.920000 -0.011001 0.081238
0.930000 -0.011743 0.080642
0.940000 -0.012474 0.080042
0.950000 -0.013195 0.079439
0.960000 -0.013906 0.078831
0.970000 -0.014606 0.078221
0.980000 -0.015296 0.077607
0.990000 -0.015976 0.076989
1.000000 -0.016645 0.076369
1.010000 -0.017305 0.075746
1.020000 -0.017954 0.075119
1.030000 -0.018593 0.074490
1.040000 -0.019222 0.073859
1.050000 -0.019841 0.073225
1.060000 -0.020450 0.072589
1.070000 -0.021048 0.071950
1.080000 -0.021637 0.071309
1.090000 -0.022216 0.070666
1.100000 -0.022786 0.070021
1.110000 -0.023345 0.069375
1.120000 -0.023894 0.068727
1.130000 -0.024434 0.068077
1.140000 -0.024964 0.067425
1.150000 -0.025485 0.066772
1.160000 -0.025996 0.066118
1.170000 -0.026497 0.065463
1.180000 -0.026988 0.064807
1.190000 -0.027471 0.064150
1.200000 -0.027943 0.063491
1.210000 -0.028407 0.062832
1.220000 -0.028861 0.062173
1.230000 -0.029306 0.061513
1.240000 -0.029741 0.060852
1.250000 -0.030167 0.060191
1.260000 -0.030585 0.059530
1.270000 -0.030993 0.058868
1.280000 -0.031392 0.058207
1.290000 -0.031782 0.057545
1.300000 -0.032163 0.056883
1.310000 -0.032535 0.056222
1.320000 -0.032899 0.055561
1.330000 -0.033253 0.054900
1.340000 -0.033599 0.054240
1.350000 -0.033936 0.053580
1.360000 -0.034265 0.052921
1.370000 -0.034585 0.052262
1.380000 -0.034897 0.051604
1.390000 -0.035200 0.050947
1.400000 -0.035495 0.050291
1.410000 -0.035782 0.049636
1.420000 -0.036060 0.048982
1.430000 -0.036330 0.048330
1.440000 -0.036592 0.047678
1.450000 -0.036846 0.047028
1.460000 -0.037092 0.046379
1.470000 -0.037330 0.045731
1.480000 -0.037561 0.045085
1.490000 -0.037783 0.044441
1.500000 -0.037998 0.043798
1.510000 -0.038205 0.043157
1.520000 -0.038404 0.042518
1.530000 -0.038596 0.041881
1.540000 -0.038780 0.041245
1.550000 -0.038957 0.040612
1.560000 -0.039126 0.039980
1.570000 -0.039288 0.039351
1.580000 -0.039443 0.038724
1.590000 -0.039591 0.038099
1.600000 -0.039732 0.037476
1.610000 -0.039865 0.036856
1.620000 -0.039992 0.036238
1.630000 -0.040111 0.035622
1.640000 -0.040224 0.035009
1.650000 -0.040330 0.034399
1.660000 -0.040430 0.033791
1.670000 -0.040522 0.033186
1.680000 -0.040608 0.032584
1.690000 -0.040688 0.031984
1.700000 -0.040761 0.031387
1.710000 -0.040828 0.030793
1.720000 -0.040888 0.030202
1.730000 -0.040943 0.029614
1.740000 -0.040991 0.029029
1.750000 -0.041033 0.028447
1.760000 -0.041068 0.027868
1.770000 -0.041098 0.027292
1.780000 -0.041122 0.026719
1.790000 -0.041140 0.026149
1.800000 -0.041153 0.025583
1.810000 -0.041159 0.025020
1.820000 -0.041160 0.024460
1.830000 -0.041156 0.023904
1.840000 -0.041146 0.023351
1.850000 -0.041130 0.022802
1.860000 -0.041109 0.022255
1.870000 -0.041083 0.021713
1.880000 -0.041052 0.021174
1.890000 -0.041015 0.020638
1.900000 -0.040973 0.020106
1.910000 -0.040927 0.019578
1.920000 -0.040875 0.019053
1.930000 -0.040818 0.018532
1.940000 -0.040757 0.018015
1.950000 -0.040690 0.017502
1.960000 -0.040619 0.016992
1.970000 -0.040544 0.016486
1.980000 -0.040464 0.015983
1.990000 -0.040379 0.015485
2.000000 -0.040290 0.014990
2.010000 -0.040196 0.014500
2.020000 -0.040098 0.014013
2.030000 -0.039996 0.013530
2.040000 -0.039890 0.013051
2.050000 -0.039779 0.012576
2.060000 -0.039665 0.012105
2.070000 -0.039546 0.011637
2.080000 -0.039424 0.011174
2.090000 -0.039297 0.010715
2.100000 -0.039167 0.010260
2.110000 -0.039033 0.009809
2.120000 -0.038896 0.009362
2.130000 -0.038755 0.008919
2.140000 -0.038610 0.008480
2.150000 -0.038462 0.008045
2.160000 -0.038310 0.007614
2.170000 -0.038155 0.007187
2.180000 -0.037997 0.006765
2.190000 -0.037835 0.006347
2.200000 -0.037670 0.005932
2.210000 -0.037502 0.005522
2.220000 -0.037331 0.005116
2.230000 -0.037157 0.004714
2.240000 -0.036980 0.004316
2.250000 -0.036800 0.003923
2.260000 -0.036618 0.003533
2.270000 -0.036432 0.003148
2.280000 -0.036244 0.002767
2.290000 -0.036053 0.002390
2.300000 -0.035860 0.002017
2.310000 -0.035664 0.001649
2.320000 -0.035465 0.001284
2.330000 -0.035265 0.000924
2.340000 -0.035061 0.000568
2.350000 -0.034856 0.000216
2.360000 -0.034648 -0.000132
2.370000 -0.034438 -0.000475
2.380000 -0.034226 -0.000815
2.390000 -0.034011 -0.001150
2.400000 -0.033795 -0.001481
2.410000 -0.033577 -0.001808
2.420000 -0.033356 -0.002131
2.430000 -0.033134 -0.002450
2.440000 -0.032910 -0.002765
2.450000 -0.032684 -0.003075
2.460000 -0.032457 -0.003381
2.470000 -0.032228 -0.003684
2.480000 -0.031997 -0.003982
2.490000 -0.031765 -0.004276
2.500000 -0.031531 -0.004566
2.510000 -0.031295 -0.004852
2.520000 -0.031059 -0.005134
2.530000 -0.030820 -0.005411
2.540000 -0.030581 -0.005685
2.550000 -0.030340 -0.005955
2.560000 -0.030098 -0.006221
2.570000 -0.029855 -0.006482
2.580000 -0.029610 -0.006740
2.590000 -0.029365 -0.006994
2.600000 -0.029119 -0.007243
2.610000 -0.028871 -0.007489
2.620000 -0.028623 -0.007731
2.630000 -0.028373 -0.007969
2.640000 -0.028123 -0.008203
2.650000 -0.027872 -0.008433
2.660000 -0.027620 -0.008659
2.670000 -0.027368 -0.008882
2.680000 -0.027114 -0.009100
2.690000 -0.026861 -0.009315
2.700000 -0.026606 -0.009526
2.710000 -0.026351 -0.009733
2.720000 -0.026096 -0.009936
2.730000 -0.025839 -0.010135
2.740000 -0.025583 -0.010331
2.750000 -0.025326 -0.010523
2.760000 -0.025069 -0.010712
2.770000 -0.024811 -0.010896
2.780000 -0.024553 -0.011077
2.790000 -0.024295 -0.011254
2.800000 -0.024037 -0.011428
2.810000 -0.023779 -0.011598
2.820000 -0.023520 -0.011765
2.830000 -0.023261 -0.011927
2.840000 -0.023002 -0.012087
2.850000 -0.022744 -0.012243
2.860000 -0.022485 -0.012395
2.870000 -0.022226 -0.012544
2.880000 -0.021967 -0.012689
2.890000 -0.021709 -0.012831
2.900000 -0.021451 -0.012969
2.910000 -0.021192 -0.013104
2.920000 -0.020934 -0.013236
2.930000 -0.020677 -0.013364
2.940000 -0.020419 -0.013489
2.950000 -0.020162 -0.013611
2.960000 -0.019905 -0.013729
2.970000 -0.019649 -0.013844
2.980000 -0.019393 -0.013956
2.990000 -0.019137 -0.014065
3.000000 -0.018882 -0.014170
3.010000 -0.018627 -0.014273
3.020000 -0.018373 -0.014372
3.030000 -0.018119 -0.014468
3.040000 -0.017866 -0.014561
3.050000 -0.017614 -0.014650
3.060000 -0.017362 -0.014737
3.070000 -0.017111 -0.014821
3.080000 -0.016860 -0.014902
3.090000 -0.016611 -0.014979
3.100000 -0.016362 -0.015054
3.110000 -0.016113 -0.015126
3.120000 -0.015866 -0.015195
3.130000 -0.015619 -0.015261
3.140000 -0.015373 -0.015324
3.150000 -0.015128 -0.015385
3.160000 -0.014884 -0.015442
3.170000 -0.014641 -0.015497
3.180000 -0.014399 -0.015549
3.190000 -0.014157 -0.015599
3.200000 -0.013917 -0.015645
3.210000 -0.013677 -0.015689
3.220000 -0.013439 -0.015731
3.230000 -0.013202 -0.015769
3.240000 -0.012965 -0.015806
3.250000 -0.012730 -0.015839
3.260000 -0.012496 -0.015870
3.270000 -0.012263 -0.015899
3.280000 -0.012031 -0.015925
3.290000 -0.011800 -0.015948
3.300000 -0.011570 -0.015969
3.310000 -0.011342 -0.015988
3.320000 -0.011114 -0.016005
3.330000 -0.010888 -0.016019
3.340000 -0.010663 -0.016030
3.350000 -0.010440 -0.016039
3.360000 -0.010217 -0.016047
3.370000 -0.009996 -0.016051
3.380000 -0.009776 -0.016054
3.390000 -0.009558 -0.016054
3.400000 -0.009341 -0.016053
3.410000 -0.009125 -0.016049
3.420000 -0.008910 -0.016043
3.430000 -0.008697 -0.016034
3.440000 -0.008485 -0.016024
3.450000 -0.008275 -0.016012
3.460000 -0.008066 -0.015998
3.470000 -0.007858 -0.015981
3.480000 -0.007652 -0.015963
3.490000 -0.007447 -0.015943
3.500000 -0.007244 -0.015921
3.510000 -0.007042 -0.015897
3.520000 -0.006841 -0.015871
3.530000 -0.006642 -0.015843
3.540000 -0.006445 -0.015814
3.550000 -0.006249 -0.015782
3.560000 -0.006054 -0.015749
3.570000 -0.005861 -0.015714
3.580000 -0.005669 -0.015678
3.590000 -0.005479 -0.015640
3.600000 -0.005291 -0.015600
3.610000 -0.005104 -0.015558
3.620000 -0.004919 -0.015515
3.630000 -0.004735 -0.015471
3.640000 -0.004552 -0.015424
3.650000 -0.004372 -0.015377
3.660000 -0.004192 -0.015327
3.670000 -0.004015 -0.015277
3.680000 -0.003839 -0.015224
3.690000 -0.003664 -0.015171
3.700000 -0.003491 -0.015116
3.710000 -0.003320 -0.015059
3.720000 -0.003150 -0.015002
3.730000 -0.002982 -0.014942
3.740000 -0.002816 -0.014882
3.750000 -0.002651 -0.014820
3.760000 -0.002487 -0.014757
3.770000 -0.002326 -0.014693
3.780000 -0.002166 -0.014627
3.790000 -0.002007 -0.014561
3.800000 -0.001850 -0.014493
3.810000 -0.001695 -0.014424
3.820000 -0.001542 -0.014354
3.830000 -0.001390 -0.014282
3.840000 -0.001239 -0.014210
3.850000 -0.001091 -0.014137
3.860000 -0.000943 -0.014062
3.870000 -0.000798 -0.013987
3.880000 -0.000654 -0.013910
3.890000 -0.000512 -0.013833
3.900000 -0.000371 -0.013755
3.910000 -0.000232 -0.013676
3.920000 -0.000095 -0.013595
3.930000 0.000041 -0.013514
3.940000 0.000175 -0.013432
3.950000 0.000307 -0.013350
3.960000 0.000438 -0.013266
3.970000 0.000567 -0.013182
3.980000 0.000695 -0.013097
3.990000 0.000821 -0.013011
4.000000 0.000945 -0.012924
4.010000 0.001068 -0.012837
4.020000 0.001189 -0.012749
4.030000 0.001309 -0.012660
4.040000 0.001427 -0.012571
4.050000 0.001543 -0.012481
4.060000 0.001658 -0.012390
4.070000 0.001771 -0.012299
4.080000 0.001883 -0.012207
4.090000 0.001992 -0.012115
4.100000 0.002101 -0.012022
4.110000 0.002208 -0.011929
4.120000 0.002313 -0.011835
4.130000 0.002417 -0.011740
4.140000 0.002519 -0.011645
4.150000 0.002619 -0.011550
4.160000 0.002718 -0.011454
4.170000 0.002816 -0.011358
4.180000 0.002912 -0.011262
4.190000 0.003006 -0.011165
4.200000 0.003099 -0.011068
4.210000 0.003190 -0.010970
4.220000 0.003280 -0.010872
4.230000 0.003368 -0.010774
4.240000 0.003455 -0.010676
4.250000 0.003540 -0.010577
4.260000 0.003624 -0.010478
4.270000 0.003707 -0.010379
4.280000 0.003787 -0.010279
4.290000 0.003867 -0.010180
4.300000 0.003945 -0.010080
4.310000 0.004021 -0.009980
4.320000 0.004096 -0.009880
4.330000 0.004169 -0.009779
4.340000 0.004241 -0.009679
4.350000 0.004312 -0.009578
4.360000 0.004381 -0.009478
4.370000 0.004449 -0.009377
4.380000 0.004515 -0.009276
4.390000 0.004580 -0.009176
4.400000 0.004644 -0.009075
4.410000 0.004706 -0.008974
4.420000 0.004767 -0.008873
4.430000 0.004826 -0.008772
4.440000 0.004885 -0.008671
4.450000 0.004941 -0.008570
4.460000 0.004997 -0.008469
4.470000 0.005051 -0.008369
4.480000 0.005103 -0.008268
4.490000 0.005155 -0.008167
4.500000 0.005205 -0.008067
4.510000 0.005254 -0.007967
4.520000 0.005301 -0.007866
4.530000 0.005347 -0.007766
4.540000 0.005392 -0.007666
4.550000 0.005436 -0.007566
4.560000 0.005479 -0.007467
4.570000 0.005520 -0.007367
4.580000 0.005560 -0.007268
4.590000 0.005598 -0.007169
4.600000 0.005636 -0.007070
4.610000 0.005672 -0.006971
4.620000 0.005707 -0.006873
4.630000 0.005741 -0.006775
4.640000 0.005774 -0.006677
4.650000 0.005805 -0.006579
4.660000 0.005836 -0.006482
4.670000 0.005865 -0.006385
4.680000 0.005893 -0.006288
4.690000 0.005920 -0.006191
4.700000 0.005946 -0.006095
4.710000 0.005971 -0.005999
4.720000 0.005994 -0.005904
4.730000 0.006017 -0.005808
4.740000 0.006038 -0.005714
4.750000 0.006059 -0.005619
4.760000 0.006078 -0.005525
4.770000 0.006096 -0.005431
4.780000 0.006113 -0.005338
4.790000 0.006130 -0.005245
4.800000 0.006145 -0.005152
4.810000 0.006159 -0.005060
4.820000 0.006172 -0.004968
4.830000 0.006184 -0.004877
4.840000 0.006195 -0.004786
4.850000 0.006206 -0.004696
4.860000 0.006215 -0.004606
4.870000 0.006223 -0.004516
4.880000 0.006230 -0.004427
4.890000 0.006237 -0.004339
4.900000 0.006242 -0.004250
4.910000 0.006247 -0.004163
4.920000 0.006251 -0.004076
4.930000 0.006253 -0.003989
4.940000 0.006255 -0.003903
4.950000 0.006256 -0.003817
4.960000 0.006257 -0.003732
4.970000 0.006256 -0.003647
4.980000 0.006255 -0.003563
4.990000 0.006252 -0.003479
5.000000 0.006249 -0.003396
5.010000 0.006245 -0.003313
5.020000 0.006240 -0.003231
5.030000 0.006235 -0.003150
5.040000 0.006229 -0.003069
5.050000 0.006222 -0.002988
5.060000 0.006214 -0.002909
5.070000 0.006205 -0.002829
5.080000 0.006196 -0.002750
5.090000 0.006186 -0.002672
5.100000 0.006175 -0.002595
5.110000 0.006164 -0.002518
5.120000 0.006152 -0.002441
5.130000 0.006139 -0.002365
5.140000 0.006125 -0.002290
5.150000 0.006111 -0.002215
5.160000 0.006096 -0.002141
5.170000 0.006081 -0.002068
5.180000 0.006065 -0.001995
5.190000 0.006048 -0.001923
5.200000 0.006030 -0.001851
5.210000 0.006012 -0.001780
5.220000 0.005994 -0.001709
5.230000 0.005975 -0.001639
5.240000 0.005955 -0.001570
5.250000 0.005935 -0.001501
5.260000 0.005914 -0.001433
5.270000 0.005892 -0.001366
5.280000 0.005870 -0.001299
5.290000 0.005848 -0.001233
5.300000 0.005825 -0.001167
5.310000 0.005801 -0.001102
5.320000 0.005777 -0.001038
5.330000 0.005753 -0.000974
5.340000 0.005728 -0.000911
5.350000 0.005702 -0.000849
5.360000 0.005676 -0.000787
5.370000 0.005650 -0.000726
5.380000 0.005623 -0.000665
5.390000 0.005596 -0.000605
5.400000 0.005568 -0.000546
5.410000 0.005540 -0.000488
5.420000 0.005511 -0.000430
5.430000 0.005482 -0.000372
5.440000 0.005453 -0.000315
5.450000 0.005423 -0.000259
5.460000 0.005393 -0.000204
5.470000 0.005363 -0.000149
5.480000 0.005332 -0.000095
5.490000 0.005300 -0.000041
5.500000 0.005269 0.000012
5.510000 0.005237 0.000064
5.520000 0.005205 0.000116
5.530000 0.005172 0.000167
5.540000 0.005139 0.000217
5.550000 0.005106 0.000267
5.560000 0.005073 0.000316
5.570000 0.005039 0.000365
5.580000 0.005005 0.000412
5.590000 0.004971 0.000460
5.600000 0.004936 0.000506
5.610000 0.004901 0.000552
5.620000 0.004866 0.000598
5.630000 0.004831 0.000642
5.640000 0.004796 0.000687
5.650000 0.004760 0.000730
5.660000 0.004724 0.000773
5.670000 0.004688 0.000815
5.680000 0.004651 0.000857
5.690000 0.004615 0.000898
5.700000 0.004578 0.000939
5.710000 0.004541 0.000978
5.720000 0.004504 0.001018
5.730000 0.004467 0.001056
5.740000 0.004429 0.001094
5.750000 0.004392 0.001132
5.760000 0.004354 0.001169
5.770000 0.004316 0.001205
5.780000 0.004278 0.001240
5.790000 0.004240 0.001275
5.800000 0.004202 0.001310
5.810000 0.004163 0.001344
5.820000 0.004125 0.001377
5.830000 0.004086 0.001410
5.840000 0.004048 0.001442
5.850000 0.004009 0.001473
5.860000 0.003970 0.001504
5.870000 0.003931 0.001535
5.880000 0.003892 0.001565
5.890000 0.003853 0.001594
5.900000 0.003814 0.001622
5.910000 0.003775 0.001651
5.920000 0.003736 0.001678
5.930000 0.003696 0.001705
5.940000 0.003657 0.001732
5.950000 0.003618 0.001758
5.960000 0.003579 0.001783
5.970000 0.003539 0.001808
5.980000 0.003500 0.001832
5.990000 0.003461 0.001856
6.000000 0.003421 0.001879
6.010000 0.003382 0.001902
6.020000 0.003343 0.001924
6.030000 0.003303 0.001945
6.040000 0.003264 0.001966
6.050000 0.003225 0.001987
6.060000 0.003186 0.002007
6.070000 0.003147 0.002027
6.080000 0.003107 0.002046
6.090000 0.003068 0.002064
6.100000 0.003029 0.002082
6.110000 0.002990 0.002100
6.120000 0.002951 0.002117
6.130000 0.002913 0.002134
6.140000 0.002874 0.002150
6.150000 0.002835 0.002165
6.160000 0.002797 0.002180
6.170000 0.002758 0.002195
6.180000 0.002720 0.002209
6.190000 0.002681 0.002223
6.200000 0.002643 0.002236
6.210000 0.002605 0.002249
6.220000 0.002567 0.002261
6.230000 0.002529 0.002273
6.240000 0.002491 0.002285
6.250000 0.002453 0.002296
6.260000 0.002416 0.002306
6.270000 0.002378 0.002316
6.280000 0.002341 0.002326
6.290000 0.002303 0.002335
6.300000 0.002266 0.002344
6.310000 0.002229 0.002352
6.320000 0.002193 0.002360
6.330000 0.002156 0.002368
6.340000 0.002119 0.002375
6.350000 0.002083 0.002382
6.360000 0.002047 0.002388
6.370000 0.002011 0.002394
6.380000 0.001975 0.002399
6.390000 0.001939 0.002405
6.400000 0.001903 0.002409
6.410000 0.001868 0.002414
6.420000 0.001833 0.002418
6.430000 0.001798 0.002421
6.440000 0.001763 0.002425
6.450000 0.001728 0.002428
6.460000 0.001693 0.002430
6.470000 0.001659 0.002432
6.480000 0.001625 0.002434
6.490000 0.001591 0.002436
6.500000 0.001557 0.002437
6.510000 0.001523 0.002438
6.520000 0.001490 0.002438
6.530000 0.001457 0.002438
6.540000 0.001424 0.002438
6.550000 0.001391 0.002437
6.560000 0.001358 0.002436
6.570000 0.001326 0.002435
6.580000 0.001294 0.002434
6.590000 0.001262 0.002432
6.600000 0.001230 0.002430
6.610000 0.001198 0.002427
6.620000 0.001167 0.002425
6.630000 0.001136 0.002422
6.640000 0.001105 0.002418
6.650000 0.001074 0.002415
6.660000 0.001044 0.002411
6.670000 0.001013 0.002407
6.680000 0.000983 0.002402
6.690000 0.000954 0.002397
6.700000 0.000924 0.002392
6.710000 0.000895 0.002387
6.720000 0.000866 0.002382
6.730000 0.000837 0.002376
6.740000 0.000808 0.002370
6.750000 0.000780 0.002364
6.760000 0.000751 0.002357
6.770000 0.000723 0.002350
6.780000 0.000696 0.002343
6.790000 0.000668 0.002336
6.800000 0.000641 0.002329
6.810000 0.000614 0.002321
6.820000 0.000587 0.002313
6.830000 0.000561 0.002305
6.840000 0.000534 0.002297
6.850000 0.000508 0.002288
6.860000 0.000482 0.002279
6.870000 0.000457 0.002270
6.880000 0.000432 0.002261
6.890000 0.000406 0.002252
6.900000 0.000382 0.002242
6.910000 0.000357 0.002233
6.920000 0.000333 0.002223
6.930000 0.000309 0.002213
6.940000 0.000285 0.002202
6.950000 0.000261 0.002192
6.960000 0.000238 0.002181
6.970000 0.000215 0.002171
6.980000 0.000192 0.002160
6.990000 0.000169 0.002148
7.000000 0.000147 0.002137
7.010000 0.000125 0.002126
7.020000 0.000103 0.002114
7.030000 0.000081 0.002102
7.040000 0.000060 0.002091
7.050000 0.000039 0.002079
7.060000 0.000018 0.002066
7.070000 -0.000003 0.002054
7.080000 -0.000023 0.002042
7.090000 -0.000043 0.002029
7.100000 -0.000063 0.002016
7.110000 -0.000083 0.002004
7.120000 -0.000102 0.001991
7.130000 -0.000122 0.001978
7.140000 -0.000141 0.001965
7.150000 -0.000159 0.001951
7.160000 -0.000178 0.001938
7.170000 -0.000196 0.001925
7.180000 -0.000214 0.001911
7.190000 -0.000232 0.001897
7.200000 -0.000249 0.001884
7.210000 -0.000266 0.001870
7.220000 -0.000283 0.001856
7.230000 -0.000300 0.001842
7.240000 -0.000316 0.001828
7.250000 -0.000333 0.001814
7.260000 -0.000349 0.001799
7.270000 -0.000364 0.001785
7.280000 -0.000380 0.001771
7.290000 -0.000395 0.001756
7.300000 -0.000410 0.001742
7.310000 -0.000425 0.001727
7.320000 -0.000440 0.001712
7.330000 -0.000454 0.001698
7.340000 -0.000468 0.001683
7.350000 -0.000482 0.001668
7.360000 -0.000496 0.001653
7.370000 -0.000509 0.001638
7.380000 -0.000523 0.001623
7.390000 -0.000536 0.001608
7.400000 -0.000548 0.001593
7.410000 -0.000561 0.001578
7.420000 -0.000573 0.001563
7.430000 -0.000585 0.001548
7.440000 -0.000597 0.001533
7.450000 -0.000609 0.001518
7.460000 -0.000620 0.001503
7.470000 -0.000631 0.001487
7.480000 -0.000642 0.001472
7.490000 -0.000653 0.001457
7.500000 -0.000664 0.001442
7.510000 -0.000674 0.001426
7.520000 -0.000684 0.001411
7.530000 -0.000694 0.001396
7.540000 -0.000704 0.001380
7.550000 -0.000713 0.001365
7.560000 -0.000722 0.001350
7.570000 -0.000731 0.001334
7.580000 -0.000740 0.001319
7.590000 -0.000749 0.001304
7.600000 -0.000757 0.001288
7.610000 -0.000766 0.001273
7.620000 -0.000774 0.001258
7.630000 -0.000781 0.001243
7.640000 -0.000789 0.001227
7.650000 -0.000797 0.001212
7.660000 -0.000804 0.001197
7.670000 -0.000811 0.001182
7.680000 -0.000818 0.001166
7.690000 -0.000824 0.001151
7.700000 -0.000831 0.001136
7.710000 -0.000837 0.001121
7.720000 -0.000843 0.001106
7.730000 -0.000849 0.001091
7.740000 -0.000855 0.001076
7.750000 -0.000860 0.001061
7.760000 -0.000866 0.001046
7.770000 -0.000871 0.001031
7.780000 -0.000876 0.001016
7.790000 -0.000881 0.001001
7.800000 -0.000885 0.000987
7.810000 -0.000890 0.000972
7.820000 -0.000894 0.000957
7.830000 -0.000898 0.000942
7.840000 -0.000902 0.000928
7.850000 -0.000906 0.000913
7.860000 -0.000910 0.000899
7.870000 -0.000913 0.000884
7.880000 -0.000916 0.000870
7.890000 -0.000919 0.000855
7.900000 -0.000922 0.000841
7.910000 -0.000925 0.000827
7.920000 -0.000928 0.000813
7.930000 -0.000930 0.000799
7.940000 -0.000933 0.000785
7.950000 -0.000935 0.000771
7.960000 -0.000937 0.000757
7.970000 -0.000939 0.000743
7.980000 -0.000940 0.000729
7.990000 -0.000942 0.000715
8.000000 -0.000943 0.000702
8.010000 -0.000945 0.000688
8.020000 -0.000946 0.000674
8.030000 -0.000947 0.000661
8.040000 -0.000948 0.000648
8.050000 -0.000948 0.000634
8.060000 -0.000949 0.000621
8.070000 -0.000949 0.000608
8.080000 -0.000950 0.000595
8.090000 -0.000950 0.000582
8.100000 -0.000950 0.000569
8.110000 -0.000950 0.000556
8.120000 -0.000950 0.000543
8.130000 -0.000949 0.000530
8.140000 -0.000949 0.000518
8.150000 -0.000948 0.000505
8.160000 -0.000948 0.000493
8.170000 -0.000947 0.000480
8.180000 -0.000946 0.000468
8.190000 -0.000945 0.000456
8.200000 -0.000944 0.000444
8.210000 -0.000942 0.000431
8.220000 -0.000941 0.000420
8.230000 -0.000940 0.000408
8.240000 -0.000938 0.000396
8.250000 -0.000936 0.000384
8.260000 -0.000934 0.000373
8.270000 -0.000932 0.000361
8.280000 -0.000930 0.000350
8.290000 -0.000928 0.000338
8.300000 -0.000926 0.000327
8.310000 -0.000924 0.000316
8.320000 -0.000921 0.000305
8.330000 -0.000919 0.000294
8.340000 -0.000916 0.000283
8.350000 -0.000913 0.000272
8.360000 -0.000911 0.000261
8.370000 -0.000908 0.000251
8.380000 -0.000905 0.000240
8.390000 -0.000902 0.000230
8.400000 -0.000898 0.000219
8.410000 -0.000895 0.000209
8.420000 -0.000892 0.000199
8.430000 -0.000888 0.000189
8.440000 -0.000885 0.000179
8.450000 -0.000881 0.000169
8.460000 -0.000878 0.000159
8.470000 -0.000874 0.000149
8.480000 -0.000870 0.000140
8.490000 -0.000866 0.000130
8.500000 -0.000863 0.000121
8.510000 -0.000859 0.000112
8.520000 -0.000854 0.000102
8.530000 -0.000850 0.000093
8.540000 -0.000846 0.000084
8.550000 -0.000842 0.000075
8.560000 -0.000838 0.000067
8.570000 -0.000833 0.000058
8.580000 -0.000829 0.000049
8.590000 -0.000824 0.000041
8.600000 -0.000820 0.000032
8.610000 -0.000815 0.000024
8.620000 -0.000810 0.000016
8.630000 -0.000806 0.000008
8.640000 -0.000801 -0.000000
8.650000 -0.000796 -0.000008
8.660000 -0.000791 -0.000016
8.670000 -0.000786 -0.000024
8.680000 -0.000781 -0.000032
8.690000 -0.000776 -0.000039
8.700000 -0.000771 -0.000047
8.710000 -0.000766 -0.000054
8.720000 -0.000761 -0.000061
8.730000 -0.000756 -0.000069
8.740000 -0.000750 -0.000076
8.750000 -0.000745 -0.000083
8.760000 -0.000740 -0.000090
8.770000 -0.000734 -0.000096
8.780000 -0.000729 -0.000103
8.790000 -0.000724 -0.000110
8.800000 -0.000718 -0.000116
8.810000 -0.000713 -0.000123
8.820000 -0.000707 -0.000129
8.830000 -0.000702 -0.000135
8.840000 -0.000696 -0.000142
8.850000 -0.000690 -0.000148
8.860000 -0.000685 -0.000154
8.870000 -0.000679 -0.000159
8.880000 -0.000673 -0.000165
8.890000 -0.000668 -0.000171
8.900000 -0.000662 -0.000177
8.910000 -0.000656 -0.000182
8.920000 -0.000650 -0.000187
8.930000 -0.000645 -0.000193
8.940000 -0.000639 -0.000198
8.950000 -0.000633 -0.000203
8.960000 -0.000627 -0.000208
8.970000 -0.000621 -0.000213
8.980000 -0.000615 -0.000218
8.990000 -0.000610 -0.000223
9.000000 -0.000604 -0.000228
9.010000 -0.000598 -0.000232
9.020000 -0.000592 -0.000237
9.030000 -0.000586 -0.000241
9.040000 -0.000580 -0.000246
9.050000 -0.000574 -0.000250
9.060000 -0.000568 -0.000254
9.070000 -0.000562 -0.000258
9.080000 -0.000556 -0.000262
9.090000 -0.000550 -0.000266
9.100000 -0.000544 -0.000270
9.110000 -0.000538 -0.000274
9.120000 -0.000532 -0.000278
9.130000 -0.000526 -0.000281
9.140000 -0.000520 -0.000285
9.150000 -0.000514 -0.000288
9.160000 -0.000509 -0.000292
9.170000 -0.000503 -0.000295
9.180000 -0.000497 -0.000298
9.190000 -0.000491 -0.000301
9.200000 -0.000485 -0.000304
9.210000 -0.000479 -0.000307
9.220000 -0.000473 -0.000310
9.230000 -0.000467 -0.000313
9.240000 -0.000461 -0.000316
9.250000 -0.000455 -0.000318
9.260000 -0.000449 -0.000321
9.270000 -0.000443 -0.000324
9.280000 -0.000437 -0.000326
9.290000 -0.000431 -0.000328
9.300000 -0.000426 -0.000331
9.310000 -0.000420 -0.000333
9.320000 -0.000414 -0.000335
9.330000 -0.000408 -0.000337
9.340000 -0.000402 -0.000339
9.350000 -0.000396 -0.000341
9.360000 -0.000391 -0.000343
9.370000 -0.000385 -0.000345
9.380000 -0.000379 -0.000347
9.390000 -0.000373 -0.000348
9.400000 -0.000368 -0.000350
9.410000 -0.000362 -0.000351
9.420000 -0.000356 -0.000353
9.430000 -0.000351 -0.000354
9.440000 -0.000345 -0.000356
9.450000 -0.000339 -0.000357
9.460000 -0.000334 -0.000358
9.470000 -0.000328 -0.000359
9.480000 -0.000323 -0.000360
9.490000 -0.000317 -0.000361
9.500000 -0.000312 -0.000362
9.510000 -0.000306 -0.000363
9.520000 -0.000301 -0.000364
9.530000 -0.000295 -0.000365
9.540000 -0.000290 -0.000366
9.550000 -0.000284 -0.000366
9.560000 -0.000279 -0.000367
9.570000 -0.000274 -0.000368
9.580000 -0.000268 -0.000368
9.590000 -0.000263 -0.000369
9.600000 -0.000258 -0.000369
9.610000 -0.000253 -0.000369
9.620000 -0.000248 -0.000370
9.630000 -0.000242 -0.000370
9.640000 -0.000237 -0.000370
9.650000 -0.000232 -0.000370
9.660000 -0.000227 -0.000370
9.670000 -0.000222 -0.000370
9.680000 -0.000217 -0.000370
9.690000 -0.000212 -0.000370
9.700000 -0.000207 -0.000370
9.710000 -0.000202 -0.000370
9.720000 -0.000197 -0.000370
9.730000 -0.000192 -0.000369
9.740000 -0.000188 -0.000369
9.750000 -0.000183 -0.000369
9.760000 -0.000178 -0.000368
9.770000 -0.000173 -0.000368
9.780000 -0.000169 -0.000367
9.790000 -0.000164 -0.000367
9.800000 -0.000159 -0.000366
9.810000 -0.000155 -0.000366
9.820000 -0.000150 -0.000365
9.830000 -0.000146 -0.000364
9.840000 -0.000141 -0.000363
9.850000 -0.000137 -0.000363
9.860000 -0.000132 -0.000362
9.870000 -0.000128 -0.000361
9.880000 -0.000123 -0.000360
9.890000 -0.000119 -0.000359
9.900000 -0.000115 -0.000358
9.910000 -0.000111 -0.000357
9.920000 -0.000106 -0.000356
9.930000 -0.000102 -0.000355
9.940000 -0.000098 -0.000354
9.950000 -0.000094 -0.000353
9.960000 -0.000090 -0.000351
9.970000 -0.000086 -0.000350
9.980000 -0.000082 -0.000349
9.990000 -0.000078 -0.000348
10.000000 -0.000074 -0.000346
10.010000 -0.000070 -0.000345
10.020000 -0.000066 -0.000344
10.030000 -0.000062 -0.000342
10.040000 -0.000059 -0.000341
10.050000 -0.000055 -0.000339
10.060000 -0.000051 -0.000338
10.070000 -0.000047 -0.000336
10.080000 -0.000044 -0.000335
10.090000 -0.000040 -0.000333
10.100000 -0.000037 -0.000331
10.110000 -0.000033 -0.000330
10.120000 -0.000030 -0.000328
10.130000 -0.000026 -0.000326
10.140000 -0.000023 -0.000325
10.150000 -0.000019 -0.000323
10.160000 -0.000016 -0.000321
10.170000 -0.000013 -0.000320
10.180000 -0.000010 -0.000318
10.190000 -0.000006 -0.000316
10.200000 -0.000003 -0.000314
10.210000 -0.000000 -0.000312
10.220000 0.000003 -0.000310
10.230000 0.000006 -0.000308
10.240000 0.000009 -0.000306
10.250000 0.000012 -0.000305
10.260000 0.000015 -0.000303
10.270000 0.000018 -0.000301
10.280000 0.000021 -0.000299
10.290000 0.000024 -0.000297
10.300000 0.000027 -0.000295
10.310000 0.000029 -0.000293
10.320000 0.000032 -0.000290
10.330000 0.000035 -0.000288
10.340000 0.000037 -0.000286
10.350000 0.000040 -0.000284
10.360000 0.000043 -0.000282
10.370000 0.000045 -0.000280
10.380000 0.000048 -0.000278
10.390000 0.000050 -0.000276
10.400000 0.000053 -0.000274
10.410000 0.000055 -0.000271
10.420000 0.000057 -0.000269
10.430000 0.000060 -0.000267
10.440000 0.000062 -0.000265
10.450000 0.000064 -0.000263
10.460000 0.000066 -0.000260
10.470000 0.000069 -0.000258
10.480000 0.000071 -0.000256
10.490000 0.000073 -0.000254
10.500000 0.000075 -0.000251
10.510000 0.000077 -0.000249
10.520000 0.000079 -0.000247
10.530000 0.000081 -0.000245
10.540000 0.000083 -0.000242
10.550000 0.000085 -0.000240
10.560000 0.000087 -0.000238
10.570000 0.000089 -0.000235
10.580000 0.000090 -0.000233
10.590000 0.000092 -0.000231
10.600000 0.000094 -0.000229
10.610000 0.000096 -0.000226
10.620000 0.000097 -0.000224
10.630000 0.000099 -0.000222
10.640000 0.000101 -0.000219
10.650000 0.000102 -0.000217
10.660000 0.000104 -0.000215
10.670000 0.000105 -0.000212
10.680000 0.000107 -0.000210
10.690000 0.000108 -0.000208
10.700000 0.000109 -0.000205
10.710000 0.000111 -0.000203
10.720000 0.000112 -0.000201
10.730000 0.000114 -0.000198
10.740000 0.000115 -0.000196
10.750000 0.000116 -0.000194
10.760000 0.000117 -0.000191
10.770000 0.000118 -0.000189
10.780000 0.000120 -0.000187
10.790000 0.000121 -0.000184
10.800000 0.000122 -0.000182
10.810000 0.000123 -0.000180
10.820000 0.000124 -0.000177
10.830000 0.000125 -0.000175
10.840000 0.000126 -0.000173
10.850000 0.000127 -0.000171
10.860000 0.000128 -0.000168
10.870000 0.000129 -0.000166
10.880000 0.000130 -0.000164
10.890000 0.000131 -0.000161
10.900000 0.000131 -0.000159
10.910000 0.000132 -0.000157
10.920000 0.000133 -0.000155
10.930000 0.000134 -0.000152
10.940000 0.000134 -0.000150
10.950000 0.000135 -0.000148
10.960000 0.000136 -0.000146
10.970000 0.000136 -0.000143
10.980000 0.000137 -0.000141
10.990000 0.000137 -0.000139
11.000000 0.000138 -0.000137
11.010000 0.000139 -0.000135
11.020000 0.000139 -0.000132
11.030000 0.000140 -0.000130
11.040000 0.000140 -0.000128
11.050000 0.000140 -0.000126
11.060000 0.000141 -0.000124
11.070000 0.000141 -0.000122
11.080000 0.000142 -0.000119
11.090000 0.000142 -0.000117
11.100000 0.000142 -0.000115
11.110000 0.000142 -0.000113
11.120000 0.000143 -0.000111
11.130000 0.000143 -0.000109
11.140000 0.000143 -0.000107
11.150000 0.000143 -0.000105
11.160000 0.000144 -0.000103
11.170000 0.000144 -0.000101
11.180000 0.000144 -0.000099
11.190000 0.000144 -0.000097
11.200000 0.000144 -0.000095
11.210000 0.000144 -0.000093
11.220000 0.000144 -0.000091
11.230000 0.000144 -0.000089
11.240000 0.000144 -0.000087
11.250000 0.000144 -0.000085
11.260000 0.000144 -0.000083
11.270000 0.000144 -0.000081
11.280000 0.000144 -0.000079
11.290000 0.000144 -0.000077
11.300000 0.000144 -0.000075
11.310000 0.000144 -0.000073
11.320000 0.000144 -0.000071
11.330000 0.000143 -0.000069
11.340000 0.000143 -0.000068
11.350000 0.000143 -0.000066
11.360000 0.000143 -0.000064
11.370000 0.000143 -0.000062
11.380000 0.000142 -0.000060
11.390000 0.000142 -0.000059
11.400000 0.000142 -0.000057
11.410000 0.000142 -0.000055
11.420000 0.000141 -0.000053
11.430000 0.000141 -0.000052
11.440000 0.000141 -0.000050
11.450000 0.000140 -0.000048
11.460000 0.000140 -0.000047
11.470000 0.000140 -0.000045
11.480000 0.000139 -0.000043
11.490000 0.000139 -0.000042
11.500000 0.000138 -0.000040
11.510000 0.000138 -0.000038
11.520000 0.000137 -0.000037
11.530000 0.000137 -0.000035
11.540000 0.000136 -0.000034
11.550000 0.000136 -0.000032
11.560000 0.000136 -0.000030
11.570000 0.000135 -0.000029
11.580000 0.000134 -0.000027
11.590000 0.000134 -0.000026
11.600000 0.000133 -0.000024
11.610000 0.000133 -0.000023
11.620000 0.000132 -0.000021
11.630000 0.000132 -0.000020
11.640000 0.000131 -0.000019
11.650000 0.000130 -0.000017
11.660000 0.000130 -0.000016
11.670000 0.000129 -0.000014
11.680000 0.000129 -0.000013
11.690000 0.000128 -0.000012
11.700000 0.000127 -0.000010
11.710000 0.000127 -0.000009
11.720000 0.000126 -0.000008
11.730000 0.000125 -0.000006
11.740000 0.000125 -0.000005
11.750000 0.000124 -0.000004
11.760000 0.000123 -0.000003
11.770000 0.000122 -0.000001
11.780000 0.000122 -0.000000
11.790000 0.000121 0.000001
11.800000 0.000120 0.000002
11.810000 0.000119 0.000003
11.820000 0.000119 0.000005
11.830000 0.000118 0.000006
11.840000 0.000117 0.000007
11.850000 0.000116 0.000008
11.860000 0.000116 0.000009
11.870000 0.000115 0.000010
11.880000 0.000114 0.000011
11.890000 0.000113 0.000012
11.900000 0.000112 0.000013
11.910000 0.000112 0.000014
11.920000 0.000111 0.000016
11.930000 0.000110 0.000017
11.940000 0.000109 0.000018
11.950000 0.000108 0.000018
11.960000 0.000107 0.000019
11.970000 0.000107 0.000020
11.980000 0.000106 0.000021
11.990000 0.000105 0.000022
12.000000 0.000104 0.000023
12.010000 0.000103 0.000024
12.020000 0.000102 0.000025
12.030000 0.000102 0.000026
12.040000 0.000101 0.000027
12.050000 0.000100 0.000028
12.060000 0.000099 0.000028
12.070000 0.000098 0.000029
12.080000 0.000097 0.000030
12.090000 0.000096 0.000031
12.100000 0.000095 0.000032
12.110000 0.000094 0.000032
12.120000 0.000094 0.000033
12.130000 0.000093 0.000034
12.140000 0.000092 0.000034
12.150000 0.000091 0.000035
12.160000 0.000090 0.000036
12.170000 0.000089 0.000037
12.180000 0.000088 0.000037
12.190000 0.000087 0.000038
12.200000 0.000086 0.000038
12.210000 0.000086 0.000039
12.220000 0.000085 0.000040
12.230000 0.000084 0.000040
12.240000 0.000083 0.000041
12.250000 0.000082 0.000041
12.260000 0.000081 0.000042
12.270000 0.000080 0.000043
12.280000 0.000079 0.000043
12.290000 0.000078 0.000044
12.300000 0.000077 0.000044
12.310000 0.000076 0.000045
12.320000 0.000076 0.000045
12.330000 0.000075 0.000046
12.340000 0.000074 0.000046
12.350000 0.000073 0.000047
12.360000 0.000072 0.000047
12.370000 0.000071 0.000047
12.380000 0.000070 0.000048
12.390000 0.000069 0.000048
12.400000 0.000068 0.000049
12.410000 0.000067 0.000049
12.420000 0.000067 0.000049
12.430000 0.000066 0.000050
12.440000 0.000065 0.000050
12.450000 0.000064 0.000050
12.460000 0.000063 0.000051
12.470000 0.000062 0.000051
12.480000 0.000061 0.000051
12.490000 0.000060 0.000052
12.500000 0.000059 0.000052
12.510000 0.000059 0.000052
12.520000 0.000058 0.000053
12.530000 0.000057 0.000053
12.540000 0.000056 0.000053
12.550000 0.000055 0.000053
12.560000 0.000054 0.000054
12.570000 0.000053 0.000054
12.580000 0.000053 0.000054
12.590000 0.000052 0.000054
12.600000 0.000051 0.000054
12.610000 0.000050 0.000055
12.620000 0.000049 0.000055
12.630000 0.000048 0.000055
12.640000 0.000047 0.000055
12.650000 0.000047 0.000055
12.660000 0.000046 0.000055
12.670000 0.000045 0.000055
12.680000 0.000044 0.000056
12.690000 0.000043 0.000056
12.700000 0.000043 0.000056
12.710000 0.000042 0.000056
12.720000 0.000041 0.000056
12.730000 0.000040 0.000056
12.740000 0.000039 0.000056
12.750000 0.000038 0.000056
12.760000 0.000038 0.000056
12.770000 0.000037 0.000056
12.780000 0.000036 0.000056
12.790000 0.000035 0.000056
12.800000 0.000035 0.000056
12.810000 0.000034 0.000056
12.820000 0.000033 0.000056
12.830000 0.000032 0.000056
12.840000 0.000032 0.000056
12.850000 0.000031 0.000056
12.860000 0.000030 0.000056
12.870000 0.000029 0.000056
12.880000 0.000029 0.000056
12.890000 0.000028 0.000056
12.900000 0.000027 0.000056
12.910000 0.000026 0.000056
12.920000 0.000026 0.000056
12.930000 0.000025 0.000056
12.940000 0.000024 0.000056
12.950000 0.000024 0.000056
12.960000 0.000023 0.000055
12.970000 0.000022 0.000055
12.980000 0.000022 0.000055
12.990000 0.000021 0.000055
13.000000 0.000020 0.000055
13.010000 0.000020 0.000055
13.020000 0.000019 0.000055
13.030000 0.000018 0.000055
13.040000 0.000018 0.000054
13.050000 0.000017 0.000054
13.060000 0.000016 0.000054
13.070000 0.000016 0.000054
13.080000 0.000015 0.000054
13.090000 0.000014 0.000054
13.100000 0.000014 0.000053
13.110000 0.000013 0.000053
13.120000 0.000013 0.000053
13.130000 0.000012 0.000053
13.140000 0.000011 0.000053
13.150000 0.000011 0.000052
13.160000 0.000010 0.000052
13.170000 0.000010 0.000052
13.180000 0.000009 0.000052
13.190000 0.000008 0.000052
13.200000 0.000008 0.000051
13.210000 0.000007 0.000051
13.220000 0.000007 0.000051
13.230000 0.000006 0.000051
13.240000 0.000006 0.000050
13.250000 0.000005 0.000050
13.260000 0.000005 0.000050
13.270000 0.000004 0.000050
13.280000 0.000004 0.000049
13.290000 0.000003 0.000049
13.300000 0.000003 0.000049
13.310000 0.000002 0.000049
13.320000 0.000002 0.000048
13.330000 0.000001 0.000048
13.340000 0.000001 0.000048
13.350000 0.000000 0.000047
13.360000 -0.000000 0.000047
13.370000 -0.000001 0.000047
13.380000 -0.000001 0.000047
13.390000 -0.000002 0.000046
13.400000 -0.000002 0.000046
13.410000 -0.000003 0.000046
13.420000 -0.000003 0.000045
13.430000 -0.000004 0.000045
13.440000 -0.000004 0.000045
13.450000 -0.000004 0.000044
13.460000 -0.000005 0.000044
13.470000 -0.000005 0.000044
13.480000 -0.000006 0.000044
13.490000 -0.000006 0.000043
13.500000 -0.000006 0.000043
13.510000 -0.000007 0.000043
13.520000 -0.000007 0.000042
13.530000 -0.000008 0.000042
13.540000 -0.000008 0.000042
13.550000 -0.000008 0.000041
13.560000 -0.000009 0.000041
13.570000 -0.000009 0.000041
13.580000 -0.000009 0.000040
13.590000 -0.000010 0.000040
13.600000 -0.000010 0.000040
13.610000 -0.000010 0.000039
13.620000 -0.000011 0.000039
13.630000 -0.000011 0.000039
13.640000 -0.000011 0.000038
13.650000 -0.000012 0.000038
13.660000 -0.000012 0.000038
13.670000 -0.000012 0.000037
13.680000 -0.000013 0.000037
13.690000 -0.000013 0.000036
13.700000 -0.000013 0.000036
13.710000 -0.000013 0.000036
13.720000 -0.000014 0.000035
13.730000 -0.000014 0.000035
13.740000 -0.000014 0.000035
13.750000 -0.000014 0.000034
13.760000 -0.000015 0.000034
13.770000 -0.000015 0.000034
13.780000 -0.000015 0.000033
13.790000 -0.000015 0.000033
13.800000 -0.000016 0.000033
13.810000 -0.000016 0.000032
13.820000 -0.000016 0.000032
13.830000 -0.000016 0.000032
13.840000 -0.000017 0.000031
13.850000 -0.000017 0.000031
13.860000 -0.000017 0.000031
13.870000 -0.000017 0.000030
13.880000 -0.000017 0.000030
13.890000 -0.000018 0.000029
13.900000 -0.000018 0.000029
13.910000 -0.000018 0.000029
13.920000 -0.000018 0.000028
13.930000 -0.000018 0.000028
13.940000 -0.000018 0.000028
13.950000 -0.000019 0.000027
13.960000 -0.000019 0.000027
13.970000 -0.000019 0.000027
13.980000 -0.000019 0.000026
13.990000 -0.000019 0.000026
14.000000 -0.000019 0.000026
14.010000 -0.000020 0.000025
14.020000 -0.000020 0.000025
14.030000 -0.000020 0.000025
14.040000 -0.000020 0.000024
14.050000 -0.000020 0.000024
14.060000 -0.000020 0.000024
14.070000 -0.000020 0.000023
14.080000 -0.000020 0.000023
14.090000 -0.000020 0.000023
14.100000 -0.000021 0.000022
14.110000 -0.000021 0.000022
14.120000 -0.000021 0.000021
14.130000 -0.000021 0.000021
14.140000 -0.000021 0.000021
14.150000 -0.000021 0.000020
14.160000 -0.000021 0.000020
14.170000 -0.000021 0.000020
14.180000 -0.000021 0.000019
14.190000 -0.000021 0.000019
14.200000 -0.000021 0.000019
14.210000 -0.000021 0.000019
14.220000 -0.000021 0.000018
14.230000 -0.000022 0.000018
14.240000 -0.000022 0.000018
14.250000 -0.000022 0.000017
14.260000 -0.000022 0.000017
14.270000 -0.000022 0.000017
14.280000 -0.000022 0.000016
14.290000 -0.000022 0.000016
14.300000 -0.000022 0.000016
14.310000 -0.000022 0.000015
14.320000 -0.000022 0.000015
14.330000 -0.000022 0.000015
14.340000 -0.000022 0.000014
14.350000 -0.000022 0.000014
14.360000 -0.000022 0.000014
14.370000 -0.000022 0.000014
14.380000 -0.000022 0.000013
14.390000 -0.000022 0.000013
14.400000 -0.000022 0.000013
14.410000 -0.000022 0.000012
14.420000 -0.000022 0.000012
14.430000 -0.000022 0.000012
14.440000 -0.000022 0.000011
14.450000 -0.000022 0.000011
14.460000 -0.000022 0.000011
14.470000 -0.000022 0.000011
14.480000 -0.000022 0.000010
14.490000 -0.000022 0.000010
14.500000 -0.000022 0.000010
14.510000 -0.000022 0.000009
14.520000 -0.000022 0.000009
14.530000 -0.000022 0.000009
14.540000 -0.000022 0.000009
14.550000 -0.000022 0.000008
14.560000 -0.000021 0.000008
14.570000 -0.000021 0.000008
14.580000 -0.000021 0.000008
14.590000 -0.000021 0.000007
14.600000 -0.000021 0.000007
14.610000 -0.000021 0.000007
14.620000 -0.000021 0.000007
14.630000 -0.000021 0.000006
14.640000 -0.000021 0.000006
14.650000 -0.000021 0.000006
14.660000 -0.000021 0.000006
14.670000 -0.000021 0.000005
14.680000 -0.000021 0.000005
14.690000 -0.000021 0.000005
14.700000 -0.000021 0.000005
14.710000 -0.000021 0.000004
14.720000 -0.000020 0.000004
14.730000 -0.000020 0.000004
14.740000 -0.000020 0.000004
14.750000 -0.000020 0.000004
14.760000 -0.000020 0.000003
14.770000 -0.000020 0.000003
14.780000 -0.000020 0.000003
14.790000 -0.000020 0.000003
14.800000 -0.000020 0.000002
14.810000 -0.000020 0.000002
14.820000 -0.000020 0.000002
14.830000 -0.000019 0.000002
14.840000 -0.000019 0.000002
14.850000 -0.000019 0.000001
14.860000 -0.000019 0.000001
14.870000 -0.000019 0.000001
14.880000 -0.000019 0.000001
14.890000 -0.000019 0.000001
14.900000 -0.000019 0.000000
14.910000 -0.000019 0.000000
14.920000 -0.000018 0.000000
14.930000 -0.000018 -0.000000
14.940000 -0.000018 -0.000000
14.950000 -0.000018 -0.000000
14.960000 -0.000018 -0.000001
14.970000 -0.000018 -0.000001
14.980000 -0.000018 -0.000001
14.990000 -0.000018 -0.000001
15.000000 -0.000018 -0.000001
15.010000 -0.000017 -0.000002
15.020000 -0.000017 -0.000002
15.030000 -0.000017 -0.000002
15.040000 -0.000017 -0.000002
15.050000 -0.000017 -0.000002
15.060000 -0.000017 -0.000002
15.070000 -0.000017 -0.000002
15.080000 -0.000017 -0.000003
15.090000 -0.000016 -0.000003
15.100000 -0.000016 -0.000003
15.110000 -0.000016 -0.000003
15.120000 -0.000016 -0.000003
15.130000 -0.000016 -0.000003
15.140000 -0.000016 -0.000003
15.150000 -0.000016 -0.000004
15.160000 -0.000016 -0.000004
15.170000 -0.000015 -0.000004
15.180000 -0.000015 -0.000004
15.190000 -0.000015 -0.000004
15.200000 -0.000015 -0.000004
15.210000 -0.000015 -0.000004
15.220000 -0.000015 -0.000005
15.230000 -0.000015 -0.000005
15.240000 -0.000015 -0.000005
15.250000 -0.000014 -0.000005
15.260000 -0.000014 -0.000005
15.270000 -0.000014 -0.000005
15.280000 -0.000014 -0.000005
15.290000 -0.000014 -0.000005
15.300000 -0.000014 -0.000005
15.310000 -0.000014 -0.000006
15.320000 -0.000013 -0.000006
15.330000 -0.000013 -0.000006
15.340000 -0.000013 -0.000006
15.350000 -0.000013 -0.000006
15.360000 -0.000013 -0.000006
15.370000 -0.000013 -0.000006
15.380000 -0.000013 -0.000006
15.390000 -0.000012 -0.000006
15.400000 -0.000012 -0.000006
15.410000 -0.000012 -0.000006
15.420000 -0.000012 -0.000007
15.430000 -0.000012 -0.000007
15.440000 -0.000012 -0.000007
15.450000 -0.000012 -0.000007
15.460000 -0.000011 -0.000007
15.470000 -0.000011 -0.000007
15.480000 -0.000011 -0.000007
15.490000 -0.000011 -0.000007
15.500000 -0.000011 -0.000007
15.510000 -0.000011 -0.000007
15.520000 -0.000011 -0.000007
15.530000 -0.000011 -0.000007
15.540000 -0.000010 -0.000007
15.550000 -0.000010 -0.000007
15.560000 -0.000010 -0.000007
15.570000 -0.000010 -0.000008
15.580000 -0.000010 -0.000008
15.590000 -0.000010 -0.000008
15.600000 -0.000010 -0.000008
15.610000 -0.000009 -0.000008
15.620000 -0.000009 -0.000008
15.630000 -0.000009 -0.000008
15.640000 -0.000009 -0.000008
15.650000 -0.000009 -0.000008
15.660000 -0.000009 -0.000008
15.670000 -0.000009 -0.000008
15.680000 -0.000009 -0.000008
15.690000 -0.000008 -0.000008
15.700000 -0.000008 -0.000008
15.710000 -0.000008 -0.000008
15.720000 -0.000008 -0.000008
15.730000 -0.000008 -0.000008
15.740000 -0.000008 -0.000008
15.750000 -0.000008 -0.000008
15.760000 -0.000007 -0.000008
15.770000 -0.000007 -0.000008
15.780000 -0.000007 -0.000008
15.790000 -0.000007 -0.000008
15.800000 -0.000007 -0.000008
15.810000 -0.000007 -0.000008
15.820000 -0.000007 -0.000008
15.830000 -0.000007 -0.000008
15.840000 -0.000006 -0.000008
15.850000 -0.000006 -0.000008
15.860000 -0.000006 -0.000008
15.870000 -0.000006 -0.000008
15.880000 -0.000006 -0.000009
15.890000 -0.000006 -0.000009
15.900000 -0.000006 -0.000009
15.910000 -0.000006 -0.000009
15.920000 -0.000006 -0.000009
15.930000 -0.000005 -0.000009
15.940000 -0.000005 -0.000009
15.950000 -0.000005 -0.000009
15.960000 -0.000005 -0.000009
15.970000 -0.000005 -0.000009
15.980000 -0.000005 -0.000009
15.990000 -0.000005 -0.000009
16.000000 -0.000005 -0.000009
16.010000 -0.000004 -0.000009
16.020000 -0.000004 -0.000009
16.030000 -0.000004 -0.000009
16.040000 -0.000004 -0.000008
16.050000 -0.000004 -0.000008
16.060000 -0.000004 -0.000008
16.070000 -0.000004 -0.000008
16.080000 -0.000004 -0.000008
16.090000 -0.000004 -0.000008
16.100000 -0.000003 -0.000008
16.110000 -0.000003 -0.000008
16.120000 -0.000003 -0.000008
16.130000 -0.000003 -0.000008
16.140000 -0.000003 -0.000008
16.150000 -0.000003 -0.000008
16.160000 -0.000003 -0.000008
16.170000 -0.000003 -0.000008
16.180000 -0.000003 -0.000008
16.190000 -0.000003 -0.000008
16.200000 -0.000002 -0.000008
16.210000 -0.000002 -0.000008
16.220000 -0.000002 -0.000008
16.230000 -0.000002 -0.000008
16.240000 -0.000002 -0.000008
16.250000 -0.000002 -0.000008
16.260000 -0.000002 -0.000008
16.270000 -0.000002 -0.000008
16.280000 -0.000002 -0.000008
16.290000 -0.000002 -0.000008
16.300000 -0.000002 -0.000008
16.310000 -0.000001 -0.000008
16.320000 -0.000001 -0.000008
16.330000 -0.000001 -0.000008
16.340000 -0.000001 -0.000008
16.350000 -0.000001 -0.000008
16.360000 -0.000001 -0.000008
16.370000 -0.000001 -0.000008
16.380000 -0.000001 -0.000008
16.390000 -0.000001 -0.000008
16.400000 -0.000001 -0.000008
16.410000 -0.000001 -0.000008
16.420000 -0.000001 -0.000008
16.430000 -0.000000 -0.000007
16.440000 -0.000000 -0.000007
16.450000 -0.000000 -0.000007
16.460000 -0.000000 -0.000007
16.470000 -0.000000 -0.000007
16.480000 -0.000000 -0.000007
16.490000 -0.000000 -0.000007
16.500000 0.000000 -0.000007
16.510000 0.000000 -0.000007
16.520000 0.000000 -0.000007
16.530000 0.000000 -0.000007
16.540000 0.000000 -0.000007
16.550000 0.000000 -0.000007
16.560000 0.000000 -0.000007
16.570000 0.000001 -0.000007
16.580000 0.000001 -0.000007
16.590000 0.000001 -0.000007
16.600000 0.000001 -0.000007
16.610000 0.000001 -0.000007
16.620000 0.000001 -0.000007
16.630000 0.000001 -0.000007
16.640000 0.000001 -0.000007
16.650000 0.000001 -0.000006
16.660000 0.000001 -0.000006
16.670000 0.000001 -0.000006
16.680000 0.000001 -0.000006
16.690000 0.000001 -0.000006
16.700000 0.000001 -0.000006
16.710000 0.000001 -0.000006
16.720000 0.000001 -0.000006
16.730000 0.000001 -0.000006
16.740000 0.000002 -0.000006
16.750000 0.000002 -0.000006
16.760000 0.000002 -0.000006
16.770000 0.000002 -0.000006
16.780000 0.000002 -0.000006
16.790000 0.000002 -0.000006
16.800000 0.000002 -0.000006
16.810000 0.000002 -0.000006
16.820000 0.000002 -0.000006
16.830000 0.000002 -0.000006
16.840000 0.000002 -0.000005
16.850000 0.000002 -0.000005
16.860000 0.000002 -0.000005
16.870000 0.000002 -0.000005
16.880000 0.000002 -0.000005
16.890000 0.000002 -0.000005
16.900000 0.000002 -0.000005
16.910000 0.000002 -0.000005
16.920000 0.000002 -0.000005
16.930000 0.000002 -0.000005
16.940000 0.000002 -0.000005
16.950000 0.000002 -0.000005
16.960000 0.000002 -0.000005
16.970000 0.000002 -0.000005
16.980000 0.000003 -0.000005
16.990000 0.000003 -0.000005
17.000000 0.000003 -0.000005
17.010000 0.000003 -0.000005
17.020000 0.000003 -0.000005
17.030000 0.000003 -0.000004
17.040000 0.000003 -0.000004
17.050000 0.000003 -0.000004
17.060000 0.000003 -0.000004
17.070000 0.000003 -0.000004
17.080000 0.000003 -0.000004
17.090000 0.000003 -0.000004
17.100000 0.000003 -0.000004
17.110000 0.000003 -0.000004
17.120000 0.000003 -0.000004
17.130000 0.000003 -0.000004
17.140000 0.000003 -0.000004
17.150000 0.000003 -0.000004
17.160000 0.000003 -0.000004
17.170000 0.000003 -0.000004
17.180000 0.000003 -0.000004
17.190000 0.000003 -0.000004
17.200000 0.000003 -0.000004
17.210000 0.000003 -0.000004
17.220000 0.000003 -0.000003
17.230000 0.000003 -0.000003
17.240000 0.000003 -0.000003
17.250000 0.000003 -0.000003
17.260000 0.000003 -0.000003
17.270000 0.000003 -0.000003
17.280000 0.000003 -0.000003
17.290000 0.000003 -0.000003
17.300000 0.000003 -0.000003
17.310000 0.000003 -0.000003
17.320000 0.000003 -0.000003
17.330000 0.000003 -0.000003
17.340000 0.000003 -0.000003
17.350000 0.000003 -0.000003
17.360000 0.000003 -0.000003
17.370000 0.000003 -0.000003
17.380000 0.000003 -0.000003
17.390000 0.000003 -0.000003
17.400000 0.000003 -0.000003
17.410000 0.000003 -0.000003
17.420000 0.000003 -0.000002
17.430000 0.000003 -0.000002
17.440000 0.000003 -0.000002
17.450000 0.000003 -0.000002
17.460000 0.000003 -0.000002
17.470000 0.000003 -0.000002
17.480000 0.000003 -0.000002
17.490000 0.000003 -0.000002
17.500000 0.000003 -0.000002
17.510000 0.000003 -0.000002
17.520000 0.000003 -0.000002
17.530000 0.000003 -0.000002
17.540000 0.000003 -0.000002
17.550000 0.000003 -0.000002
17.560000 0.000003 -0.000002
17.570000 0.000003 -0.000002
17.580000 0.000003 -0.000002
17.590000 0.000003 -0.000002
17.600000 0.000003 -0.000002
17.610000 0.000003 -0.000002
17.620000 0.000003 -0.000002
17.630000 0.000003 -0.000002
17.640000 0.000003 -0.000001
17.650000 0.000003 -0.000001
17.660000 0.000003 -0.000001
17.670000 0.000003 -0.000001
17.680000 0.000003 -0.000001
17.690000 0.000003 -0.000001
17.700000 0.000003 -0.000001
17.710000 0.000003 -0.000001
17.720000 0.000003 -0.000001
17.730000 0.000003 -0.000001
17.740000 0.000003 -0.000001
17.750000 0.000003 -0.000001
17.760000 0.000003 -0.000001
17.770000 0.000003 -0.000001
17.780000 0.000003 -0.000001
17.790000 0.000003 -0.000001
17.800000 0.000003 -0.000001
17.810000 0.000003 -0.000001
17.820000 0.000003 -0.000001
17.830000 0.000003 -0.000001
17.840000 0.000003 -0.000001
17.850000 0.000003 -0.000001
17.860000 0.000003 -0.000001
17.870000 0.000003 -0.000001
17.880000 0.000003 -0.000001
17.890000 0.000003 -0.000001
17.900000 0.000003 -0.000001
17.910000 0.000003 -0.000000
17.920000 0.000003 -0.000000
17.930000 0.000003 -0.000000
17.940000 0.000003 -0.000000
17.950000 0.000003 -0.000000
17.960000 0.000003 -0.000000
17.970000 0.000003 -0.000000
17.980000 0.000003 -0.000000
17.990000 0.000003 -0.000000
18.000000 0.000003 -0.000000
18.010000 0.000003 -0.000000
18.020000 0.000003 -0.000000
18.030000 0.000003 -0.000000
18.040000 0.000003 -0.000000
18.050000 0.000003 -0.000000
18.060000 0.000003 -0.000000
18.070000 0.000003 0.000000
18.080000 0.000003 0.000000
18.090000 0.000003 0.000000
18.100000 0.000003 0.000000
18.110000 0.000003 0.000000
18.120000 0.000003 0.000000
18.130000 0.000003 0.000000
18.140000 0.000003 0.000000
18.150000 0.000003 0.000000
18.160000 0.000003 0.000000
18.170000 0.000003 0.000000
18.180000 0.000003 0.000000
18.190000 0.000003 0.000000
18.200000 0.000003 0.000000
18.210000 0.000003 0.000000
18.220000 0.000003 0.000000
18.230000 0.000003 0.000000
18.240000 0.000002 0.000000
18.250000 0.000002 0.000000
18.260000 0.000002 0.000000
18.270000 0.000002 0.000001
18.280000 0.000002 0.000001
18.290000 0.000002 0.000001
18.300000 0.000002 0.000001
18.310000 0.000002 0.000001
18.320000 0.000002 0.000001
18.330000 0.000002 0.000001
18.340000 0.000002 0.000001
18.350000 0.000002 0.000001
18.360000 0.000002 0.000001
18.370000 0.000002 0.000001
18.380000 0.000002 0.000001
18.390000 0.000002 0.000001
18.400000 0.000002 0.000001
18.410000 0.000002 0.000001
18.420000 0.000002 0.000001
18.430000 0.000002 0.000001
18.440000 0.000002 0.000001
18.450000 0.000002 0.000001
18.460000 0.000002 0.000001
18.470000 0.000002 0.000001
18.480000 0.000002 0.000001
18.490000 0.000002 0.000001
18.500000 0.000002 0.000001
18.510000 0.000002 0.000001
18.520000 0.000002 0.000001
18.530000 0.000002 0.000001
18.540000 0.000002 0.000001
18.550000 0.000002 0.000001
18.560000 0.000002 0.000001
18.570000 0.000002 0.000001
18.580000 0.000002 0.000001
18.590000 0.000002 0.000001
18.600000 0.000002 0.000001
18.610000 0.000002 0.000001
18.620000 0.000002 0.000001
18.630000 0.000002 0.000001
18.640000 0.000002 0.000001
18.650000 0.000002 0.000001
18.660000 0.000002 0.000001
18.670000 0.000002 0.000001
18.680000 0.000002 0.000001
18.690000 0.000002 0.000001
18.700000 0.000002 0.000001
18.710000 0.000002 0.000001
18.720000 0.000001 0.000001
18.730000 0.000001 0.000001
18.740000 0.000001 0.000001
18.750000 0.000001 0.000001
18.760000 0.000001 0.000001
18.770000 0.000001 0.000001
18.780000 0.000001 0.000001
18.790000 0.000001 0.000001
18.800000 0.000001 0.000001
18.810000 0.000001 0.000001
18.820000 0.000001 0.000001
18.830000 0.000001 0.000001
18.840000 0.000001 0.000001
18.850000 0.000001 0.000001
18.860000 0.000001 0.000001
18.870000 0.000001 0.000001
18.880000 0.000001 0.000001
18.890000 0.000001 0.000001
18.900000 0.000001 0.000001
18.910000 0.000001 0.000001
18.920000 0.000001 0.000001
18.930000 0.000001 0.000001
18.940000 0.000001 0.000001
18.950000 0.000001 0.000001
18.960000 0.000001 0.000001
18.970000 0.000001 0.000001
18.980000 0.000001 0.000001
18.990000 0.000001 0.000001
19.000000 0.000001 0.000001
19.010000 0.000001 0.000001
19.020000 0.000001 0.000001
19.030000 0.000001 0.000001
19.040000 0.000001 0.000001
19.050000 0.000001 0.000001
19.060000 0.000001 0.000001
19.070000 0.000001 0.000001
19.080000 0.000001 0.000001
19.090000 0.000001 0.000001
19.100000 0.000001 0.000001
19.110000 0.000001 0.000001
19.120000 0.000001 0.000001
19.130000 0.000001 0.000001
19.140000 0.000001 0.000001
19.150000 0.000001 0.000001
19.160000 0.000001 0.000001
19.170000 0.000001 0.000001
19.180000 0.000001 0.000001
19.190000 0.000001 0.000001
19.200000 0.000001 0.000001
19.210000 0.000001 0.000001
19.220000 0.000001 0.000001
19.230000 0.000001 0.000001
19.240000 0.000001 0.000001
19.250000 0.000001 0.000001
19.260000 0.000001 0.000001
19.270000 0.000000 0.000001
19.280000 0.000000 0.000001
19.290000 0.000000 0.000001
19.300000 0.000000 0.000001
19.310000 0.000000 0.000001
19.320000 0.000000 0.000001
19.330000 0.000000 0.000001
19.340000 0.000000 0.000001
19.350000 0.000000 0.000001
19.360000 0.000000 0.000001
19.370000 0.000000 0.000001
19.380000 0.000000 0.000001
19.390000 0.000000 0.000001
19.400000 0.000000 0.000001
19.410000 0.000000 0.000001
19.420000 0.000000 0.000001
19.430000 0.000000 0.000001
19.440000 0.000000 0.000001
19.450000 0.000000 0.000001
19.460000 0.000000 0.000001
19.470000 0.000000 0.000001
19.480000 0.000000 0.000001
19.490000 0.000000 0.000001
19.500000 0.000000 0.000001
19.510000 0.000000 0.000001
19.520000 0.000000 0.000001
19.530000 0.000000 0.000001
19.540000 0.000000 0.000001
19.550000 0.000000 0.000001
19.560000 0.000000 0.000001
19.570000 0.000000 0.000001
19.580000 0.000000 0.000001
19.590000 0.000000 0.000001
19.600000 0.000000 0.000001
19.610000 0.000000 0.000001
19.620000 0.000000 0.000001
19.630000 0.000000 0.000001
19.640000 -0.000000 0.000001
19.650000 -0.000000 0.000001
19.660000 -0.000000 0.000001
19.670000 -0.000000 0.000001
19.680000 -0.000000 0.000001
19.690000 -0.000000 0.000001
19.700000 -0.000000 0.000001
19.710000 -0.000000 0.000001
19.720000 -0.000000 0.000001
19.730000 -0.000000 0.000001
19.740000 -0.000000 0.000001
19.750000 -0.000000 0.000001
19.760000 -0.000000 0.000001
19.770000 -0.000000 0.000001
19.780000 -0.000000 0.000001
19.790000 -0.000000 0.000001
19.800000 -0.000000 0.000001
19.810000 -0.000000 0.000001
19.820000 -0.000000 0.000001
19.830000 -0.000000 0.000001
19.840000 -0.000000 0.000001
19.850000 -0.000000 0.000001
19.860000 -0.000000 0.000001
19.870000 -0.000000 0.000001
19.880000 -0.000000 0.000001
19.890000 -0.000000 0.000001
19.900000 -0.000000 0.000001
19.910000 -0.000000 0.000001
19.920000 -0.000000 0.000001
19.930000 -0.000000 0.000001
19.940000 -0.000000 0.000001
19.950000 -0.000000 0.000001
19.960000 -0.000000 0.000001
19.970000 -0.000000 0.000001
19.980000 -0.000000 0.000001
19.990000 -0.000000 0.000001


