0.000000000000 0.000000000001
0.005000000000 0.000000000001
0.010000000000 0.000000000001
0.015000000000 0.000000000001
0.020000000000 0.000000000001
0.025000000000 0.000000000001
0.030000000000 0.000000000001
0.035000000000 0.000000000001
0.040000000000 0.000000000001
0.045000000000 0.000000000001
0.050000000000 0.000000000001
0.055000000000 0.000000000001
0.060000000000 0.000000000001
0.065000000000 0.000000000001
0.070000000000 0.000000000001
0.075000000000 0.000000000001
0.080000000000 0.000000000001
0.085000000000 0.000000000001
0.090000000000 0.000000000001
0.095000000000 0.000000000001
0.100000000000 0.000000000001
0.105000000000 0.000000000001
0.110000000000 0.000000000001
0.115000000000 0.000000000001
0.120000000000 0.000000000001
0.125000000000 0.000000000001
0.130000000000 0.000000000001
0.135000000000 0.000000000001
0.140000000000 0.000000000001
0.145000000000 0.000000000001
0.150000000000 0.000000000001
0.155000000000 0.000000000001
0.160000000000 0.000000000001
0.165000000000 0.000000000001
0.170000000000 0.000000000002
0.175000000000 0.000000000002
0.180000000000 0.000000000002
0.185000000000 0.000000000002
0.190000000000 0.000000000002
0.195000000000 0.000000000002
0.200000000000 0.000000000003
0.205000000000 0.000000000003
0.210000000000 0.000000000003
0.215000000000 0.000000000003
0.220000000000 0.000000000003
0.225000000000 0.000000000003
0.230000000000 0.000000000003
0.235000000000 0.000000000003
0.240000000000 0.000000000002
0.245000000000 0.000000000002
0.250000000000 0.000000000002
0.255000000000 0.000000000002
0.260000000000 0.000000000002
0.265000000000 0.000000000002
0.270000000000 0.000000000002
0.275000000000 0.000000000001
0.280000000000 0.000000000001
0.285000000000 0.000000000001
0.290000000000 0.000000000001
0.295000000000 0.000000000001
0.300000000000 0.000000000001
0.305000000000 0.000000000001
0.310000000000 0.000000000001
0.315000000000 0.000000000001
0.320000000000 0.000000000001
0.325000000000 0.000000000001
0.330000000000 0.000000000001
0.335000000000 0.000000000001
0.340000000000 0.000000000001
0.345000000000 0.000000000001
0.350000000000 0.000000000002
0.355000000000 0.000000000002
0.360000000000 0.000000000002
0.365000000000 0.000000000002
0.370000000000 0.000000000002
0.375000000000 0.000000000002
0.380000000000 0.000000000003
0.385000000000 0.000000000003
0.390000000000 0.000000000003
0.395000000000 0.000000000003
0.400000000000 0.000000000003
0.405000000000 0.000000000003
0.410000000000 0.000000000004
0.415000000000 0.000000000004
0.420000000000 0.000000000004
0.425000000000 0.000000000004
0.430000000000 0.000000000004
0.435000000000 0.000000000004
0.440000000000 0.000000000004
0.445000000000 0.000000000004
0.450000000000 0.000000000004
0.455000000000 0.000000000004
0.460000000000 0.000000000003
0.465000000000 0.000000000003
0.470000000000 0.000000000003
0.475000000000 0.000000000003
0.480000000000 0.000000000003
0.485000000000 0.000000000003
0.490000000000 0.000000000002
0.495000000000 0.000000000002
0.500000000000 0.000000000002
0.505000000000 0.000000000002
0.510000000000 0.000000000002
0.515000000000 0.000000000002
0.520000000000 0.000000000002
0.525000000000 0.000000000002
0.530000000000 0.000000000001
0.535000000000 0.000000000001
0.540000000000 0.000000000001
0.545000000000 0.000000000001
0.550000000000 0.000000000001
0.555000000000 0.000000000001
0.560000000000 0.000000000001
0.565000000000 0.000000000001
0.570000000000 0.000000000001
0.575000000000 0.000000000001
0.580000000000 0.000000000001
0.585000000000 0.000000000001
0.590000000000 0.000000000001
0.595000000000 0.000000000001
0.600000000000 0.000000000001
0.605000000000 0.000000000001
0.610000000000 0.000000000001
0.615000000000 0.000000000001
0.620000000000 0.000000000001
0.625000000000 0.000000000001
0.630000000000 0.000000000001
0.635000000000 0.000000000001
0.640000000000 0.000000000001
0.645000000000 0.000000000001
0.650000000000 0.000000000001
0.655000000000 0.000000000001
0.660000000000 0.000000000001
0.665000000000 0.000000000001
0.670000000000 0.000000000001
0.675000000000 0.000000000001
0.680000000000 0.000000000001
0.685000000000 0.000000000001
0.690000000000 0.000000000002
0.695000000000 0.000000000002
0.700000000000 0.000000000002
0.705000000000 0.000000000002
0.710000000000 0.000000000002
0.715000000000 0.000000000003
0.720000000000 0.000000000003
0.725000000000 0.000000000003
0.730000000000 0.000000000004
0.735000000000 0.000000000004
0.740000000000 0.000000000004
0.745000000000 0.000000000005
0.750000000000 0.000000000005
0.755000000000 0.000000000006
0.760000000000 0.000000000006
0.765000000000 0.000000000007
0.770000000000 0.000000000008
0.775000000000 0.000000000009
0.780000000000 0.000000000010
0.785000000000 0.000000000011
0.790000000000 0.000000000012
0.795000000000 0.000000000013
0.800000000000 0.000000000015
0.805000000000 0.000000000017
0.810000000000 0.000000000018
0.815000000000 0.000000000020
0.820000000000 0.000000000023
0.825000000000 0.000000000025
0.830000000000 0.000000000028
0.835000000000 0.000000000031
0.840000000000 0.000000000035
0.845000000000 0.000000000038
0.850000000000 0.000000000043
0.855000000000 0.000000000048
0.860000000000 0.000000000053
0.865000000000 0.000000000059
0.870000000000 0.000000000065
0.875000000000 0.000000000072
0.880000000000 0.000000000080
0.885000000000 0.000000000088
0.890000000000 0.000000000097
0.895000000000 0.000000000107
0.900000000000 0.000000000117
0.905000000000 0.000000000128
0.910000000000 0.000000000139
0.915000000000 0.000000000151
0.920000000000 0.000000000163
0.925000000000 0.000000000174
0.930000000000 0.000000000185
0.935000000000 0.000000000195
0.940000000000 0.000000000204
0.945000000000 0.000000000211
0.950000000000 0.000000000217
0.955000000000 0.000000000221
0.960000000000 0.000000000223
0.965000000000 0.000000000222
0.970000000000 0.000000000220
0.975000000000 0.000000000215
0.980000000000 0.000000000208
0.985000000000 0.000000000199
0.990000000000 0.000000000188
0.995000000000 0.000000000177
1.000000000000 0.000000000165
1.005000000000 0.000000000152
1.010000000000 0.000000000139
1.015000000000 0.000000000127
1.020000000000 0.000000000115
1.025000000000 0.000000000104
1.030000000000 0.000000000094
1.035000000000 0.000000000084
1.040000000000 0.000000000075
1.045000000000 0.000000000066
1.050000000000 0.000000000059
1.055000000000 0.000000000051
1.060000000000 0.000000000045
1.065000000000 0.000000000039
1.070000000000 0.000000000033
1.075000000000 0.000000000028
1.080000000000 0.000000000024
1.085000000000 0.000000000021
1.090000000000 0.000000000019
1.095000000000 0.000000000018
1.100000000000 0.000000000019
1.105000000000 0.000000000021
1.110000000000 0.000000000024
1.115000000000 0.000000000028
1.120000000000 0.000000000032
1.125000000000 0.000000000036
1.130000000000 0.000000000041
1.135000000000 0.000000000046
1.140000000000 0.000000000051
1.145000000000 0.000000000056
1.150000000000 0.000000000061
1.155000000000 0.000000000067
1.160000000000 0.000000000072
1.165000000000 0.000000000077
1.170000000000 0.000000000082
1.175000000000 0.000000000086
1.180000000000 0.000000000091
1.185000000000 0.000000000094
1.190000000000 0.000000000097
1.195000000000 0.000000000099
1.200000000000 0.000000000101
1.205000000000 0.000000000102
1.210000000000 0.000000000103
1.215000000000 0.000000000102
1.220000000000 0.000000000101
1.225000000000 0.000000000100
1.230000000000 0.000000000097
1.235000000000 0.000000000095
1.240000000000 0.000000000091
1.245000000000 0.000000000088
1.250000000000 0.000000000084
1.255000000000 0.000000000080
1.260000000000 0.000000000076
1.265000000000 0.000000000071
1.270000000000 0.000000000067
1.275000000000 0.000000000063
1.280000000000 0.000000000059
1.285000000000 0.000000000056
1.290000000000 0.000000000052
1.295000000000 0.000000000049
1.300000000000 0.000000000046
1.305000000000 0.000000000043
1.310000000000 0.000000000040
1.315000000000 0.000000000037
1.320000000000 0.000000000035
1.325000000000 0.000000000033
1.330000000000 0.000000000031
1.335000000000 0.000000000029
1.340000000000 0.000000000027
1.345000000000 0.000000000026
1.350000000000 0.000000000025
1.355000000000 0.000000000023
1.360000000000 0.000000000022
1.365000000000 0.000000000021
1.370000000000 0.000000000020
1.375000000000 0.000000000020
1.380000000000 0.000000000019
1.385000000000 0.000000000019
1.390000000000 0.000000000018
1.395000000000 0.000000000018
1.400000000000 0.000000000018
1.405000000000 0.000000000018
1.410000000000 0.000000000018
1.415000000000 0.000000000018
1.420000000000 0.000000000018
1.425000000000 0.000000000018
1.430000000000 0.000000000019
1.435000000000 0.000000000020
1.440000000000 0.000000000021
1.445000000000 0.000000000022
1.450000000000 0.000000000023
1.455000000000 0.000000000025
1.460000000000 0.000000000027
1.465000000000 0.000000000029
1.470000000000 0.000000000032
1.475000000000 0.000000000035
1.480000000000 0.000000000038
1.485000000000 0.000000000042
1.490000000000 0.000000000046
1.495000000000 0.000000000050
1.500000000000 0.000000000055
1.505000000000 0.000000000060
1.510000000000 0.000000000066
1.515000000000 0.000000000072
1.520000000000 0.000000000078
1.525000000000 0.000000000085
1.530000000000 0.000000000092
1.535000000000 0.000000000099
1.540000000000 0.000000000106
1.545000000000 0.000000000113
1.550000000000 0.000000000120
1.555000000000 0.000000000126
1.560000000000 0.000000000132
1.565000000000 0.000000000136
1.570000000000 0.000000000140
1.575000000000 0.000000000143
1.580000000000 0.000000000145
1.585000000000 0.000000000146
1.590000000000 0.000000000146
1.595000000000 0.000000000144
1.600000000000 0.000000000142
1.605000000000 0.000000000138
1.610000000000 0.000000000134
1.615000000000 0.000000000128
1.620000000000 0.000000000122
1.625000000000 0.000000000115
1.630000000000 0.000000000109
1.635000000000 0.000000000102
1.640000000000 0.000000000095
1.645000000000 0.000000000088
1.650000000000 0.000000000081
1.655000000000 0.000000000075
1.660000000000 0.000000000069
1.665000000000 0.000000000064
1.670000000000 0.000000000058
1.675000000000 0.000000000053
1.680000000000 0.000000000049
1.685000000000 0.000000000045
1.690000000000 0.000000000041
1.695000000000 0.000000000037
1.700000000000 0.000000000034
1.705000000000 0.000000000031
1.710000000000 0.000000000028
1.715000000000 0.000000000026
1.720000000000 0.000000000023
1.725000000000 0.000000000021
1.730000000000 0.000000000020
1.735000000000 0.000000000018
1.740000000000 0.000000000017
1.745000000000 0.000000000016
1.750000000000 0.000000000015
1.755000000000 0.000000000015
1.760000000000 0.000000000015
1.765000000000 0.000000000016
1.770000000000 0.000000000017
1.775000000000 0.000000000018
1.780000000000 0.000000000020
1.785000000000 0.000000000022
1.790000000000 0.000000000024
1.795000000000 0.000000000026
1.800000000000 0.000000000029
1.805000000000 0.000000000032
1.810000000000 0.000000000035
1.815000000000 0.000000000039
1.820000000000 0.000000000043
1.825000000000 0.000000000048
1.830000000000 0.000000000052
1.835000000000 0.000000000057
1.840000000000 0.000000000062
1.845000000000 0.000000000068
1.850000000000 0.000000000073
1.855000000000 0.000000000079
1.860000000000 0.000000000085
1.865000000000 0.000000000091
1.870000000000 0.000000000096
1.875000000000 0.000000000101
1.880000000000 0.000000000106
1.885000000000 0.000000000110
1.890000000000 0.000000000113
1.895000000000 0.000000000115
1.900000000000 0.000000000117
1.905000000000 0.000000000118
1.910000000000 0.000000000118
1.915000000000 0.000000000117
1.920000000000 0.000000000116
1.925000000000 0.000000000113
1.930000000000 0.000000000110
1.935000000000 0.000000000106
1.940000000000 0.000000000102
1.945000000000 0.000000000097
1.950000000000 0.000000000092
1.955000000000 0.000000000086
1.960000000000 0.000000000081
1.965000000000 0.000000000076
1.970000000000 0.000000000071
1.975000000000 0.000000000066
1.980000000000 0.000000000061
1.985000000000 0.000000000057
1.990000000000 0.000000000053
1.995000000000 0.000000000049
2.000000000000 0.000000000045
2.005000000000 0.000000000042
2.010000000000 0.000000000038
2.015000000000 0.000000000035
2.020000000000 0.000000000033
2.025000000000 0.000000000030
2.030000000000 0.000000000028
2.035000000000 0.000000000026
2.040000000000 0.000000000024
2.045000000000 0.000000000022
2.050000000000 0.000000000021
2.055000000000 0.000000000019
2.060000000000 0.000000000018
2.065000000000 0.000000000017
2.070000000000 0.000000000016
2.075000000000 0.000000000015
2.080000000000 0.000000000015
2.085000000000 0.000000000014
2.090000000000 0.000000000014
2.095000000000 0.000000000014
2.100000000000 0.000000000014
2.105000000000 0.000000000014
2.110000000000 0.000000000014
2.115000000000 0.000000000015
2.120000000000 0.000000000016
2.125000000000 0.000000000017
2.130000000000 0.000000000018
2.135000000000 0.000000000020
2.140000000000 0.000000000021
2.145000000000 0.000000000023
2.150000000000 0.000000000025
2.155000000000 0.000000000028
2.160000000000 0.000000000031
2.165000000000 0.000000000034
2.170000000000 0.000000000038
2.175000000000 0.000000000041
2.180000000000 0.000000000046
2.185000000000 0.000000000050
2.190000000000 0.000000000056
2.195000000000 0.000000000061
2.200000000000 0.000000000067
2.205000000000 0.000000000074
2.210000000000 0.000000000081
2.215000000000 0.000000000089
2.220000000000 0.000000000097
2.225000000000 0.000000000105
2.230000000000 0.000000000114
2.235000000000 0.000000000123
2.240000000000 0.000000000132
2.245000000000 0.000000000140
2.250000000000 0.000000000149
2.255000000000 0.000000000156
2.260000000000 0.000000000163
2.265000000000 0.000000000169
2.270000000000 0.000000000174
2.275000000000 0.000000000177
2.280000000000 0.000000000179
2.285000000000 0.000000000180
2.290000000000 0.000000000179
2.295000000000 0.000000000177
2.300000000000 0.000000000173
2.305000000000 0.000000000168
2.310000000000 0.000000000162
2.315000000000 0.000000000155
2.320000000000 0.000000000147
2.325000000000 0.000000000138
2.330000000000 0.000000000129
2.335000000000 0.000000000120
2.340000000000 0.000000000112
2.345000000000 0.000000000103
2.350000000000 0.000000000095
2.355000000000 0.000000000088
2.360000000000 0.000000000080
2.365000000000 0.000000000073
2.370000000000 0.000000000067
2.375000000000 0.000000000061
2.380000000000 0.000000000056
2.385000000000 0.000000000051
2.390000000000 0.000000000046
2.395000000000 0.000000000042
2.400000000000 0.000000000038
2.405000000000 0.000000000034
2.410000000000 0.000000000031
2.415000000000 0.000000000028
2.420000000000 0.000000000025
2.425000000000 0.000000000023
2.430000000000 0.000000000021
2.435000000000 0.000000000019
2.440000000000 0.000000000018
2.445000000000 0.000000000018
2.450000000000 0.000000000018
2.455000000000 0.000000000018
2.460000000000 0.000000000019
2.465000000000 0.000000000020
2.470000000000 0.000000000022
2.475000000000 0.000000000025
2.480000000000 0.000000000027
2.485000000000 0.000000000030
2.490000000000 0.000000000034
2.495000000000 0.000000000038
2.500000000000 0.000000000042
2.505000000000 0.000000000046
2.510000000000 0.000000000051
2.515000000000 0.000000000056
2.520000000000 0.000000000061
2.525000000000 0.000000000066
2.530000000000 0.000000000072
2.535000000000 0.000000000078
2.540000000000 0.000000000084
2.545000000000 0.000000000090
2.550000000000 0.000000000095
2.555000000000 0.000000000101
2.560000000000 0.000000000105
2.565000000000 0.000000000110
2.570000000000 0.000000000113
2.575000000000 0.000000000116
2.580000000000 0.000000000119
2.585000000000 0.000000000120
2.590000000000 0.000000000120
2.595000000000 0.000000000120
2.600000000000 0.000000000119
2.605000000000 0.000000000117
2.610000000000 0.000000000114
2.615000000000 0.000000000111
2.620000000000 0.000000000107
2.625000000000 0.000000000102
2.630000000000 0.000000000097
2.635000000000 0.000000000092
2.640000000000 0.000000000087
2.645000000000 0.000000000082
2.650000000000 0.000000000077
2.655000000000 0.000000000072
2.660000000000 0.000000000067
2.665000000000 0.000000000062
2.670000000000 0.000000000058
2.675000000000 0.000000000054
2.680000000000 0.000000000050
2.685000000000 0.000000000046
2.690000000000 0.000000000043
2.695000000000 0.000000000040
2.700000000000 0.000000000037
2.705000000000 0.000000000034
2.710000000000 0.000000000032
2.715000000000 0.000000000029
2.720000000000 0.000000000027
2.725000000000 0.000000000026
2.730000000000 0.000000000024
2.735000000000 0.000000000022
2.740000000000 0.000000000021
2.745000000000 0.000000000020
2.750000000000 0.000000000019
2.755000000000 0.000000000018
2.760000000000 0.000000000017
2.765000000000 0.000000000016
2.770000000000 0.000000000016
2.775000000000 0.000000000015
2.780000000000 0.000000000015
2.785000000000 0.000000000014
2.790000000000 0.000000000014
2.795000000000 0.000000000014
2.800000000000 0.000000000014
2.805000000000 0.000000000014
2.810000000000 0.000000000015
2.815000000000 0.000000000015
2.820000000000 0.000000000016
2.825000000000 0.000000000016
2.830000000000 0.000000000017
2.835000000000 0.000000000019
2.840000000000 0.000000000020
2.845000000000 0.000000000021
2.850000000000 0.000000000023
2.855000000000 0.000000000025
2.860000000000 0.000000000028
2.865000000000 0.000000000030
2.870000000000 0.000000000034
2.875000000000 0.000000000037
2.880000000000 0.000000000041
2.885000000000 0.000000000045
2.890000000000 0.000000000050
2.895000000000 0.000000000055
2.900000000000 0.000000000061
2.905000000000 0.000000000067
2.910000000000 0.000000000075
2.915000000000 0.000000000083
2.920000000000 0.000000000091
2.925000000000 0.000000000101
2.930000000000 0.000000000112
2.935000000000 0.000000000124
2.940000000000 0.000000000138
2.945000000000 0.000000000152
2.950000000000 0.000000000168
2.955000000000 0.000000000185
2.960000000000 0.000000000204
2.965000000000 0.000000000225
2.970000000000 0.000000000247
2.975000000000 0.000000000270
2.980000000000 0.000000000295
2.985000000000 0.000000000320
2.990000000000 0.000000000347
2.995000000000 0.000000000373
3.000000000000 0.000000000399
3.005000000000 0.000000000424
3.010000000000 0.000000000447
3.015000000000 0.000000000468
3.020000000000 0.000000000486
3.025000000000 0.000000000500
3.030000000000 0.000000000510
3.035000000000 0.000000000516
3.040000000000 0.000000000518
3.045000000000 0.000000000515
3.050000000000 0.000000000507
3.055000000000 0.000000000494
3.060000000000 0.000000000477
3.065000000000 0.000000000456
3.070000000000 0.000000000432
3.075000000000 0.000000000406
3.080000000000 0.000000000379
3.085000000000 0.000000000351
3.090000000000 0.000000000324
3.095000000000 0.000000000297
3.100000000000 0.000000000271
3.105000000000 0.000000000247
3.110000000000 0.000000000224
3.115000000000 0.000000000203
3.120000000000 0.000000000183
3.125000000000 0.000000000164
3.130000000000 0.000000000147
3.135000000000 0.000000000131
3.140000000000 0.000000000116
3.145000000000 0.000000000103
3.150000000000 0.000000000090
3.155000000000 0.000000000079
3.160000000000 0.000000000069
3.165000000000 0.000000000060
3.170000000000 0.000000000053
3.175000000000 0.000000000048
3.180000000000 0.000000000044
3.185000000000 0.000000000043
3.190000000000 0.000000000045
3.195000000000 0.000000000049
3.200000000000 0.000000000054
3.205000000000 0.000000000062
3.210000000000 0.000000000070
3.215000000000 0.000000000079
3.220000000000 0.000000000089
3.225000000000 0.000000000099
3.230000000000 0.000000000111
3.235000000000 0.000000000122
3.240000000000 0.000000000134
3.245000000000 0.000000000147
3.250000000000 0.000000000160
3.255000000000 0.000000000173
3.260000000000 0.000000000185
3.265000000000 0.000000000198
3.270000000000 0.000000000209
3.275000000000 0.000000000220
3.280000000000 0.000000000230
3.285000000000 0.000000000238
3.290000000000 0.000000000245
3.295000000000 0.000000000250
3.300000000000 0.000000000253
3.305000000000 0.000000000255
3.310000000000 0.000000000255
3.315000000000 0.000000000254
3.320000000000 0.000000000251
3.325000000000 0.000000000246
3.330000000000 0.000000000240
3.335000000000 0.000000000232
3.340000000000 0.000000000224
3.345000000000 0.000000000214
3.350000000000 0.000000000204
3.355000000000 0.000000000194
3.360000000000 0.000000000183
3.365000000000 0.000000000173
3.370000000000 0.000000000163
3.375000000000 0.000000000153
3.380000000000 0.000000000143
3.385000000000 0.000000000134
3.390000000000 0.000000000125
3.395000000000 0.000000000117
3.400000000000 0.000000000109
3.405000000000 0.000000000102
3.410000000000 0.000000000095
3.415000000000 0.000000000089
3.420000000000 0.000000000083
3.425000000000 0.000000000078
3.430000000000 0.000000000073
3.435000000000 0.000000000069
3.440000000000 0.000000000065
3.445000000000 0.000000000061
3.450000000000 0.000000000058
3.455000000000 0.000000000055
3.460000000000 0.000000000052
3.465000000000 0.000000000049
3.470000000000 0.000000000047
3.475000000000 0.000000000045
3.480000000000 0.000000000044
3.485000000000 0.000000000042
3.490000000000 0.000000000041
3.495000000000 0.000000000039
3.500000000000 0.000000000038
3.505000000000 0.000000000038
3.510000000000 0.000000000037
3.515000000000 0.000000000036
3.520000000000 0.000000000036
3.525000000000 0.000000000036
3.530000000000 0.000000000036
3.535000000000 0.000000000036
3.540000000000 0.000000000037
3.545000000000 0.000000000038
3.550000000000 0.000000000039
3.555000000000 0.000000000041
3.560000000000 0.000000000043
3.565000000000 0.000000000045
3.570000000000 0.000000000049
3.575000000000 0.000000000052
3.580000000000 0.000000000057
3.585000000000 0.000000000062
3.590000000000 0.000000000067
3.595000000000 0.000000000074
3.600000000000 0.000000000081
3.605000000000 0.000000000088
3.610000000000 0.000000000097
3.615000000000 0.000000000106
3.620000000000 0.000000000116
3.625000000000 0.000000000127
3.630000000000 0.000000000138
3.635000000000 0.000000000149
3.640000000000 0.000000000161
3.645000000000 0.000000000173
3.650000000000 0.000000000185
3.655000000000 0.000000000196
3.660000000000 0.000000000207
3.665000000000 0.000000000216
3.670000000000 0.000000000224
3.675000000000 0.000000000231
3.680000000000 0.000000000235
3.685000000000 0.000000000239
3.690000000000 0.000000000240
3.695000000000 0.000000000239
3.700000000000 0.000000000236
3.705000000000 0.000000000232
3.710000000000 0.000000000226
3.715000000000 0.000000000218
3.720000000000 0.000000000208
3.725000000000 0.000000000198
3.730000000000 0.000000000187
3.735000000000 0.000000000176
3.740000000000 0.000000000164
3.745000000000 0.000000000152
3.750000000000 0.000000000141
3.755000000000 0.000000000130
3.760000000000 0.000000000120
3.765000000000 0.000000000110
3.770000000000 0.000000000101
3.775000000000 0.000000000093
3.780000000000 0.000000000084
3.785000000000 0.000000000077
3.790000000000 0.000000000070
3.795000000000 0.000000000064
3.800000000000 0.000000000058
3.805000000000 0.000000000053
3.810000000000 0.000000000048
3.815000000000 0.000000000044
3.820000000000 0.000000000040
3.825000000000 0.000000000037
3.830000000000 0.000000000035
3.835000000000 0.000000000033
3.840000000000 0.000000000033
3.845000000000 0.000000000033
3.850000000000 0.000000000034
3.855000000000 0.000000000036
3.860000000000 0.000000000039
3.865000000000 0.000000000043
3.870000000000 0.000000000047
3.875000000000 0.000000000052
3.880000000000 0.000000000058
3.885000000000 0.000000000064
3.890000000000 0.000000000071
3.895000000000 0.000000000078
3.900000000000 0.000000000087
3.905000000000 0.000000000096
3.910000000000 0.000000000105
3.915000000000 0.000000000116
3.920000000000 0.000000000127
3.925000000000 0.000000000139
3.930000000000 0.000000000152
3.935000000000 0.000000000165
3.940000000000 0.000000000179
3.945000000000 0.000000000193
3.950000000000 0.000000000207
3.955000000000 0.000000000222
3.960000000000 0.000000000236
3.965000000000 0.000000000249
3.970000000000 0.000000000261
3.975000000000 0.000000000272
3.980000000000 0.000000000282
3.985000000000 0.000000000290
3.990000000000 0.000000000296
3.995000000000 0.000000000299
4.000000000000 0.000000000301
4.005000000000 0.000000000301
4.010000000000 0.000000000298
4.015000000000 0.000000000294
4.020000000000 0.000000000287
4.025000000000 0.000000000279
4.030000000000 0.000000000269
4.035000000000 0.000000000258
4.040000000000 0.000000000246
4.045000000000 0.000000000233
4.050000000000 0.000000000219
4.055000000000 0.000000000206
4.060000000000 0.000000000193
4.065000000000 0.000000000180
4.070000000000 0.000000000168
4.075000000000 0.000000000156
4.080000000000 0.000000000145
4.085000000000 0.000000000135
4.090000000000 0.000000000125
4.095000000000 0.000000000116
4.100000000000 0.000000000107
4.105000000000 0.000000000099
4.110000000000 0.000000000092
4.115000000000 0.000000000085
4.120000000000 0.000000000079
4.125000000000 0.000000000074
4.130000000000 0.000000000068
4.135000000000 0.000000000064
4.140000000000 0.000000000060
4.145000000000 0.000000000056
4.150000000000 0.000000000052
4.155000000000 0.000000000049
4.160000000000 0.000000000047
4.165000000000 0.000000000044
4.170000000000 0.000000000042
4.175000000000 0.000000000040
4.180000000000 0.000000000038
4.185000000000 0.000000000037
4.190000000000 0.000000000035
4.195000000000 0.000000000034
4.200000000000 0.000000000033
4.205000000000 0.000000000032
4.210000000000 0.000000000031
4.215000000000 0.000000000030
4.220000000000 0.000000000030
4.225000000000 0.000000000029
4.230000000000 0.000000000029
4.235000000000 0.000000000028
4.240000000000 0.000000000028
4.245000000000 0.000000000028
4.250000000000 0.000000000028
4.255000000000 0.000000000028
4.260000000000 0.000000000028
4.265000000000 0.000000000028
4.270000000000 0.000000000029
4.275000000000 0.000000000029
4.280000000000 0.000000000030
4.285000000000 0.000000000031
4.290000000000 0.000000000032
4.295000000000 0.000000000034
4.300000000000 0.000000000035
4.305000000000 0.000000000037
4.310000000000 0.000000000039
4.315000000000 0.000000000041
4.320000000000 0.000000000044
4.325000000000 0.000000000046
4.330000000000 0.000000000049
4.335000000000 0.000000000052
4.340000000000 0.000000000056
4.345000000000 0.000000000059
4.350000000000 0.000000000062
4.355000000000 0.000000000066
4.360000000000 0.000000000069
4.365000000000 0.000000000072
4.370000000000 0.000000000075
4.375000000000 0.000000000077
4.380000000000 0.000000000079
4.385000000000 0.000000000080
4.390000000000 0.000000000081
4.395000000000 0.000000000081
4.400000000000 0.000000000081
4.405000000000 0.000000000080
4.410000000000 0.000000000079
4.415000000000 0.000000000077
4.420000000000 0.000000000074
4.425000000000 0.000000000071
4.430000000000 0.000000000067
4.435000000000 0.000000000063
4.440000000000 0.000000000059
4.445000000000 0.000000000056
4.450000000000 0.000000000052
4.455000000000 0.000000000048
4.460000000000 0.000000000044
4.465000000000 0.000000000041
4.470000000000 0.000000000038
4.475000000000 0.000000000036
4.480000000000 0.000000000033
4.485000000000 0.000000000031
4.490000000000 0.000000000030
4.495000000000 0.000000000028
4.500000000000 0.000000000027
4.505000000000 0.000000000026
4.510000000000 0.000000000025
4.515000000000 0.000000000025
4.520000000000 0.000000000024
4.525000000000 0.000000000024
4.530000000000 0.000000000025
4.535000000000 0.000000000025
4.540000000000 0.000000000026
4.545000000000 0.000000000027
4.550000000000 0.000000000028
4.555000000000 0.000000000029
4.560000000000 0.000000000031
4.565000000000 0.000000000033
4.570000000000 0.000000000035
4.575000000000 0.000000000037
4.580000000000 0.000000000040
4.585000000000 0.000000000043
4.590000000000 0.000000000047
4.595000000000 0.000000000050
4.600000000000 0.000000000054
4.605000000000 0.000000000059
4.610000000000 0.000000000063
4.615000000000 0.000000000068
4.620000000000 0.000000000074
4.625000000000 0.000000000079
4.630000000000 0.000000000085
4.635000000000 0.000000000091
4.640000000000 0.000000000097
4.645000000000 0.000000000103
4.650000000000 0.000000000108
4.655000000000 0.000000000114
4.660000000000 0.000000000118
4.665000000000 0.000000000123
4.670000000000 0.000000000126
4.675000000000 0.000000000129
4.680000000000 0.000000000132
4.685000000000 0.000000000133
4.690000000000 0.000000000133
4.695000000000 0.000000000133
4.700000000000 0.000000000131
4.705000000000 0.000000000129
4.710000000000 0.000000000126
4.715000000000 0.000000000123
4.720000000000 0.000000000118
4.725000000000 0.000000000114
4.730000000000 0.000000000108
4.735000000000 0.000000000103
4.740000000000 0.000000000097
4.745000000000 0.000000000092
4.750000000000 0.000000000086
4.755000000000 0.000000000081
4.760000000000 0.000000000076
4.765000000000 0.000000000071
4.770000000000 0.000000000066
4.775000000000 0.000000000061
4.780000000000 0.000000000057
4.785000000000 0.000000000054
4.790000000000 0.000000000050
4.795000000000 0.000000000047
4.800000000000 0.000000000044
4.805000000000 0.000000000041
4.810000000000 0.000000000039
4.815000000000 0.000000000037
4.820000000000 0.000000000035
4.825000000000 0.000000000033
4.830000000000 0.000000000032
4.835000000000 0.000000000031
4.840000000000 0.000000000030
4.845000000000 0.000000000030
4.850000000000 0.000000000029
4.855000000000 0.000000000029
4.860000000000 0.000000000029
4.865000000000 0.000000000030
4.870000000000 0.000000000030
4.875000000000 0.000000000031
4.880000000000 0.000000000033
4.885000000000 0.000000000034
4.890000000000 0.000000000036
4.895000000000 0.000000000038
4.900000000000 0.000000000041
4.905000000000 0.000000000044
4.910000000000 0.000000000048
4.915000000000 0.000000000051
4.920000000000 0.000000000056
4.925000000000 0.000000000061
4.930000000000 0.000000000066
4.935000000000 0.000000000072
4.940000000000 0.000000000079
4.945000000000 0.000000000087
4.950000000000 0.000000000095
4.955000000000 0.000000000105
4.960000000000 0.000000000115
4.965000000000 0.000000000127
4.970000000000 0.000000000140
4.975000000000 0.000000000154
4.980000000000 0.000000000170
4.985000000000 0.000000000187
4.990000000000 0.000000000207
4.995000000000 0.000000000228
5.000000000000 0.000000000252
5.005000000000 0.000000000278
5.010000000000 0.000000000307
5.015000000000 0.000000000338
5.020000000000 0.000000000373
5.025000000000 0.000000000411
5.030000000000 0.000000000452
5.035000000000 0.000000000497
5.040000000000 0.000000000545
5.045000000000 0.000000000596
5.050000000000 0.000000000651
5.055000000000 0.000000000709
5.060000000000 0.000000000770
5.065000000000 0.000000000831
5.070000000000 0.000000000894
5.075000000000 0.000000000956
5.080000000000 0.000000001016
5.085000000000 0.000000001072
5.090000000000 0.000000001123
5.095000000000 0.000000001168
5.100000000000 0.000000001204
5.105000000000 0.000000001232
5.110000000000 0.000000001250
5.115000000000 0.000000001257
5.120000000000 0.000000001254
5.125000000000 0.000000001240
5.130000000000 0.000000001215
5.135000000000 0.000000001179
5.140000000000 0.000000001135
5.145000000000 0.000000001082
5.150000000000 0.000000001023
5.155000000000 0.000000000961
5.160000000000 0.000000000896
5.165000000000 0.000000000831
5.170000000000 0.000000000767
5.175000000000 0.000000000705
5.180000000000 0.000000000646
5.185000000000 0.000000000590
5.190000000000 0.000000000538
5.195000000000 0.000000000489
5.200000000000 0.000000000443
5.205000000000 0.000000000401
5.210000000000 0.000000000362
5.215000000000 0.000000000326
5.220000000000 0.000000000293
5.225000000000 0.000000000262
5.230000000000 0.000000000234
5.235000000000 0.000000000208
5.240000000000 0.000000000185
5.245000000000 0.000000000163
5.250000000000 0.000000000144
5.255000000000 0.000000000127
5.260000000000 0.000000000113
5.265000000000 0.000000000101
5.270000000000 0.000000000093
5.275000000000 0.000000000088
5.280000000000 0.000000000088
5.285000000000 0.000000000092
5.290000000000 0.000000000099
5.295000000000 0.000000000110
5.300000000000 0.000000000124
5.305000000000 0.000000000139
5.310000000000 0.000000000156
5.315000000000 0.000000000175
5.320000000000 0.000000000196
5.325000000000 0.000000000217
5.330000000000 0.000000000240
5.335000000000 0.000000000263
5.340000000000 0.000000000287
5.345000000000 0.000000000311
5.350000000000 0.000000000336
5.355000000000 0.000000000360
5.360000000000 0.000000000382
5.365000000000 0.000000000404
5.370000000000 0.000000000423
5.375000000000 0.000000000440
5.380000000000 0.000000000454
5.385000000000 0.000000000466
5.390000000000 0.000000000474
5.395000000000 0.000000000479
5.400000000000 0.000000000480
5.405000000000 0.000000000479
5.410000000000 0.000000000474
5.415000000000 0.000000000466
5.420000000000 0.000000000455
5.425000000000 0.000000000441
5.430000000000 0.000000000426
5.435000000000 0.000000000408
5.440000000000 0.000000000389
5.445000000000 0.000000000370
5.450000000000 0.000000000350
5.455000000000 0.000000000330
5.460000000000 0.000000000310
5.465000000000 0.000000000291
5.470000000000 0.000000000273
5.475000000000 0.000000000255
5.480000000000 0.000000000238
5.485000000000 0.000000000222
5.490000000000 0.000000000207
5.495000000000 0.000000000193
5.500000000000 0.000000000180
5.505000000000 0.000000000168
5.510000000000 0.000000000156
5.515000000000 0.000000000146
5.520000000000 0.000000000136
5.525000000000 0.000000000128
5.530000000000 0.000000000120
5.535000000000 0.000000000112
5.540000000000 0.000000000106
5.545000000000 0.000000000100
5.550000000000 0.000000000094
5.555000000000 0.000000000090
5.560000000000 0.000000000086
5.565000000000 0.000000000082
5.570000000000 0.000000000079
5.575000000000 0.000000000076
5.580000000000 0.000000000073
5.585000000000 0.000000000072
5.590000000000 0.000000000070
5.595000000000 0.000000000069
5.600000000000 0.000000000068
5.605000000000 0.000000000068
5.610000000000 0.000000000068
5.615000000000 0.000000000068
5.620000000000 0.000000000069
5.625000000000 0.000000000071
5.630000000000 0.000000000073
5.635000000000 0.000000000076
5.640000000000 0.000000000079
5.645000000000 0.000000000083
5.650000000000 0.000000000087
5.655000000000 0.000000000093
5.660000000000 0.000000000099
5.665000000000 0.000000000106
5.670000000000 0.000000000113
5.675000000000 0.000000000122
5.680000000000 0.000000000132
5.685000000000 0.000000000143
5.690000000000 0.000000000154
5.695000000000 0.000000000167
5.700000000000 0.000000000182
5.705000000000 0.000000000197
5.710000000000 0.000000000214
5.715000000000 0.000000000232
5.720000000000 0.000000000252
5.725000000000 0.000000000273
5.730000000000 0.000000000295
5.735000000000 0.000000000317
5.740000000000 0.000000000341
5.745000000000 0.000000000365
5.750000000000 0.000000000389
5.755000000000 0.000000000413
5.760000000000 0.000000000435
5.765000000000 0.000000000456
5.770000000000 0.000000000475
5.775000000000 0.000000000491
5.780000000000 0.000000000504
5.785000000000 0.000000000513
5.790000000000 0.000000000518
5.795000000000 0.000000000520
5.800000000000 0.000000000517
5.805000000000 0.000000000510
5.810000000000 0.000000000499
5.815000000000 0.000000000484
5.820000000000 0.000000000466
5.825000000000 0.000000000444
5.830000000000 0.000000000421
5.835000000000 0.000000000396
5.840000000000 0.000000000370
5.845000000000 0.000000000344
5.850000000000 0.000000000319
5.855000000000 0.000000000295
5.860000000000 0.000000000272
5.865000000000 0.000000000251
5.870000000000 0.000000000231
5.875000000000 0.000000000212
5.880000000000 0.000000000195
5.885000000000 0.000000000180
5.890000000000 0.000000000166
5.895000000000 0.000000000153
5.900000000000 0.000000000142
5.905000000000 0.000000000132
5.910000000000 0.000000000123
5.915000000000 0.000000000116
5.920000000000 0.000000000109
5.925000000000 0.000000000104
5.930000000000 0.000000000100
5.935000000000 0.000000000097
5.940000000000 0.000000000094
5.945000000000 0.000000000093
5.950000000000 0.000000000093
5.955000000000 0.000000000093
5.960000000000 0.000000000095
5.965000000000 0.000000000097
5.970000000000 0.000000000100
5.975000000000 0.000000000104
5.980000000000 0.000000000109
5.985000000000 0.000000000114
5.990000000000 0.000000000121
5.995000000000 0.000000000128
6.000000000000 0.000000000136
6.005000000000 0.000000000145
6.010000000000 0.000000000155
6.015000000000 0.000000000165
6.020000000000 0.000000000176
6.025000000000 0.000000000188
6.030000000000 0.000000000200
6.035000000000 0.000000000212
6.040000000000 0.000000000225
6.045000000000 0.000000000237
6.050000000000 0.000000000248
6.055000000000 0.000000000259
6.060000000000 0.000000000269
6.065000000000 0.000000000278
6.070000000000 0.000000000285
6.075000000000 0.000000000291
6.080000000000 0.000000000294
6.085000000000 0.000000000296
6.090000000000 0.000000000296
6.095000000000 0.000000000294
6.100000000000 0.000000000291
6.105000000000 0.000000000285
6.110000000000 0.000000000278
6.115000000000 0.000000000269
6.120000000000 0.000000000259
6.125000000000 0.000000000248
6.130000000000 0.000000000236
6.135000000000 0.000000000224
6.140000000000 0.000000000211
6.145000000000 0.000000000199
6.150000000000 0.000000000186
6.155000000000 0.000000000175
6.160000000000 0.000000000163
6.165000000000 0.000000000153
6.170000000000 0.000000000143
6.175000000000 0.000000000134
6.180000000000 0.000000000125
6.185000000000 0.000000000117
6.190000000000 0.000000000110
6.195000000000 0.000000000104
6.200000000000 0.000000000098
6.205000000000 0.000000000093
6.210000000000 0.000000000089
6.215000000000 0.000000000085
6.220000000000 0.000000000083
6.225000000000 0.000000000080
6.230000000000 0.000000000079
6.235000000000 0.000000000078
6.240000000000 0.000000000078
6.245000000000 0.000000000079
6.250000000000 0.000000000081
6.255000000000 0.000000000083
6.260000000000 0.000000000086
6.265000000000 0.000000000090
6.270000000000 0.000000000094
6.275000000000 0.000000000099
6.280000000000 0.000000000106
6.285000000000 0.000000000113
6.290000000000 0.000000000121
6.295000000000 0.000000000131
6.300000000000 0.000000000141
6.305000000000 0.000000000153
6.310000000000 0.000000000167
6.315000000000 0.000000000182
6.320000000000 0.000000000198
6.325000000000 0.000000000217
6.330000000000 0.000000000237
6.335000000000 0.000000000260
6.340000000000 0.000000000285
6.345000000000 0.000000000313
6.350000000000 0.000000000345
6.355000000000 0.000000000379
6.360000000000 0.000000000418
6.365000000000 0.000000000460
6.370000000000 0.000000000508
6.375000000000 0.000000000560
6.380000000000 0.000000000618
6.385000000000 0.000000000683
6.390000000000 0.000000000754
6.395000000000 0.000000000834
6.400000000000 0.000000000922
6.405000000000 0.000000001020
6.410000000000 0.000000001129
6.415000000000 0.000000001250
6.420000000000 0.000000001384
6.425000000000 0.000000001533
6.430000000000 0.000000001698
6.435000000000 0.000000001881
6.440000000000 0.000000002083
6.445000000000 0.000000002308
6.450000000000 0.000000002556
6.455000000000 0.000000002830
6.460000000000 0.000000003132
6.465000000000 0.000000003464
6.470000000000 0.000000003829
6.475000000000 0.000000004228
6.480000000000 0.000000004663
6.485000000000 0.000000005134
6.490000000000 0.000000005642
6.495000000000 0.000000006186
6.500000000000 0.000000006762
6.505000000000 0.000000007365
6.510000000000 0.000000007990
6.515000000000 0.000000008625
6.520000000000 0.000000009260
6.525000000000 0.000000009878
6.530000000000 0.000000010464
6.535000000000 0.000000011001
6.540000000000 0.000000011473
6.545000000000 0.000000011864
6.550000000000 0.000000012164
6.555000000000 0.000000012363
6.560000000000 0.000000012453
6.565000000000 0.000000012431
6.570000000000 0.000000012293
6.575000000000 0.000000012038
6.580000000000 0.000000011671
6.585000000000 0.000000011204
6.590000000000 0.000000010653
6.595000000000 0.000000010039
6.600000000000 0.000000009383
6.605000000000 0.000000008709
6.610000000000 0.000000008033
6.615000000000 0.000000007371
6.620000000000 0.000000006733
6.625000000000 0.000000006126
6.630000000000 0.000000005554
6.635000000000 0.000000005018
6.640000000000 0.000000004519
6.645000000000 0.000000004056
6.650000000000 0.000000003626
6.655000000000 0.000000003230
6.660000000000 0.000000002864
6.665000000000 0.000000002527
6.670000000000 0.000000002219
6.675000000000 0.000000001937
6.680000000000 0.000000001682
6.685000000000 0.000000001456
6.690000000000 0.000000001262
6.695000000000 0.000000001107
6.700000000000 0.000000000999
6.705000000000 0.000000000949
6.710000000000 0.000000000962
6.715000000000 0.000000001033
6.720000000000 0.000000001152
6.725000000000 0.000000001308
6.730000000000 0.000000001491
6.735000000000 0.000000001695
6.740000000000 0.000000001916
6.745000000000 0.000000002151
6.750000000000 0.000000002399
6.755000000000 0.000000002657
6.760000000000 0.000000002924
6.765000000000 0.000000003195
6.770000000000 0.000000003469
6.775000000000 0.000000003742
6.780000000000 0.000000004008
6.785000000000 0.000000004262
6.790000000000 0.000000004500
6.795000000000 0.000000004717
6.800000000000 0.000000004907
6.805000000000 0.000000005067
6.810000000000 0.000000005194
6.815000000000 0.000000005286
6.820000000000 0.000000005343
6.825000000000 0.000000005364
6.830000000000 0.000000005349
6.835000000000 0.000000005300
6.840000000000 0.000000005217
6.845000000000 0.000000005102
6.850000000000 0.000000004959
6.855000000000 0.000000004790
6.860000000000 0.000000004602
6.865000000000 0.000000004399
6.870000000000 0.000000004185
6.875000000000 0.000000003967
6.880000000000 0.000000003748
6.885000000000 0.000000003531
6.890000000000 0.000000003320
6.895000000000 0.000000003115
6.900000000000 0.000000002919
6.905000000000 0.000000002732
6.910000000000 0.000000002555
6.915000000000 0.000000002389
6.920000000000 0.000000002232
6.925000000000 0.000000002086
6.930000000000 0.000000001950
6.935000000000 0.000000001825
6.940000000000 0.000000001709
6.945000000000 0.000000001602
6.950000000000 0.000000001504
6.955000000000 0.000000001415
6.960000000000 0.000000001335
6.965000000000 0.000000001261
6.970000000000 0.000000001195
6.975000000000 0.000000001136
6.980000000000 0.000000001083
6.985000000000 0.000000001035
6.990000000000 0.000000000992
6.995000000000 0.000000000954
7.000000000000 0.000000000921
7.005000000000 0.000000000891
7.010000000000 0.000000000866
7.015000000000 0.000000000844
7.020000000000 0.000000000825
7.025000000000 0.000000000811
7.030000000000 0.000000000801
7.035000000000 0.000000000794
7.040000000000 0.000000000793
7.045000000000 0.000000000797
7.050000000000 0.000000000806
7.055000000000 0.000000000822
7.060000000000 0.000000000846
7.065000000000 0.000000000878
7.070000000000 0.000000000920
7.075000000000 0.000000000971
7.080000000000 0.000000001033
7.085000000000 0.000000001108
7.090000000000 0.000000001195
7.095000000000 0.000000001295
7.100000000000 0.000000001409
7.105000000000 0.000000001539
7.110000000000 0.000000001683
7.115000000000 0.000000001844
7.120000000000 0.000000002021
7.125000000000 0.000000002214
7.130000000000 0.000000002423
7.135000000000 0.000000002647
7.140000000000 0.000000002884
7.145000000000 0.000000003133
7.150000000000 0.000000003390
7.155000000000 0.000000003652
7.160000000000 0.000000003912
7.165000000000 0.000000004166
7.170000000000 0.000000004407
7.175000000000 0.000000004629
7.180000000000 0.000000004826
7.185000000000 0.000000004993
7.190000000000 0.000000005125
7.195000000000 0.000000005219
7.200000000000 0.000000005274
7.205000000000 0.000000005288
7.210000000000 0.000000005260
7.215000000000 0.000000005190
7.220000000000 0.000000005080
7.225000000000 0.000000004931
7.230000000000 0.000000004749
7.235000000000 0.000000004538
7.240000000000 0.000000004306
7.245000000000 0.000000004061
7.250000000000 0.000000003809
7.255000000000 0.000000003555
7.260000000000 0.000000003305
7.265000000000 0.000000003062
7.270000000000 0.000000002828
7.275000000000 0.000000002605
7.280000000000 0.000000002395
7.285000000000 0.000000002197
7.290000000000 0.000000002011
7.295000000000 0.000000001838
7.300000000000 0.000000001677
7.305000000000 0.000000001528
7.310000000000 0.000000001390
7.315000000000 0.000000001264
7.320000000000 0.000000001150
7.325000000000 0.000000001047
7.330000000000 0.000000000956
7.335000000000 0.000000000877
7.340000000000 0.000000000812
7.345000000000 0.000000000761
7.350000000000 0.000000000727
7.355000000000 0.000000000711
7.360000000000 0.000000000712
7.365000000000 0.000000000733
7.370000000000 0.000000000771
7.375000000000 0.000000000827
7.380000000000 0.000000000898
7.385000000000 0.000000000984
7.390000000000 0.000000001084
7.395000000000 0.000000001198
7.400000000000 0.000000001325
7.405000000000 0.000000001467
7.410000000000 0.000000001623
7.415000000000 0.000000001794
7.420000000000 0.000000001981
7.425000000000 0.000000002183
7.430000000000 0.000000002403
7.435000000000 0.000000002640
7.440000000000 0.000000002893
7.445000000000 0.000000003163
7.450000000000 0.000000003448
7.455000000000 0.000000003747
7.460000000000 0.000000004056
7.465000000000 0.000000004373
7.470000000000 0.000000004693
7.475000000000 0.000000005010
7.480000000000 0.000000005317
7.485000000000 0.000000005608
7.490000000000 0.000000005875
7.495000000000 0.000000006112
7.500000000000 0.000000006313
7.505000000000 0.000000006474
7.510000000000 0.000000006590
7.515000000000 0.000000006661
7.520000000000 0.000000006685
7.525000000000 0.000000006663
7.530000000000 0.000000006593
7.535000000000 0.000000006477
7.540000000000 0.000000006317
7.545000000000 0.000000006118
7.550000000000 0.000000005885
7.555000000000 0.000000005624
7.560000000000 0.000000005343
7.565000000000 0.000000005051
7.570000000000 0.000000004753
7.575000000000 0.000000004457
7.580000000000 0.000000004166
7.585000000000 0.000000003885
7.590000000000 0.000000003614
7.595000000000 0.000000003358
7.600000000000 0.000000003115
7.605000000000 0.000000002886
7.610000000000 0.000000002673
7.615000000000 0.000000002473
7.620000000000 0.000000002288
7.625000000000 0.000000002117
7.630000000000 0.000000001959
7.635000000000 0.000000001814
7.640000000000 0.000000001681
7.645000000000 0.000000001560
7.650000000000 0.000000001449
7.655000000000 0.000000001349
7.660000000000 0.000000001259
7.665000000000 0.000000001177
7.670000000000 0.000000001103
7.675000000000 0.000000001037
7.680000000000 0.000000000978
7.685000000000 0.000000000924
7.690000000000 0.000000000876
7.695000000000 0.000000000833
7.700000000000 0.000000000794
7.705000000000 0.000000000759
7.710000000000 0.000000000727
7.715000000000 0.000000000698
7.720000000000 0.000000000671
7.725000000000 0.000000000647
7.730000000000 0.000000000624
7.735000000000 0.000000000603
7.740000000000 0.000000000583
7.745000000000 0.000000000565
7.750000000000 0.000000000548
7.755000000000 0.000000000531
7.760000000000 0.000000000515
7.765000000000 0.000000000500
7.770000000000 0.000000000486
7.775000000000 0.000000000472
7.780000000000 0.000000000459
7.785000000000 0.000000000447
7.790000000000 0.000000000435
7.795000000000 0.000000000424
7.800000000000 0.000000000414
7.805000000000 0.000000000406
7.810000000000 0.000000000400
7.815000000000 0.000000000395
7.820000000000 0.000000000394
7.825000000000 0.000000000397
7.830000000000 0.000000000404
7.835000000000 0.000000000417
7.840000000000 0.000000000436
7.845000000000 0.000000000461
7.850000000000 0.000000000493
7.855000000000 0.000000000531
7.860000000000 0.000000000575
7.865000000000 0.000000000623
7.870000000000 0.000000000674
7.875000000000 0.000000000726
7.880000000000 0.000000000779
7.885000000000 0.000000000830
7.890000000000 0.000000000877
7.895000000000 0.000000000919
7.900000000000 0.000000000955
7.905000000000 0.000000000984
7.910000000000 0.000000001006
7.915000000000 0.000000001019
7.920000000000 0.000000001023
7.925000000000 0.000000001019
7.930000000000 0.000000001005
7.935000000000 0.000000000984
7.940000000000 0.000000000955
7.945000000000 0.000000000920
7.950000000000 0.000000000880
7.955000000000 0.000000000836
7.960000000000 0.000000000791
7.965000000000 0.000000000745
7.970000000000 0.000000000699
7.975000000000 0.000000000655
7.980000000000 0.000000000612
7.985000000000 0.000000000572
7.990000000000 0.000000000535
7.995000000000 0.000000000501
8.000000000000 0.000000000472
8.005000000000 0.000000000448
8.010000000000 0.000000000429
8.015000000000 0.000000000416
8.020000000000 0.000000000410
8.025000000000 0.000000000412
8.030000000000 0.000000000421
8.035000000000 0.000000000438
8.040000000000 0.000000000463
8.045000000000 0.000000000495
8.050000000000 0.000000000534
8.055000000000 0.000000000580
8.060000000000 0.000000000633
8.065000000000 0.000000000693
8.070000000000 0.000000000760
8.075000000000 0.000000000835
8.080000000000 0.000000000917
8.085000000000 0.000000001008
8.090000000000 0.000000001107
8.095000000000 0.000000001216
8.100000000000 0.000000001334
8.105000000000 0.000000001462
8.110000000000 0.000000001601
8.115000000000 0.000000001750
8.120000000000 0.000000001910
8.125000000000 0.000000002081
8.130000000000 0.000000002262
8.135000000000 0.000000002452
8.140000000000 0.000000002650
8.145000000000 0.000000002854
8.150000000000 0.000000003061
8.155000000000 0.000000003269
8.160000000000 0.000000003473
8.165000000000 0.000000003670
8.170000000000 0.000000003854
8.175000000000 0.000000004022
8.180000000000 0.000000004169
8.185000000000 0.000000004292
8.190000000000 0.000000004387
8.195000000000 0.000000004454
8.200000000000 0.000000004491
8.205000000000 0.000000004499
8.210000000000 0.000000004476
8.215000000000 0.000000004424
8.220000000000 0.000000004343
8.225000000000 0.000000004235
8.230000000000 0.000000004102
8.235000000000 0.000000003948
8.240000000000 0.000000003777
8.245000000000 0.000000003593
8.250000000000 0.000000003403
8.255000000000 0.000000003209
8.260000000000 0.000000003017
8.265000000000 0.000000002828
8.270000000000 0.000000002645
8.275000000000 0.000000002470
8.280000000000 0.000000002303
8.285000000000 0.000000002145
8.290000000000 0.000000001997
8.295000000000 0.000000001859
8.300000000000 0.000000001730
8.305000000000 0.000000001611
8.310000000000 0.000000001502
8.315000000000 0.000000001401
8.320000000000 0.000000001310
8.325000000000 0.000000001227
8.330000000000 0.000000001153
8.335000000000 0.000000001086
8.340000000000 0.000000001028
8.345000000000 0.000000000977
8.350000000000 0.000000000933
8.355000000000 0.000000000895
8.360000000000 0.000000000865
8.365000000000 0.000000000841
8.370000000000 0.000000000823
8.375000000000 0.000000000811
8.380000000000 0.000000000806
8.385000000000 0.000000000807
8.390000000000 0.000000000815
8.395000000000 0.000000000830
8.400000000000 0.000000000851
8.405000000000 0.000000000881
8.410000000000 0.000000000918
8.415000000000 0.000000000964
8.420000000000 0.000000001020
8.425000000000 0.000000001085
8.430000000000 0.000000001160
8.435000000000 0.000000001247
8.440000000000 0.000000001347
8.445000000000 0.000000001459
8.450000000000 0.000000001587
8.455000000000 0.000000001730
8.460000000000 0.000000001890
8.465000000000 0.000000002070
8.470000000000 0.000000002270
8.475000000000 0.000000002494
8.480000000000 0.000000002743
8.485000000000 0.000000003021
8.490000000000 0.000000003330
8.495000000000 0.000000003674
8.500000000000 0.000000004057
8.505000000000 0.000000004482
8.510000000000 0.000000004955
8.515000000000 0.000000005481
8.520000000000 0.000000006067
8.525000000000 0.000000006717
8.530000000000 0.000000007442
8.535000000000 0.000000008247
8.540000000000 0.000000009143
8.545000000000 0.000000010141
8.550000000000 0.000000011251
8.555000000000 0.000000012486
8.560000000000 0.000000013862
8.565000000000 0.000000015393
8.570000000000 0.000000017097
8.575000000000 0.000000018995
8.580000000000 0.000000021108
8.585000000000 0.000000023460
8.590000000000 0.000000026077
8.595000000000 0.000000028990
8.600000000000 0.000000032229
8.605000000000 0.000000035831
8.610000000000 0.000000039832
8.615000000000 0.000000044274
8.620000000000 0.000000049200
8.625000000000 0.000000054654
8.630000000000 0.000000060684
8.635000000000 0.000000067335
8.640000000000 0.000000074651
8.645000000000 0.000000082671
8.650000000000 0.000000091427
8.655000000000 0.000000100934
8.660000000000 0.000000111193
8.665000000000 0.000000122173
8.670000000000 0.000000133813
8.675000000000 0.000000146005
8.680000000000 0.000000158594
8.685000000000 0.000000171365
8.690000000000 0.000000184051
8.695000000000 0.000000196336
8.700000000000 0.000000207872
8.705000000000 0.000000218306
8.710000000000 0.000000227304
8.715000000000 0.000000234577
8.720000000000 0.000000239891
8.725000000000 0.000000243060
8.730000000000 0.000000243939
8.735000000000 0.000000242422
8.740000000000 0.000000238459
8.745000000000 0.000000232092
8.750000000000 0.000000223489
8.755000000000 0.000000212956
8.760000000000 0.000000200906
8.765000000000 0.000000187813
8.770000000000 0.000000174149
8.775000000000 0.000000160334
8.780000000000 0.000000146707
8.785000000000 0.000000133519
8.790000000000 0.000000120936
8.795000000000 0.000000109055
8.800000000000 0.000000097923
8.805000000000 0.000000087549
8.810000000000 0.000000077919
8.815000000000 0.000000069007
8.820000000000 0.000000060780
8.825000000000 0.000000053207
8.830000000000 0.000000046266
8.835000000000 0.000000039949
8.840000000000 0.000000034276
8.845000000000 0.000000029314
8.850000000000 0.000000025198
8.855000000000 0.000000022147
8.860000000000 0.000000020443
8.865000000000 0.000000020288
8.870000000000 0.000000021639
8.875000000000 0.000000024219
8.880000000000 0.000000027696
8.885000000000 0.000000031808
8.890000000000 0.000000036382
8.895000000000 0.000000041310
8.900000000000 0.000000046522
8.905000000000 0.000000051965
8.910000000000 0.000000057590
8.915000000000 0.000000063345
8.920000000000 0.000000069168
8.925000000000 0.000000074987
8.930000000000 0.000000080714
8.935000000000 0.000000086252
8.940000000000 0.000000091495
8.945000000000 0.000000096336
8.950000000000 0.000000100672
8.955000000000 0.000000104414
8.960000000000 0.000000107491
8.965000000000 0.000000109855
8.970000000000 0.000000111479
8.975000000000 0.000000112354
8.980000000000 0.000000112482
8.985000000000 0.000000111875
8.990000000000 0.000000110552
8.995000000000 0.000000108546
9.000000000000 0.000000105903
9.005000000000 0.000000102693
9.010000000000 0.000000099005
9.015000000000 0.000000094939
9.020000000000 0.000000090604
9.025000000000 0.000000086105
9.030000000000 0.000000081537
9.035000000000 0.000000076979
9.040000000000 0.000000072497
9.045000000000 0.000000068138
9.050000000000 0.000000063937
9.055000000000 0.000000059920
9.060000000000 0.000000056102
9.065000000000 0.000000052493
9.070000000000 0.000000049099
9.075000000000 0.000000045921
9.080000000000 0.000000042960
9.085000000000 0.000000040212
9.090000000000 0.000000037673
9.095000000000 0.000000035338
9.100000000000 0.000000033200
9.105000000000 0.000000031250
9.110000000000 0.000000029480
9.115000000000 0.000000027881
9.120000000000 0.000000026442
9.125000000000 0.000000025155
9.130000000000 0.000000024009
9.135000000000 0.000000022996
9.140000000000 0.000000022108
9.145000000000 0.000000021338
9.150000000000 0.000000020680
9.155000000000 0.000000020132
9.160000000000 0.000000019692
9.165000000000 0.000000019361
9.170000000000 0.000000019143
9.175000000000 0.000000019043
9.180000000000 0.000000019071
9.185000000000 0.000000019239
9.190000000000 0.000000019559
9.195000000000 0.000000020046
9.200000000000 0.000000020719
9.205000000000 0.000000021594
9.210000000000 0.000000022691
9.215000000000 0.000000024028
9.220000000000 0.000000025624
9.225000000000 0.000000027498
9.230000000000 0.000000029671
9.235000000000 0.000000032162
9.240000000000 0.000000034993
9.245000000000 0.000000038183
9.250000000000 0.000000041754
9.255000000000 0.000000045726
9.260000000000 0.000000050117
9.265000000000 0.000000054941
9.270000000000 0.000000060209
9.275000000000 0.000000065924
9.280000000000 0.000000072076
9.285000000000 0.000000078644
9.290000000000 0.000000085587
9.295000000000 0.000000092844
9.300000000000 0.000000100330
9.305000000000 0.000000107931
9.310000000000 0.000000115508
9.315000000000 0.000000122899
9.320000000000 0.000000129926
9.325000000000 0.000000136406
9.330000000000 0.000000142165
9.335000000000 0.000000147049
9.340000000000 0.000000150935
9.345000000000 0.000000153736
9.350000000000 0.000000155391
9.355000000000 0.000000155860
9.360000000000 0.000000155122
9.365000000000 0.000000153171
9.370000000000 0.000000150032
9.375000000000 0.000000145773
9.380000000000 0.000000140510
9.385000000000 0.000000134410
9.390000000000 0.000000127671
9.395000000000 0.000000120503
9.400000000000 0.000000113109
9.405000000000 0.000000105665
9.410000000000 0.000000098315
9.415000000000 0.000000091168
9.420000000000 0.000000084298
9.425000000000 0.000000077755
9.430000000000 0.000000071567
9.435000000000 0.000000065747
9.440000000000 0.000000060297
9.445000000000 0.000000055213
9.450000000000 0.000000050486
9.455000000000 0.000000046104
9.460000000000 0.000000042054
9.465000000000 0.000000038323
9.470000000000 0.000000034896
9.475000000000 0.000000031762
9.480000000000 0.000000028912
9.485000000000 0.000000026337
9.490000000000 0.000000024036
9.495000000000 0.000000022010
9.500000000000 0.000000020271
9.505000000000 0.000000018832
9.510000000000 0.000000017719
9.515000000000 0.000000016958
9.520000000000 0.000000016576
9.525000000000 0.000000016592
9.530000000000 0.000000017013
9.535000000000 0.000000017833
9.540000000000 0.000000019036
9.545000000000 0.000000020601
9.550000000000 0.000000022511
9.555000000000 0.000000024751
9.560000000000 0.000000027315
9.565000000000 0.000000030202
9.570000000000 0.000000033414
9.575000000000 0.000000036959
9.580000000000 0.000000040845
9.585000000000 0.000000045078
9.590000000000 0.000000049662
9.595000000000 0.000000054597
9.600000000000 0.000000059873
9.605000000000 0.000000065470
9.610000000000 0.000000071355
9.615000000000 0.000000077477
9.620000000000 0.000000083767
9.625000000000 0.000000090135
9.630000000000 0.000000096471
9.635000000000 0.000000102647
9.640000000000 0.000000108525
9.645000000000 0.000000113962
9.650000000000 0.000000118820
9.655000000000 0.000000122979
9.660000000000 0.000000126345
9.665000000000 0.000000128849
9.670000000000 0.000000130448
9.675000000000 0.000000131119
9.680000000000 0.000000130850
9.685000000000 0.000000129642
9.690000000000 0.000000127512
9.695000000000 0.000000124500
9.700000000000 0.000000120682
9.705000000000 0.000000116166
9.710000000000 0.000000111087
9.715000000000 0.000000105599
9.720000000000 0.000000099853
9.725000000000 0.000000093990
9.730000000000 0.000000088131
9.735000000000 0.000000082370
9.740000000000 0.000000076778
9.745000000000 0.000000071405
9.750000000000 0.000000066285
9.755000000000 0.000000061435
9.760000000000 0.000000056867
9.765000000000 0.000000052583
9.770000000000 0.000000048581
9.775000000000 0.000000044856
9.780000000000 0.000000041401
9.785000000000 0.000000038207
9.790000000000 0.000000035265
9.795000000000 0.000000032563
9.800000000000 0.000000030090
9.805000000000 0.000000027836
9.810000000000 0.000000025787
9.815000000000 0.000000023935
9.820000000000 0.000000022267
9.825000000000 0.000000020776
9.830000000000 0.000000019453
9.835000000000 0.000000018292
9.840000000000 0.000000017288
9.845000000000 0.000000016440
9.850000000000 0.000000015747
9.855000000000 0.000000015212
9.860000000000 0.000000014840
9.865000000000 0.000000014639
9.870000000000 0.000000014616
9.875000000000 0.000000014782
9.880000000000 0.000000015145
9.885000000000 0.000000015715
9.890000000000 0.000000016500
9.895000000000 0.000000017508
9.900000000000 0.000000018747
9.905000000000 0.000000020228
9.910000000000 0.000000021961
9.915000000000 0.000000023958
9.920000000000 0.000000026237
9.925000000000 0.000000028813
9.930000000000 0.000000031707
9.935000000000 0.000000034942
9.940000000000 0.000000038541
9.945000000000 0.000000042530
9.950000000000 0.000000046936
9.955000000000 0.000000051783
9.960000000000 0.000000057095
9.965000000000 0.000000062892
9.970000000000 0.000000069187
9.975000000000 0.000000075983
9.980000000000 0.000000083270
9.985000000000 0.000000091023
9.990000000000 0.000000099192
9.995000000000 0.000000107702
10.000000000000 0.000000116449
10.005000000000 0.000000125294
10.010000000000 0.000000134070
10.015000000000 0.000000142581
10.020000000000 0.000000150615
10.025000000000 0.000000157958
10.030000000000 0.000000164407
10.035000000000 0.000000169790
10.040000000000 0.000000173967
10.045000000000 0.000000176842
10.050000000000 0.000000178345
10.055000000000 0.000000178431
10.060000000000 0.000000177074
10.065000000000 0.000000174275
10.070000000000 0.000000170079
10.075000000000 0.000000164588
10.080000000000 0.000000157968
10.085000000000 0.000000150441
10.090000000000 0.000000142256
10.095000000000 0.000000133667
10.100000000000 0.000000124910
10.105000000000 0.000000116181
10.110000000000 0.000000107635
10.115000000000 0.000000099383
10.120000000000 0.000000091499
10.125000000000 0.000000084028
10.130000000000 0.000000076991
10.135000000000 0.000000070397
10.140000000000 0.000000064241
10.145000000000 0.000000058514
10.150000000000 0.000000053200
10.155000000000 0.000000048284
10.160000000000 0.000000043750
10.165000000000 0.000000039581
10.170000000000 0.000000035764
10.175000000000 0.000000032289
10.180000000000 0.000000029152
10.185000000000 0.000000026356
10.190000000000 0.000000023913
10.195000000000 0.000000021848
10.200000000000 0.000000020198
10.205000000000 0.000000019011
10.210000000000 0.000000018334
10.215000000000 0.000000018205
10.220000000000 0.000000018634
10.225000000000 0.000000019604
10.230000000000 0.000000021078
10.235000000000 0.000000023009
10.240000000000 0.000000025357
10.245000000000 0.000000028089
10.250000000000 0.000000031186
10.255000000000 0.000000034636
10.260000000000 0.000000038435
10.265000000000 0.000000042583
10.270000000000 0.000000047078
10.275000000000 0.000000051917
10.280000000000 0.000000057090
10.285000000000 0.000000062582
10.290000000000 0.000000068361
10.295000000000 0.000000074385
10.300000000000 0.000000080591
10.305000000000 0.000000086899
10.310000000000 0.000000093208
10.315000000000 0.000000099403
10.320000000000 0.000000105351
10.325000000000 0.000000110916
10.330000000000 0.000000115962
10.335000000000 0.000000120368
10.340000000000 0.000000124032
10.345000000000 0.000000126880
10.350000000000 0.000000128865
10.355000000000 0.000000129959
10.360000000000 0.000000130151
10.365000000000 0.000000129441
10.370000000000 0.000000127840
10.375000000000 0.000000125376
10.380000000000 0.000000122104
10.385000000000 0.000000118109
10.390000000000 0.000000113506
10.395000000000 0.000000108430
10.400000000000 0.000000103025
10.405000000000 0.000000097429
10.410000000000 0.000000091766
10.415000000000 0.000000086140
10.420000000000 0.000000080632
10.425000000000 0.000000075300
10.430000000000 0.000000070185
10.435000000000 0.000000065315
10.440000000000 0.000000060706
10.445000000000 0.000000056365
10.450000000000 0.000000052295
10.455000000000 0.000000048494
10.460000000000 0.000000044959
10.465000000000 0.000000041682
10.470000000000 0.000000038656
10.475000000000 0.000000035870
10.480000000000 0.000000033314
10.485000000000 0.000000030978
10.490000000000 0.000000028849
10.495000000000 0.000000026914
10.500000000000 0.000000025162
10.505000000000 0.000000023579
10.510000000000 0.000000022153
10.515000000000 0.000000020873
10.520000000000 0.000000019727
10.525000000000 0.000000018704
10.530000000000 0.000000017795
10.535000000000 0.000000016991
10.540000000000 0.000000016286
10.545000000000 0.000000015672
10.550000000000 0.000000015148
10.555000000000 0.000000014711
10.560000000000 0.000000014360
10.565000000000 0.000000014099
10.570000000000 0.000000013931
10.575000000000 0.000000013862
10.580000000000 0.000000013901
10.585000000000 0.000000014057
10.590000000000 0.000000014342
10.595000000000 0.000000014767
10.600000000000 0.000000015344
10.605000000000 0.000000016088
10.610000000000 0.000000017012
10.615000000000 0.000000018130
10.620000000000 0.000000019457
10.625000000000 0.000000021008
10.630000000000 0.000000022802
10.635000000000 0.000000024858
10.640000000000 0.000000027198
10.645000000000 0.000000029846
10.650000000000 0.000000032830
10.655000000000 0.000000036183
10.660000000000 0.000000039938
10.665000000000 0.000000044136
10.670000000000 0.000000048819
10.675000000000 0.000000054035
10.680000000000 0.000000059837
10.685000000000 0.000000066279
10.690000000000 0.000000073423
10.695000000000 0.000000081332
10.700000000000 0.000000090069
10.705000000000 0.000000099702
10.710000000000 0.000000110294
10.715000000000 0.000000121903
10.720000000000 0.000000134578
10.725000000000 0.000000148351
10.730000000000 0.000000163233
10.735000000000 0.000000179201
10.740000000000 0.000000196191
10.745000000000 0.000000214082
10.750000000000 0.000000232691
10.755000000000 0.000000251759
10.760000000000 0.000000270949
10.765000000000 0.000000289851
10.770000000000 0.000000307995
10.775000000000 0.000000324881
10.780000000000 0.000000340013
10.785000000000 0.000000352936
10.790000000000 0.000000363270
10.795000000000 0.000000370717
10.800000000000 0.000000375051
10.805000000000 0.000000376105
10.810000000000 0.000000373761
10.815000000000 0.000000367973
10.820000000000 0.000000358809
10.825000000000 0.000000346495
10.830000000000 0.000000331435
10.835000000000 0.000000314176
10.840000000000 0.000000295354
10.845000000000 0.000000275611
10.850000000000 0.000000255536
10.855000000000 0.000000235613
10.860000000000 0.000000216213
10.865000000000 0.000000197593
10.870000000000 0.000000179914
10.875000000000 0.000000163264
10.880000000000 0.000000147673
10.885000000000 0.000000133140
10.890000000000 0.000000119638
10.895000000000 0.000000107126
10.900000000000 0.000000095561
10.905000000000 0.000000084899
10.910000000000 0.000000075104
10.915000000000 0.000000066155
10.920000000000 0.000000058051
10.925000000000 0.000000050831
10.930000000000 0.000000044582
10.935000000000 0.000000039464
10.940000000000 0.000000035708
10.945000000000 0.000000033579
10.950000000000 0.000000033270
10.955000000000 0.000000034776
10.960000000000 0.000000037888
10.965000000000 0.000000042303
10.970000000000 0.000000047747
10.975000000000 0.000000054011
10.980000000000 0.000000060960
10.985000000000 0.000000068504
10.990000000000 0.000000076581
10.995000000000 0.000000085141
11.000000000000 0.000000094133
11.005000000000 0.000000103496
11.010000000000 0.000000113153
11.015000000000 0.000000123002
11.020000000000 0.000000132918
11.025000000000 0.000000142750
11.030000000000 0.000000152324
11.035000000000 0.000000161448
11.040000000000 0.000000169927
11.045000000000 0.000000177571
11.050000000000 0.000000184210
11.055000000000 0.000000189710
11.060000000000 0.000000193975
11.065000000000 0.000000196949
11.070000000000 0.000000198605
11.075000000000 0.000000198943
11.080000000000 0.000000197974
11.085000000000 0.000000195726
11.090000000000 0.000000192248
11.095000000000 0.000000187620
11.100000000000 0.000000181958
11.105000000000 0.000000175418
11.110000000000 0.000000168181
11.115000000000 0.000000160444
11.120000000000 0.000000152397
11.125000000000 0.000000144215
11.130000000000 0.000000136044
11.135000000000 0.000000128003
11.140000000000 0.000000120181
11.145000000000 0.000000112643
11.150000000000 0.000000105433
11.155000000000 0.000000098581
11.160000000000 0.000000092105
11.165000000000 0.000000086012
11.170000000000 0.000000080307
11.175000000000 0.000000074988
11.180000000000 0.000000070050
11.185000000000 0.000000065483
11.190000000000 0.000000061277
11.195000000000 0.000000057418
11.200000000000 0.000000053891
11.205000000000 0.000000050680
11.210000000000 0.000000047766
11.215000000000 0.000000045131
11.220000000000 0.000000042756
11.225000000000 0.000000040620
11.230000000000 0.000000038705
11.235000000000 0.000000036993
11.240000000000 0.000000035467
11.245000000000 0.000000034111
11.250000000000 0.000000032913
11.255000000000 0.000000031862
11.260000000000 0.000000030950
11.265000000000 0.000000030171
11.270000000000 0.000000029526
11.275000000000 0.000000029016
11.280000000000 0.000000028648
11.285000000000 0.000000028433
11.290000000000 0.000000028386
11.295000000000 0.000000028526
11.300000000000 0.000000028878
11.305000000000 0.000000029466
11.310000000000 0.000000030322
11.315000000000 0.000000031476
11.320000000000 0.000000032959
11.325000000000 0.000000034804
11.330000000000 0.000000037042
11.335000000000 0.000000039704
11.340000000000 0.000000042821
11.345000000000 0.000000046423
11.350000000000 0.000000050538
11.355000000000 0.000000055194
11.360000000000 0.000000060419
11.365000000000 0.000000066233
11.370000000000 0.000000072657
11.375000000000 0.000000079699
11.380000000000 0.000000087358
11.385000000000 0.000000095619
11.390000000000 0.000000104442
11.395000000000 0.000000113766
11.400000000000 0.000000123496
11.405000000000 0.000000133502
11.410000000000 0.000000143620
11.415000000000 0.000000153648
11.420000000000 0.000000163358
11.425000000000 0.000000172502
11.430000000000 0.000000180836
11.435000000000 0.000000188132
11.440000000000 0.000000194196
11.445000000000 0.000000198880
11.450000000000 0.000000202077
11.455000000000 0.000000203713
11.460000000000 0.000000203740
11.465000000000 0.000000202132
11.470000000000 0.000000198895
11.475000000000 0.000000194085
11.480000000000 0.000000187826
11.485000000000 0.000000180311
11.490000000000 0.000000171789
11.495000000000 0.000000162540
11.500000000000 0.000000152845
11.505000000000 0.000000142962
11.510000000000 0.000000133108
11.515000000000 0.000000123450
11.520000000000 0.000000114110
11.525000000000 0.000000105173
11.530000000000 0.000000096687
11.535000000000 0.000000088681
11.540000000000 0.000000081165
11.545000000000 0.000000074138
11.550000000000 0.000000067593
11.555000000000 0.000000061519
11.560000000000 0.000000055905
11.565000000000 0.000000050739
11.570000000000 0.000000046016
11.575000000000 0.000000041732
11.580000000000 0.000000037895
11.585000000000 0.000000034524
11.590000000000 0.000000031650
11.595000000000 0.000000029319
11.600000000000 0.000000027589
11.605000000000 0.000000026521
11.610000000000 0.000000026166
11.615000000000 0.000000026546
11.620000000000 0.000000027652
11.625000000000 0.000000029445
11.630000000000 0.000000031873
11.635000000000 0.000000034885
11.640000000000 0.000000038443
11.645000000000 0.000000042521
11.650000000000 0.000000047108
11.655000000000 0.000000052206
11.660000000000 0.000000057824
11.665000000000 0.000000063976
11.670000000000 0.000000070678
11.675000000000 0.000000077947
11.680000000000 0.000000085792
11.685000000000 0.000000094216
11.690000000000 0.000000103209
11.695000000000 0.000000112742
11.700000000000 0.000000122767
11.705000000000 0.000000133207
11.710000000000 0.000000143955
11.715000000000 0.000000154870
11.720000000000 0.000000165778
11.725000000000 0.000000176471
11.730000000000 0.000000186721
11.735000000000 0.000000196286
11.740000000000 0.000000204931
11.745000000000 0.000000212441
11.750000000000 0.000000218642
11.755000000000 0.000000223403
11.760000000000 0.000000226641
11.765000000000 0.000000228310
11.770000000000 0.000000228390
11.775000000000 0.000000226879
11.780000000000 0.000000223796
11.785000000000 0.000000219195
11.790000000000 0.000000213175
11.795000000000 0.000000205895
11.800000000000 0.000000197561
11.805000000000 0.000000188421
11.810000000000 0.000000178734
11.815000000000 0.000000168746
11.820000000000 0.000000158679
11.825000000000 0.000000148714
11.830000000000 0.000000138989
11.835000000000 0.000000129606
11.840000000000 0.000000120633
11.845000000000 0.000000112113
11.850000000000 0.000000104072
11.855000000000 0.000000096520
11.860000000000 0.000000089457
11.865000000000 0.000000082881
11.870000000000 0.000000076779
11.875000000000 0.000000071139
11.880000000000 0.000000065944
11.885000000000 0.000000061176
11.890000000000 0.000000056815
11.895000000000 0.000000052839
11.900000000000 0.000000049226
11.905000000000 0.000000045952
11.910000000000 0.000000042993
11.915000000000 0.000000040325
11.920000000000 0.000000037924
11.925000000000 0.000000035766
11.930000000000 0.000000033829
11.935000000000 0.000000032089
11.940000000000 0.000000030526
11.945000000000 0.000000029120
11.950000000000 0.000000027852
11.955000000000 0.000000026707
11.960000000000 0.000000025669
11.965000000000 0.000000024724
11.970000000000 0.000000023862
11.975000000000 0.000000023070
11.980000000000 0.000000022342
11.985000000000 0.000000021668
11.990000000000 0.000000021043
11.995000000000 0.000000020462
12.000000000000 0.000000019920
12.005000000000 0.000000019414
12.010000000000 0.000000018940
12.015000000000 0.000000018496
12.020000000000 0.000000018082
12.025000000000 0.000000017695
12.030000000000 0.000000017334
12.035000000000 0.000000016999
12.040000000000 0.000000016690
12.045000000000 0.000000016405
12.050000000000 0.000000016144
12.055000000000 0.000000015906
12.060000000000 0.000000015692
12.065000000000 0.000000015499
12.070000000000 0.000000015327
12.075000000000 0.000000015174
12.080000000000 0.000000015036
12.085000000000 0.000000014911
12.090000000000 0.000000014795
12.095000000000 0.000000014684
12.100000000000 0.000000014572
12.105000000000 0.000000014454
12.110000000000 0.000000014322
12.115000000000 0.000000014172
12.120000000000 0.000000013999
12.125000000000 0.000000013799
12.130000000000 0.000000013572
12.135000000000 0.000000013321
12.140000000000 0.000000013051
12.145000000000 0.000000012775
12.150000000000 0.000000012506
12.155000000001 0.000000012259
12.160000000001 0.000000012046
12.165000000001 0.000000011876
12.170000000001 0.000000011751
12.175000000001 0.000000011672
12.180000000001 0.000000011635
12.185000000001 0.000000011637
12.190000000001 0.000000011671
12.195000000001 0.000000011731
12.200000000001 0.000000011805
12.205000000001 0.000000011878
12.210000000001 0.000000011936
12.215000000001 0.000000011967
12.220000000001 0.000000011963
12.225000000001 0.000000011923
12.230000000001 0.000000011851
12.235000000001 0.000000011754
12.240000000001 0.000000011645
12.245000000001 0.000000011534
12.250000000001 0.000000011438
12.255000000001 0.000000011368
12.260000000001 0.000000011341
12.265000000001 0.000000011370
12.270000000001 0.000000011469
12.275000000001 0.000000011652
12.280000000001 0.000000011931
12.285000000001 0.000000012319
12.290000000001 0.000000012825
12.295000000001 0.000000013459
12.300000000001 0.000000014231
12.305000000001 0.000000015148
12.310000000001 0.000000016218
12.315000000001 0.000000017449
12.320000000001 0.000000018849
12.325000000001 0.000000020428
12.330000000001 0.000000022195
12.335000000001 0.000000024161
12.340000000001 0.000000026336
12.345000000001 0.000000028733
12.350000000001 0.000000031364
12.355000000001 0.000000034239
12.360000000001 0.000000037370
12.365000000001 0.000000040764
12.370000000001 0.000000044428
12.375000000001 0.000000048361
12.380000000001 0.000000052560
12.385000000001 0.000000057012
12.390000000001 0.000000061696
12.395000000001 0.000000066576
12.400000000001 0.000000071606
12.405000000001 0.000000076724
12.410000000001 0.000000081853
12.415000000001 0.000000086900
12.420000000001 0.000000091764
12.425000000001 0.000000096334
12.430000000001 0.000000100499
12.435000000001 0.000000104159
12.440000000001 0.000000107226
12.445000000001 0.000000109635
12.450000000001 0.000000111342
12.455000000001 0.000000112325
12.460000000001 0.000000112577
12.465000000001 0.000000112100
12.470000000001 0.000000110904
12.475000000001 0.000000109009
12.480000000001 0.000000106449
12.485000000001 0.000000103280
12.490000000001 0.000000099583
12.495000000001 0.000000095457
12.500000000001 0.000000091014
12.505000000001 0.000000086370
12.510000000001 0.000000081632
12.515000000001 0.000000076894
12.520000000001 0.000000072230
12.525000000001 0.000000067699
12.530000000001 0.000000063342
12.535000000001 0.000000059186
12.540000000001 0.000000055251
12.545000000001 0.000000051546
12.550000000001 0.000000048077
12.555000000001 0.000000044847
12.560000000001 0.000000041854
12.565000000001 0.000000039096
12.570000000001 0.000000036569
12.575000000001 0.000000034267
12.580000000001 0.000000032187
12.585000000001 0.000000030320
12.590000000001 0.000000028661
12.595000000001 0.000000027203
12.600000000001 0.000000025939
12.605000000001 0.000000024864
12.610000000001 0.000000023972
12.615000000001 0.000000023261
12.620000000001 0.000000022726
12.625000000001 0.000000022368
12.630000000001 0.000000022188
12.635000000001 0.000000022188
12.640000000001 0.000000022373
12.645000000001 0.000000022751
12.650000000001 0.000000023330
12.655000000001 0.000000024120
12.660000000001 0.000000025134
12.665000000001 0.000000026386
12.670000000001 0.000000027891
12.675000000001 0.000000029667
12.680000000001 0.000000031733
12.685000000001 0.000000034113
12.690000000001 0.000000036829
12.695000000001 0.000000039912
12.700000000001 0.000000043391
12.705000000001 0.000000047303
12.710000000001 0.000000051687
12.715000000001 0.000000056588
12.720000000001 0.000000062054
12.725000000001 0.000000068141
12.730000000001 0.000000074908
12.735000000001 0.000000082423
12.740000000001 0.000000090759
12.745000000001 0.000000099994
12.750000000001 0.000000110214
12.755000000001 0.000000121510
12.760000000001 0.000000133980
12.765000000001 0.000000147722
12.770000000001 0.000000162838
12.775000000001 0.000000179431
12.780000000001 0.000000197596
12.785000000001 0.000000217416
12.790000000001 0.000000238960
12.795000000001 0.000000262266
12.800000000001 0.000000287332
12.805000000001 0.000000314104
12.810000000001 0.000000342456
12.815000000001 0.000000372174
12.820000000001 0.000000402942
12.825000000001 0.000000434328
12.830000000001 0.000000465779
12.835000000001 0.000000496632
12.840000000001 0.000000526139
12.845000000001 0.000000553508
12.850000000001 0.000000577961
12.855000000001 0.000000598794
12.860000000001 0.000000615423
12.865000000001 0.000000627402
12.870000000001 0.000000634410
12.875000000001 0.000000636219
12.880000000001 0.000000632676
12.885000000001 0.000000623722
12.890000000001 0.000000609449
12.895000000001 0.000000590168
12.900000000001 0.000000566451
12.905000000001 0.000000539098
12.910000000001 0.000000509069
12.915000000001 0.000000477363
12.920000000001 0.000000444922
12.925000000001 0.000000412546
12.930000000001 0.000000380867
12.935000000001 0.000000350336
12.940000000001 0.000000321252
12.945000000001 0.000000293788
12.950000000001 0.000000268024
12.955000000001 0.000000243975
12.960000000001 0.000000221612
12.965000000001 0.000000200881
12.970000000001 0.000000181707
12.975000000001 0.000000164012
12.980000000001 0.000000147710
12.985000000001 0.000000132719
12.990000000001 0.000000118958
12.995000000001 0.000000106357
13.000000000001 0.000000094855
13.005000000001 0.000000084410
13.010000000001 0.000000075004
13.015000000001 0.000000066655
13.020000000001 0.000000059427
13.025000000001 0.000000053445
13.030000000001 0.000000048894
13.035000000001 0.000000045999
13.040000000001 0.000000044954
13.045000000001 0.000000045839
13.050000000001 0.000000048567
13.055000000001 0.000000052929
13.060000000001 0.000000058678
13.065000000001 0.000000065594
13.070000000001 0.000000073508
13.075000000001 0.000000082300
13.080000000001 0.000000091881
13.085000000001 0.000000102175
13.090000000001 0.000000113111
13.095000000001 0.000000124604
13.100000000001 0.000000136550
13.105000000001 0.000000148816
13.110000000001 0.000000161237
13.115000000001 0.000000173614
13.120000000001 0.000000185720
13.125000000001 0.000000197304
13.130000000001 0.000000208107
13.135000000001 0.000000217883
13.140000000001 0.000000226409
13.145000000001 0.000000233509
13.150000000001 0.000000239053
13.155000000001 0.000000242963
13.160000000001 0.000000245200
13.165000000001 0.000000245750
13.170000000001 0.000000244622
13.175000000001 0.000000241843
13.180000000001 0.000000237476
13.185000000001 0.000000231625
13.190000000001 0.000000224451
13.195000000001 0.000000216160
13.200000000001 0.000000206994
13.205000000001 0.000000197207
13.210000000001 0.000000187046
13.215000000001 0.000000176730
13.220000000001 0.000000166444
13.225000000001 0.000000156334
13.230000000001 0.000000146511
13.235000000001 0.000000137052
13.240000000001 0.000000128011
13.245000000001 0.000000119423
13.250000000001 0.000000111308
13.255000000001 0.000000103676
13.260000000001 0.000000096529
13.265000000001 0.000000089864
13.270000000001 0.000000083674
13.275000000001 0.000000077948
13.280000000001 0.000000072673
13.285000000001 0.000000067835
13.290000000001 0.000000063417
13.295000000001 0.000000059402
13.300000000001 0.000000055774
13.305000000001 0.000000052515
13.310000000001 0.000000049610
13.315000000001 0.000000047042
13.320000000001 0.000000044798
13.325000000001 0.000000042868
13.330000000001 0.000000041243
13.335000000001 0.000000039916
13.340000000001 0.000000038887
13.345000000001 0.000000038155
13.350000000001 0.000000037725
13.355000000001 0.000000037603
13.360000000001 0.000000037801
13.365000000001 0.000000038329
13.370000000001 0.000000039203
13.375000000001 0.000000040437
13.380000000001 0.000000042051
13.385000000001 0.000000044062
13.390000000001 0.000000046493
13.395000000001 0.000000049366
13.400000000001 0.000000052710
13.405000000001 0.000000056552
13.410000000001 0.000000060929
13.415000000001 0.000000065878
13.420000000001 0.000000071445
13.425000000001 0.000000077677
13.430000000001 0.000000084632
13.435000000001 0.000000092372
13.440000000001 0.000000100965
13.445000000001 0.000000110486
13.450000000001 0.000000121019
13.455000000001 0.000000132650
13.460000000001 0.000000145474
13.465000000001 0.000000159590
13.470000000001 0.000000175097
13.475000000001 0.000000192098
13.480000000001 0.000000210690
13.485000000001 0.000000230961
13.490000000001 0.000000252984
13.495000000001 0.000000276807
13.500000000001 0.000000302443
13.505000000001 0.000000329855
13.510000000001 0.000000358940
13.515000000001 0.000000389514
13.520000000001 0.000000421293
13.525000000001 0.000000453875
13.530000000001 0.000000486740
13.535000000001 0.000000519242
13.540000000001 0.000000550636
13.545000000001 0.000000580105
13.550000000001 0.000000606823
13.555000000001 0.000000630008
13.560000000001 0.000000648989
13.565000000001 0.000000663233
13.570000000001 0.000000672350
13.575000000001 0.000000676066
13.580000000001 0.000000674191
13.585000000001 0.000000666619
13.590000000001 0.000000653371
13.595000000001 0.000000634669
13.600000000001 0.000000610997
13.605000000001 0.000000583115
13.610000000001 0.000000551991
13.615000000001 0.000000518702
13.620000000001 0.000000484304
13.625000000001 0.000000449735
13.630000000001 0.000000415755
13.635000000001 0.000000382928
13.640000000001 0.000000351636
13.645000000001 0.000000322108
13.650000000001 0.000000294461
13.655000000001 0.000000268727
13.660000000001 0.000000244884
13.665000000001 0.000000222876
13.670000000001 0.000000202626
13.675000000001 0.000000184044
13.680000000001 0.000000167034
13.685000000001 0.000000151499
13.690000000001 0.000000137339
13.695000000001 0.000000124458
13.700000000001 0.000000112760
13.705000000001 0.000000102154
13.710000000001 0.000000092551
13.715000000001 0.000000083865
13.720000000001 0.000000076014
13.725000000001 0.000000068922
13.730000000001 0.000000062516
13.735000000001 0.000000056729
13.740000000001 0.000000051499
13.745000000001 0.000000046770
13.750000000001 0.000000042496
13.755000000001 0.000000038637
13.760000000001 0.000000035167
13.765000000001 0.000000032074
13.770000000001 0.000000029364
13.775000000001 0.000000027065
13.780000000001 0.000000025230
13.785000000001 0.000000023932
13.790000000001 0.000000023252
13.795000000001 0.000000023258
13.800000000001 0.000000023972
13.805000000001 0.000000025363
13.810000000001 0.000000027351
13.815000000001 0.000000029823
13.820000000001 0.000000032656
13.825000000001 0.000000035724
13.830000000001 0.000000038907
13.835000000001 0.000000042091
13.840000000001 0.000000045171
13.845000000001 0.000000048055
13.850000000001 0.000000050667
13.855000000001 0.000000052948
13.860000000001 0.000000054855
13.865000000001 0.000000056359
13.870000000001 0.000000057444
13.875000000001 0.000000058100
13.880000000001 0.000000058324
13.885000000001 0.000000058123
13.890000000001 0.000000057515
13.895000000001 0.000000056532
13.900000000001 0.000000055217
13.905000000001 0.000000053626
13.910000000001 0.000000051817
13.915000000001 0.000000049851
13.920000000001 0.000000047785
13.925000000001 0.000000045670
13.930000000001 0.000000043551
13.935000000001 0.000000041466
13.940000000001 0.000000039445
13.945000000001 0.000000037514
13.950000000001 0.000000035696
13.955000000001 0.000000034010
13.960000000001 0.000000032475
13.965000000001 0.000000031109
13.970000000001 0.000000029929
13.975000000001 0.000000028954
13.980000000001 0.000000028204
13.985000000001 0.000000027695
13.990000000001 0.000000027446
13.995000000001 0.000000027473
14.000000000001 0.000000027790
14.005000000001 0.000000028409
14.010000000001 0.000000029338
14.015000000001 0.000000030584
14.020000000001 0.000000032154
14.025000000001 0.000000034054
14.030000000001 0.000000036294
14.035000000001 0.000000038884
14.040000000001 0.000000041838
14.045000000001 0.000000045177
14.050000000001 0.000000048923
14.055000000001 0.000000053106
14.060000000001 0.000000057759
14.065000000001 0.000000062923
14.070000000001 0.000000068642
14.075000000001 0.000000074970
14.080000000001 0.000000081965
14.085000000001 0.000000089693
14.090000000001 0.000000098230
14.095000000001 0.000000107657
14.100000000001 0.000000118068
14.105000000001 0.000000129563
14.110000000001 0.000000142258
14.115000000001 0.000000156276
14.120000000001 0.000000171755
14.125000000001 0.000000188847
14.130000000001 0.000000207716
14.135000000001 0.000000228544
14.140000000001 0.000000251525
14.145000000001 0.000000276872
14.150000000001 0.000000304808
14.155000000001 0.000000335574
14.160000000001 0.000000369419
14.165000000001 0.000000406599
14.170000000001 0.000000447374
14.175000000001 0.000000491993
14.180000000001 0.000000540687
14.185000000001 0.000000593652
14.190000000001 0.000000651027
14.195000000001 0.000000712869
14.200000000001 0.000000779119
14.205000000001 0.000000849565
14.210000000001 0.000000923801
14.215000000001 0.000001001180
14.220000000001 0.000001080783
14.225000000001 0.000001161387
14.230000000001 0.000001241473
14.235000000001 0.000001319259
14.240000000001 0.000001392779
14.245000000001 0.000001460012
14.250000000001 0.000001519028
14.255000000001 0.000001568135
14.260000000001 0.000001605976
14.265000000001 0.000001631547
14.270000000001 0.000001644139
14.275000000001 0.000001643257
14.280000000001 0.000001628601
14.285000000001 0.000001600146
14.290000000001 0.000001558311
14.295000000001 0.000001504118
14.300000000001 0.000001439246
14.305000000001 0.000001365921
14.310000000001 0.000001286675
14.315000000001 0.000001204057
14.320000000001 0.000001120387
14.325000000001 0.000001037583
14.330000000001 0.000000957110
14.335000000001 0.000000879986
14.340000000001 0.000000806857
14.345000000001 0.000000738071
14.350000000001 0.000000673766
14.355000000001 0.000000613932
14.360000000001 0.000000558462
14.365000000001 0.000000507192
14.370000000001 0.000000459920
14.375000000001 0.000000416427
14.380000000001 0.000000376483
14.385000000001 0.000000339858
14.390000000001 0.000000306324
14.395000000001 0.000000275661
14.400000000001 0.000000247662
14.405000000001 0.000000222134
14.410000000001 0.000000198907
14.415000000001 0.000000177840
14.420000000001 0.000000158830
14.425000000001 0.000000141829
14.430000000001 0.000000126860
14.435000000001 0.000000114036
14.440000000001 0.000000103585
14.445000000001 0.000000095836
14.450000000001 0.000000091178
14.455000000001 0.000000089931
14.460000000001 0.000000092213
14.465000000001 0.000000097870
14.470000000001 0.000000106546
14.475000000001 0.000000117810
14.480000000001 0.000000131261
14.485000000001 0.000000146561
14.490000000001 0.000000163431
14.495000000001 0.000000181624
14.500000000001 0.000000200901
14.505000000001 0.000000221002
14.510000000001 0.000000241631
14.515000000001 0.000000262447
14.520000000001 0.000000283065
14.525000000001 0.000000303060
14.530000000001 0.000000321989
14.535000000001 0.000000339419
14.540000000001 0.000000354953
14.545000000001 0.000000368260
14.550000000001 0.000000379091
14.555000000001 0.000000387280
14.560000000001 0.000000392731
14.565000000001 0.000000395400
14.570000000001 0.000000395279
14.575000000001 0.000000392396
14.580000000001 0.000000386829
14.585000000001 0.000000378729
14.590000000001 0.000000368328
14.595000000001 0.000000355946
14.600000000001 0.000000341961
14.605000000001 0.000000326785
14.610000000001 0.000000310825
14.615000000001 0.000000294452
14.620000000001 0.000000277986
14.625000000001 0.000000261688
14.630000000001 0.000000245759
14.635000000001 0.000000230347
14.640000000001 0.000000215559
14.645000000001 0.000000201470
14.650000000001 0.000000188128
14.655000000001 0.000000175566
14.660000000001 0.000000163804
14.665000000001 0.000000152853
14.670000000001 0.000000142722
14.675000000001 0.000000133416
14.680000000001 0.000000124940
14.685000000001 0.000000117303
14.690000000001 0.000000110514
14.695000000001 0.000000104590
14.700000000001 0.000000099550
14.705000000001 0.000000095422
14.710000000001 0.000000092235
14.715000000001 0.000000090021
14.720000000001 0.000000088813
14.725000000001 0.000000088638
14.730000000001 0.000000089522
14.735000000001 0.000000091481
14.740000000001 0.000000094529
14.745000000001 0.000000098676
14.750000000001 0.000000103934
14.755000000001 0.000000110322
14.760000000001 0.000000117867
14.765000000001 0.000000126607
14.770000000001 0.000000136598
14.775000000001 0.000000147909
14.780000000001 0.000000160627
14.785000000001 0.000000174856
14.790000000001 0.000000190720
14.795000000001 0.000000208363
14.800000000001 0.000000227950
14.805000000001 0.000000249667
14.810000000001 0.000000273724
14.815000000001 0.000000300356
14.820000000001 0.000000329827
14.825000000001 0.000000362427
14.830000000001 0.000000398480
14.835000000001 0.000000438341
14.840000000001 0.000000482401
14.845000000001 0.000000531088
14.850000000001 0.000000584867
14.855000000001 0.000000644242
14.860000000001 0.000000709753
14.865000000001 0.000000781976
14.870000000001 0.000000861517
14.875000000001 0.000000949001
14.880000000001 0.000001045063
14.885000000001 0.000001150327
14.890000000001 0.000001265379
14.895000000001 0.000001390729
14.900000000001 0.000001526768
14.905000000001 0.000001673699
14.910000000001 0.000001831465
14.915000000001 0.000001999656
14.920000000001 0.000002177407
14.925000000001 0.000002363289
14.930000000001 0.000002555209
14.935000000001 0.000002750344
14.940000000001 0.000002945121
14.945000000001 0.000003135287
14.950000000001 0.000003316084
14.955000000001 0.000003482541
14.960000000001 0.000003629830
14.965000000001 0.000003753643
14.970000000001 0.000003850451
14.975000000001 0.000003917587
14.980000000001 0.000003953126
14.985000000001 0.000003955696
14.990000000001 0.000003924404
14.995000000001 0.000003859023
15.000000000001 0.000003760410
15.005000000001 0.000003630926
15.010000000001 0.000003474592
15.015000000001 0.000003296853
15.020000000001 0.000003103980
15.025000000001 0.000002902351
15.030000000001 0.000002697788
15.035000000001 0.000002495141
15.040000000001 0.000002298106
15.045000000001 0.000002109265
15.050000000001 0.000001930242
15.055000000001 0.000001761914
15.060000000001 0.000001604615
15.065000000001 0.000001458305
15.070000000001 0.000001322701
15.075000000001 0.000001197371
15.080000000001 0.000001081797
15.085000000001 0.000000975415
15.090000000001 0.000000877646
15.095000000001 0.000000787913
15.100000000001 0.000000705658
15.105000000001 0.000000630355
15.110000000001 0.000000561528
15.115000000001 0.000000498771
15.120000000001 0.000000441775
15.125000000001 0.000000390369
15.130000000001 0.000000344576
15.135000000001 0.000000304694
15.140000000001 0.000000271375
15.145000000001 0.000000245678
15.150000000001 0.000000228950
15.155000000001 0.000000222438
15.160000000001 0.000000226674
15.165000000001 0.000000241118
15.170000000001 0.000000264417
15.175000000001 0.000000294987
15.180000000001 0.000000331436
15.185000000001 0.000000372695
15.190000000001 0.000000417958
15.195000000001 0.000000466584
15.200000000001 0.000000517993
15.205000000001 0.000000571583
15.210000000001 0.000000626678
15.215000000001 0.000000682489
15.220000000001 0.000000738099
15.225000000001 0.000000792476
15.230000000001 0.000000844502
15.235000000001 0.000000893040
15.240000000001 0.000000937001
15.245000000001 0.000000975430
15.250000000001 0.000001007559
15.255000000001 0.000001032845
15.260000000001 0.000001050955
15.265000000001 0.000001061724
15.270000000001 0.000001065101
15.275000000001 0.000001061124
15.280000000001 0.000001049932
15.285000000001 0.000001031806
15.290000000001 0.000001007228
15.295000000001 0.000000976900
15.300000000001 0.000000941727
15.305000000001 0.000000902753
15.310000000001 0.000000861066
15.315000000001 0.000000817715
15.320000000001 0.000000773638
15.325000000001 0.000000729623
15.330000000001 0.000000686297
15.335000000001 0.000000644135
15.340000000001 0.000000603480
15.345000000001 0.000000564573
15.350000000001 0.000000527573
15.355000000001 0.000000492580
15.360000000001 0.000000459649
15.365000000001 0.000000428806
15.370000000001 0.000000400053
15.375000000001 0.000000373375
15.380000000001 0.000000348748
15.385000000001 0.000000326138
15.390000000001 0.000000305509
15.395000000001 0.000000286821
15.400000000001 0.000000270040
15.405000000001 0.000000255132
15.410000000001 0.000000242072
15.415000000001 0.000000230845
15.420000000001 0.000000221444
15.425000000001 0.000000213876
15.430000000001 0.000000208155
15.435000000001 0.000000204309
15.440000000001 0.000000202373
15.445000000001 0.000000202386
15.450000000001 0.000000204395
15.455000000001 0.000000208446
15.460000000001 0.000000214591
15.465000000001 0.000000222886
15.470000000001 0.000000233395
15.475000000001 0.000000246193
15.480000000001 0.000000261368
15.485000000001 0.000000279031
15.490000000001 0.000000299311
15.495000000001 0.000000322366
15.500000000001 0.000000348379
15.505000000001 0.000000377565
15.510000000001 0.000000410170
15.515000000001 0.000000446473
15.520000000001 0.000000486789
15.525000000001 0.000000531468
15.530000000001 0.000000580894
15.535000000001 0.000000635490
15.540000000001 0.000000695712
15.545000000001 0.000000762050
15.550000000001 0.000000835018
15.555000000001 0.000000915155
15.560000000001 0.000001003006
15.565000000001 0.000001099113
15.570000000001 0.000001203989
15.575000000001 0.000001318088
15.580000000001 0.000001441771
15.585000000001 0.000001575247
15.590000000001 0.000001718522
15.595000000001 0.000001871312
15.600000000001 0.000002032967
15.605000000001 0.000002202373
15.610000000001 0.000002377863
15.615000000001 0.000002557148
15.620000000001 0.000002737279
15.625000000001 0.000002914673
15.630000000001 0.000003085225
15.635000000001 0.000003244519
15.640000000001 0.000003388121
15.645000000001 0.000003511915
15.650000000001 0.000003612404
15.655000000001 0.000003686880
15.660000000001 0.000003733410
15.665000000001 0.000003750673
15.670000000001 0.000003737796
15.675000000001 0.000003694336
15.680000000001 0.000003620512
15.685000000001 0.000003517588
15.690000000001 0.000003388192
15.695000000001 0.000003236365
15.700000000001 0.000003067257
15.705000000001 0.000002886560
15.710000000001 0.000002699879
15.715000000001 0.000002512204
15.720000000001 0.000002327598
15.725000000001 0.000002149094
15.730000000001 0.000001978769
15.735000000001 0.000001817896
15.740000000001 0.000001667138
15.745000000001 0.000001526721
15.750000000001 0.000001396578
15.755000000001 0.000001276453
15.760000000001 0.000001165976
15.765000000001 0.000001064711
15.770000000001 0.000000972186
15.775000000001 0.000000887913
15.780000000001 0.000000811400
15.785000000001 0.000000742157
15.790000000001 0.000000679704
15.795000000001 0.000000623570
15.800000000001 0.000000573300
15.805000000001 0.000000528453
15.810000000001 0.000000488607
15.815000000001 0.000000453355
15.820000000001 0.000000422309
15.825000000001 0.000000395100
15.830000000001 0.000000371379
15.835000000001 0.000000350815
15.840000000001 0.000000333095
15.845000000001 0.000000317927
15.850000000001 0.000000305035
15.855000000001 0.000000294163
15.860000000001 0.000000285067
15.865000000001 0.000000277519
15.870000000001 0.000000271300
15.875000000001 0.000000266200
15.880000000001 0.000000262014
15.885000000001 0.000000258541
15.890000000001 0.000000255582
15.895000000001 0.000000252939
15.900000000001 0.000000250421
15.905000000001 0.000000247845
15.910000000001 0.000000245046
15.915000000001 0.000000241883
15.920000000001 0.000000238256
15.925000000001 0.000000234112
15.930000000001 0.000000229457
15.935000000001 0.000000224351
15.940000000001 0.000000218901
15.945000000001 0.000000213243
15.950000000001 0.000000207513
15.955000000001 0.000000201827
15.960000000001 0.000000196268
15.965000000001 0.000000190891
15.970000000001 0.000000185744
15.975000000001 0.000000180884
15.980000000001 0.000000176385
15.985000000001 0.000000172320
15.990000000001 0.000000168747
15.995000000001 0.000000165681
16.000000000001 0.000000163089
16.005000000001 0.000000160904
16.010000000001 0.000000159039
16.015000000001 0.000000157418
16.020000000001 0.000000155986
16.025000000001 0.000000154721
16.030000000001 0.000000153634
16.035000000001 0.000000152763
16.040000000001 0.000000152167
16.045000000001 0.000000151921
16.050000000001 0.000000152111
16.055000000001 0.000000152828
16.060000000001 0.000000154167
16.065000000001 0.000000156228
16.070000000001 0.000000159110
16.075000000001 0.000000162914
16.080000000001 0.000000167742
16.085000000001 0.000000173695
16.090000000001 0.000000180877
16.095000000001 0.000000189393
16.100000000001 0.000000199352
16.105000000001 0.000000210866
16.110000000001 0.000000224056
16.115000000001 0.000000239053
16.120000000001 0.000000255998
16.125000000001 0.000000275049
16.130000000001 0.000000296381
16.135000000001 0.000000320190
16.140000000001 0.000000346696
16.145000000001 0.000000376146
16.150000000001 0.000000408817
16.155000000001 0.000000445018
16.160000000001 0.000000485100
16.165000000001 0.000000529450
16.170000000001 0.000000578504
16.175000000001 0.000000632750
16.180000000001 0.000000692729
16.185000000001 0.000000759049
16.190000000001 0.000000832385
16.195000000001 0.000000913489
16.200000000001 0.000001003201
16.205000000001 0.000001102454
16.210000000001 0.000001212289
16.215000000001 0.000001333862
16.220000000001 0.000001468461
16.225000000001 0.000001617521
16.230000000001 0.000001782633
16.235000000001 0.000001965569
16.240000000001 0.000002168297
16.245000000001 0.000002393004
16.250000000001 0.000002642113
16.255000000001 0.000002918315
16.260000000001 0.000003224586
16.265000000001 0.000003564220
16.270000000001 0.000003940849
16.275000000001 0.000004358475
16.280000000001 0.000004821494
16.285000000001 0.000005334711
16.290000000001 0.000005903362
16.295000000001 0.000006533116
16.300000000001 0.000007230063
16.305000000001 0.000008000687
16.310000000001 0.000008851799
16.315000000001 0.000009790435
16.320000000001 0.000010823696
16.325000000001 0.000011958504
16.330000000001 0.000013201277
16.335000000001 0.000014557464
16.340000000001 0.000016030948
16.345000000001 0.000017623268
16.350000000001 0.000019332675
16.355000000001 0.000021153015
16.360000000001 0.000023072503
16.365000000001 0.000025072500
16.370000000001 0.000027126478
16.375000000001 0.000029199464
16.380000000001 0.000031248289
16.385000000001 0.000033222972
16.390000000001 0.000035069409
16.395000000001 0.000036733167
16.400000000001 0.000038163691
16.405000000001 0.000039317789
16.410000000001 0.000040161240
16.415000000001 0.000040668155
16.420000000001 0.000040819089
16.425000000001 0.000040600062
16.430000000001 0.000040004395
16.435000000001 0.000039037366
16.440000000001 0.000037721349
16.445000000001 0.000036098216
16.450000000001 0.000034227018
16.455000000001 0.000032177421
16.460000000001 0.000030021204
16.465000000001 0.000027824519
16.470000000001 0.000025642675
16.475000000001 0.000023517934
16.480000000001 0.000021479779
16.485000000001 0.000019546693
16.490000000001 0.000017728538
16.495000000001 0.000016028918
16.500000000001 0.000014447168
16.505000000001 0.000012979907
16.510000000001 0.000011622170
16.515000000001 0.000010368223
16.520000000001 0.000009212170
16.525000000001 0.000008148473
16.530000000001 0.000007172459
16.535000000001 0.000006280955
16.540000000001 0.000005473183
16.545000000001 0.000004752069
16.550000000001 0.000004126135
16.555000000001 0.000003611711
16.560000000001 0.000003233976
16.565000000001 0.000003022756
16.570000000001 0.000002999308
16.575000000001 0.000003161160
16.580000000001 0.000003481984
16.585000000001 0.000003926788
16.590000000001 0.000004465334
16.595000000001 0.000005076185
16.600000000001 0.000005745269
16.605000000001 0.000006463207
16.610000000001 0.000007223042
16.615000000001 0.000008018567
16.620000000001 0.000008843170
16.625000000001 0.000009689008
16.630000000001 0.000010546478
16.635000000001 0.000011403928
16.640000000001 0.000012247672
16.645000000001 0.000013062310
16.650000000001 0.000013831400
16.655000000001 0.000014538422
16.660000000001 0.000015167945
16.665000000001 0.000015706760
16.670000000001 0.000016144733
16.675000000001 0.000016475129
16.680000000001 0.000016694329
16.685000000001 0.000016801103
16.690000000001 0.000016795829
16.695000000001 0.000016680090
16.700000000001 0.000016456891
16.705000000001 0.000016131366
16.710000000001 0.000015711535
16.715000000001 0.000015208648
16.720000000001 0.000014636821
16.725000000001 0.000014012023
16.730000000001 0.000013350729
16.735000000001 0.000012668598
16.740000000001 0.000011979480
16.745000000001 0.000011294878
16.750000000001 0.000010623819
16.755000000001 0.000009973049
16.760000000001 0.000009347377
16.765000000001 0.000008750076
16.770000000001 0.000008183253
16.775000000001 0.000007648149
16.780000000001 0.000007145367
16.785000000001 0.000006675031
16.790000000001 0.000006236895
16.795000000001 0.000005830412
16.800000000001 0.000005454789
16.805000000001 0.000005109021
16.810000000001 0.000004791918
16.815000000001 0.000004502137
16.820000000001 0.000004238205
16.825000000001 0.000003998550
16.830000000001 0.000003781530
16.835000000001 0.000003585466
16.840000000001 0.000003408673
16.845000000001 0.000003249498
16.850000000001 0.000003106344
16.855000000001 0.000002977713
16.860000000001 0.000002862226
16.865000000001 0.000002758654
16.870000000001 0.000002665945
16.875000000001 0.000002583244
16.880000000001 0.000002509918
16.885000000001 0.000002445575
16.890000000001 0.000002390094
16.895000000001 0.000002343640
16.900000000001 0.000002306697
16.905000000001 0.000002280087
16.910000000001 0.000002264992
16.915000000001 0.000002262960
16.920000000001 0.000002275897
16.925000000001 0.000002306040
16.930000000001 0.000002355899
16.935000000001 0.000002428173
16.940000000001 0.000002525656
16.945000000001 0.000002651137
16.950000000001 0.000002807309
16.955000000001 0.000002996709
16.960000000001 0.000003221676
16.965000000001 0.000003484322
16.970000000001 0.000003786510
16.975000000001 0.000004129796
16.980000000001 0.000004515349
16.985000000001 0.000004943809
16.990000000001 0.000005415096
16.995000000001 0.000005928151
17.000000000001 0.000006480639
17.005000000001 0.000007068607
17.010000000001 0.000007686156
17.015000000001 0.000008325160
17.020000000001 0.000008975127
17.025000000001 0.000009623269
17.030000000001 0.000010254883
17.035000000001 0.000010854075
17.040000000001 0.000011404799
17.045000000001 0.000011892054
17.050000000001 0.000012302958
17.055000000001 0.000012627401
17.060000000001 0.000012858054
17.065000000001 0.000012989862
17.070000000001 0.000013019394
17.075000000001 0.000012944638
17.080000000001 0.000012765526
17.085000000001 0.000012485023
17.090000000001 0.000012110172
17.095000000001 0.000011652423
17.100000000001 0.000011126959
17.105000000001 0.000010551186
17.110000000001 0.000009942898
17.115000000001 0.000009318619
17.120000000001 0.000008692488
17.125000000001 0.000008075753
17.130000000001 0.000007476776
17.135000000001 0.000006901376
17.140000000001 0.000006353321
17.145000000001 0.000005834837
17.150000000001 0.000005347068
17.155000000001 0.000004890448
17.160000000001 0.000004465012
17.165000000001 0.000004070628
17.170000000001 0.000003707215
17.175000000001 0.000003374936
17.180000000001 0.000003074391
17.185000000001 0.000002806829
17.190000000001 0.000002574330
17.195000000001 0.000002379935
17.200000000001 0.000002227585
17.205000000001 0.000002121740
17.210000000001 0.000002066585
17.215000000001 0.000002064984
17.220000000001 0.000002117652
17.225000000001 0.000002223052
17.230000000001 0.000002378092
17.235000000001 0.000002579190
17.240000000001 0.000002823184
17.245000000001 0.000003107839
17.250000000001 0.000003432004
17.255000000001 0.000003795538
17.260000000001 0.000004199149
17.265000000001 0.000004644198
17.270000000001 0.000005132500
17.275000000001 0.000005666135
17.280000000001 0.000006247249
17.285000000001 0.000006877841
17.290000000001 0.000007559525
17.295000000001 0.000008293251
17.300000000001 0.000009078987
17.305000000001 0.000009915349
17.310000000001 0.000010799193
17.315000000001 0.000011725186
17.320000000001 0.000012685389
17.325000000001 0.000013668922
17.330000000001 0.000014661775
17.335000000001 0.000015646874
17.340000000001 0.000016604507
17.345000000001 0.000017513164
17.350000000001 0.000018350803
17.355000000001 0.000019096411
17.360000000001 0.000019731576
17.365000000001 0.000020241715
17.370000000001 0.000020616584
17.375000000001 0.000020849922
17.380000000001 0.000020938495
17.385000000001 0.000020881094
17.390000000001 0.000020678188
17.395000000001 0.000020332546
17.400000000001 0.000019850545
17.405000000001 0.000019243420
17.410000000001 0.000018527666
17.415000000001 0.000017724222
17.420000000001 0.000016856636
17.425000000001 0.000015948795
17.430000000001 0.000015022861
17.435000000001 0.000014097831
17.440000000001 0.000013188883
17.445000000001 0.000012307366
17.450000000001 0.000011461248
17.455000000001 0.000010655739
17.460000000001 0.000009893958
17.465000000001 0.000009177501
17.470000000001 0.000008506895
17.475000000001 0.000007881919
17.480000000001 0.000007301834
17.485000000001 0.000006765523
17.490000000001 0.000006271598
17.495000000001 0.000005818453
17.500000000001 0.000005404318
17.505000000001 0.000005027292
17.510000000001 0.000004685367
17.515000000001 0.000004376467
17.520000000001 0.000004098466
17.525000000001 0.000003849223
17.530000000001 0.000003626612
17.535000000001 0.000003428551
17.540000000001 0.000003253038
17.545000000001 0.000003098183
17.550000000001 0.000002962239
17.555000000001 0.000002843630
17.560000000001 0.000002740983
17.565000000001 0.000002653142
17.570000000001 0.000002579192
17.575000000001 0.000002518469
17.580000000001 0.000002470567
17.585000000001 0.000002435341
17.590000000001 0.000002412901
17.595000000001 0.000002403607
17.600000000001 0.000002408050
17.605000000001 0.000002427032
17.610000000001 0.000002461541
17.615000000001 0.000002512721
17.620000000001 0.000002581840
17.625000000001 0.000002670268
17.630000000001 0.000002779443
17.635000000001 0.000002910864
17.640000000001 0.000003066072
17.645000000001 0.000003246652
17.650000000001 0.000003454227
17.655000000001 0.000003690462
17.660000000001 0.000003957053
17.665000000001 0.000004255710
17.670000000001 0.000004588124
17.675000000001 0.000004955916
17.680000000001 0.000005360546
17.685000000001 0.000005803206
17.690000000001 0.000006284660
17.695000000001 0.000006805044
17.700000000001 0.000007363618
17.705000000001 0.000007958475
17.710000000001 0.000008586203
17.715000000001 0.000009241546
17.720000000001 0.000009917075
17.725000000001 0.000010602952
17.730000000001 0.000011286859
17.735000000001 0.000011954182
17.740000000001 0.000012588538
17.745000000001 0.000013172677
17.750000000001 0.000013689680
17.755000000001 0.000014124257
17.760000000001 0.000014463799
17.765000000001 0.000014698865
17.770000000001 0.000014822948
17.775000000001 0.000014831764
17.780000000001 0.000014722664
17.785000000001 0.000014494800
17.790000000001 0.000014150248
17.795000000001 0.000013695588
17.800000000001 0.000013143004
17.805000000001 0.000012510140
17.810000000001 0.000011818553
17.815000000001 0.000011091273
17.820000000001 0.000010350272
17.825000000001 0.000009614521
17.830000000001 0.000008898963
17.835000000001 0.000008214344
17.840000000001 0.000007567664
17.845000000001 0.000006962921
17.850000000001 0.000006401913
17.855000000001 0.000005884946
17.860000000001 0.000005411383
17.865000000001 0.000004980035
17.870000000001 0.000004589428
17.875000000001 0.000004237968
17.880000000001 0.000003924038
17.885000000001 0.000003646065
17.890000000001 0.000003402547
17.895000000001 0.000003192074
17.900000000001 0.000003013335
17.905000000001 0.000002865113
17.910000000001 0.000002746285
17.915000000001 0.000002655811
17.920000000001 0.000002592726
17.925000000001 0.000002556139
17.930000000001 0.000002545228
17.935000000001 0.000002559255
17.940000000001 0.000002597563
17.945000000001 0.000002659594
17.950000000001 0.000002744884
17.955000000001 0.000002853056
17.960000000001 0.000002983802
17.965000000001 0.000003136841
17.970000000001 0.000003311872
17.975000000001 0.000003508503
17.980000000001 0.000003726163
17.985000000001 0.000003964005
17.990000000001 0.000004220785
17.995000000001 0.000004494741
18.000000000001 0.000004783461
18.005000000001 0.000005083757
18.010000000001 0.000005391572
18.015000000001 0.000005701932
18.020000000001 0.000006008968
18.025000000001 0.000006306056
18.030000000001 0.000006586073
18.035000000001 0.000006841790
18.040000000001 0.000007066357
18.045000000001 0.000007253810
18.050000000001 0.000007399493
18.055000000001 0.000007500266
18.060000000001 0.000007554437
18.065000000001 0.000007561449
18.070000000001 0.000007521476
18.075000000001 0.000007435148
18.080000000001 0.000007303591
18.085000000001 0.000007128769
18.090000000001 0.000006913941
18.095000000001 0.000006663968
18.100000000001 0.000006385251
18.105000000001 0.000006085289
18.110000000001 0.000005771981
18.115000000001 0.000005452897
18.120000000001 0.000005134704
18.125000000001 0.000004822841
18.130000000001 0.000004521452
18.135000000001 0.000004233500
18.140000000001 0.000003960983
18.145000000001 0.000003705174
18.150000000001 0.000003466847
18.155000000001 0.000003246442
18.160000000001 0.000003044197
18.165000000001 0.000002860226
18.170000000001 0.000002694576
18.175000000001 0.000002547251
18.180000000001 0.000002418238
18.185000000001 0.000002307516
18.190000000001 0.000002215060
18.195000000001 0.000002140855
18.200000000001 0.000002084893
18.205000000001 0.000002047189
18.210000000001 0.000002027784
18.215000000001 0.000002026766
18.220000000001 0.000002044279
18.225000000001 0.000002080552
18.230000000001 0.000002135918
18.235000000001 0.000002210839
18.240000000001 0.000002305936
18.245000000001 0.000002422005
18.250000000001 0.000002560044
18.255000000001 0.000002721275
18.260000000001 0.000002907160
18.265000000001 0.000003119424
18.270000000001 0.000003360074
18.275000000001 0.000003631427
18.280000000001 0.000003936130
18.285000000001 0.000004277195
18.290000000001 0.000004658029
18.295000000001 0.000005082472
18.300000000001 0.000005554844
18.305000000001 0.000006079985
18.310000000001 0.000006663318
18.315000000001 0.000007310901
18.320000000001 0.000008029497
18.325000000001 0.000008826644
18.330000000001 0.000009710741
18.335000000001 0.000010691127
18.340000000001 0.000011778181
18.345000000001 0.000012983422
18.350000000001 0.000014319615
18.355000000001 0.000015800886
18.360000000001 0.000017442836
18.365000000001 0.000019262654
18.370000000001 0.000021279229
18.375000000001 0.000023513242
18.380000000001 0.000025987240
18.385000000001 0.000028725672
18.390000000001 0.000031754861
18.395000000001 0.000035102903
18.400000000001 0.000038799436
18.405000000001 0.000042875250
18.410000000001 0.000047361667
18.415000000001 0.000052289628
18.420000000001 0.000057688388
18.425000000001 0.000063583725
18.430000000001 0.000069995553
18.435000000001 0.000076934836
18.440000000001 0.000084399748
18.445000000001 0.000092371078
18.450000000001 0.000100807051
18.455000000001 0.000109637921
18.460000000001 0.000118761030
18.465000000001 0.000128037365
18.470000000001 0.000137290996
18.475000000001 0.000146312875
18.480000000001 0.000154870095
18.485000000001 0.000162720606
18.490000000001 0.000169631414
18.495000000001 0.000175396116
18.500000000001 0.000179846477
18.505000000001 0.000182854282
18.510000000001 0.000184324603
18.515000000001 0.000184187680
18.520000000001 0.000182399192
18.525000000001 0.000178954076
18.530000000001 0.000173909073
18.535000000001 0.000167401181
18.540000000001 0.000159649567
18.545000000001 0.000150936904
18.550000000001 0.000141576157
18.555000000001 0.000131874162
18.560000000001 0.000122102284
18.565000000001 0.000112479409
18.570000000001 0.000103167253
18.575000000001 0.000094274680
18.580000000001 0.000085866839
18.585000000001 0.000077975636
18.590000000001 0.000070609370
18.595000000001 0.000063760564
18.600000000001 0.000057411838
18.605000000001 0.000051540127
18.610000000001 0.000046119663
18.615000000001 0.000041124177
18.620000000001 0.000036528717
18.625000000001 0.000032311443
18.630000000001 0.000028455786
18.635000000001 0.000024953385
18.640000000001 0.000021808367
18.645000000001 0.000019043459
18.650000000001 0.000016707709
18.655000000001 0.000014882650
18.660000000001 0.000013676884
18.665000000001 0.000013193595
18.670000000001 0.000013474108
18.675000000001 0.000014464888
18.680000000001 0.000016046942
18.685000000001 0.000018092755
18.690000000001 0.000020500391
18.695000000001 0.000023198901
18.700000000001 0.000026140877
18.705000000001 0.000029293075
18.710000000001 0.000032628681
18.715000000001 0.000036121550
18.720000000001 0.000039742006
18.725000000001 0.000043453836
18.730000000001 0.000047212329
18.735000000001 0.000050963414
18.740000000001 0.000054644064
18.745000000001 0.000058184141
18.750000000001 0.000061509750
18.755000000001 0.000064547846
18.760000000001 0.000067231498
18.765000000001 0.000069504746
18.770000000001 0.000071325862
18.775000000001 0.000072668073
18.780000000001 0.000073517649
18.785000000001 0.000073870427
18.790000000001 0.000073728657
18.795000000001 0.000073100000
18.800000000001 0.000071999306
18.805000000001 0.000070452111
18.810000000001 0.000068497729
18.815000000001 0.000066189915
18.820000000001 0.000063594296
18.825000000001 0.000060783209
18.830000000001 0.000057829502
18.835000000001 0.000054800948
18.840000000001 0.000051756360
18.845000000001 0.000048743736
18.850000000001 0.000045800183
18.855000000001 0.000042953016
18.860000000001 0.000040221427
18.865000000001 0.000037618252
18.870000000001 0.000035151538
18.875000000001 0.000032825795
18.880000000001 0.000030642922
18.885000000001 0.000028602848
18.890000000001 0.000026703976
18.895000000001 0.000024943472
18.900000000001 0.000023317470
18.905000000001 0.000021821227
18.910000000001 0.000020449247
18.915000000001 0.000019195397
18.920000000001 0.000018053016
18.925000000001 0.000017015040
18.930000000001 0.000016074110
18.935000000001 0.000015222705
18.940000000001 0.000014453256
18.945000000001 0.000013758275
18.950000000001 0.000013130458
18.955000000001 0.000012562795
18.960000000001 0.000012048650
18.965000000001 0.000011581833
18.970000000001 0.000011156649
18.975000000001 0.000010767930
18.980000000001 0.000010411052
18.985000000001 0.000010081938
18.990000000001 0.000009777052
18.995000000001 0.000009493392
19.000000000001 0.000009228480
19.005000000001 0.000008980360
19.010000000001 0.000008747606
19.015000000001 0.000008529352
19.020000000001 0.000008325329
19.025000000000 0.000008135949
19.030000000000 0.000007962400
19.035000000000 0.000007806789
19.040000000000 0.000007672304
19.045000000000 0.000007563406
19.050000000000 0.000007486012
19.055000000000 0.000007447645
19.060000000000 0.000007457472
19.065000000000 0.000007526182
19.070000000000 0.000007665612
19.075000000000 0.000007888104
19.080000000000 0.000008205635
19.085000000000 0.000008628831
19.090000000000 0.000009166033
19.095000000000 0.000009822537
19.100000000000 0.000010600037
19.105000000000 0.000011496220
19.110000000000 0.000012504395
19.115000000000 0.000013613124
19.120000000000 0.000014805851
19.125000000000 0.000016060671
19.130000000000 0.000017350439
19.135000000000 0.000018643426
19.140000000000 0.000019904705
19.145000000000 0.000021098261
19.150000000000 0.000022189548
19.155000000000 0.000023147953
19.160000000000 0.000023948467
19.165000000000 0.000024572044
19.170000000000 0.000025004722
19.175000000000 0.000025236279
19.180000000000 0.000025259578
19.185000000000 0.000025071381
19.190000000000 0.000024674393
19.195000000000 0.000024079408
19.200000000000 0.000023306217
19.205000000000 0.000022382579
19.210000000000 0.000021341524
19.215000000000 0.000020217869
19.220000000000 0.000019044980
19.225000000000 0.000017852448
19.230000000000 0.000016664921
19.235000000000 0.000015501941
19.240000000000 0.000014378482
19.245000000000 0.000013305878
19.250000000000 0.000012292886
19.255000000000 0.000011346741
19.260000000000 0.000010474140
19.265000000000 0.000009682128
19.270000000000 0.000008978848
19.275000000000 0.000008374088
19.280000000000 0.000007879453
19.285000000000 0.000007507928
19.290000000000 0.000007272625
19.295000000000 0.000007184781
19.300000000000 0.000007251623
19.305000000000 0.000007475066
19.310000000000 0.000007852009
19.315000000000 0.000008376071
19.320000000000 0.000009039893
19.325000000000 0.000009837115
19.330000000000 0.000010763583
19.335000000000 0.000011817833
19.340000000000 0.000013001093
19.345000000000 0.000014317021
19.350000000000 0.000015771341
19.355000000000 0.000017371444
19.360000000000 0.000019125985
19.365000000000 0.000021044456
19.370000000000 0.000023136725
19.375000000000 0.000025412508
19.380000000000 0.000027880731
19.385000000000 0.000030548765
19.390000000000 0.000033421492
19.395000000000 0.000036500178
19.400000000000 0.000039781147
19.405000000000 0.000043254283
19.410000000000 0.000046901399
19.415000000000 0.000050694608
19.420000000000 0.000054594881
19.425000000000 0.000058551080
19.430000000000 0.000062499818
19.435000000000 0.000066366543
19.440000000000 0.000070068194
19.445000000000 0.000073517542
19.450000000000 0.000076628946
19.455000000000 0.000079324724
19.460000000000 0.000081540784
19.465000000000 0.000083230019
19.470000000000 0.000084362401
19.475000000000 0.000084921986
19.480000000000 0.000084902557
19.485000000000 0.000084304585
19.490000000000 0.000083135669
19.495000000000 0.000081414577
19.500000000000 0.000079176694
19.505000000000 0.000076477625
19.510000000000 0.000073392484
19.515000000000 0.000070010534
19.520000000000 0.000066426828
19.525000000000 0.000062733393
19.530000000000 0.000059012197
19.535000000000 0.000055331007
19.540000000000 0.000051742187
19.545000000000 0.000048283696
19.550000000000 0.000044981344
19.555000000000 0.000041851438
19.560000000000 0.000038903277
19.565000000000 0.000036141186
19.570000000000 0.000033566043
19.575000000000 0.000031176350
19.580000000000 0.000028968941
19.585000000000 0.000026939450
19.590000000000 0.000025082621
19.595000000000 0.000023392522
19.600000000000 0.000021862719
19.605000000000 0.000020486424
19.610000000000 0.000019256646
19.615000000000 0.000018166351
19.620000000000 0.000017208627
19.625000000000 0.000016376869
19.630000000000 0.000015664968
19.635000000000 0.000015067508
19.640000000000 0.000014579958
19.645000000000 0.000014198845
19.650000000000 0.000013921900
19.655000000000 0.000013748164
19.660000000000 0.000013678052
19.665000000000 0.000013713356
19.670000000000 0.000013857211
19.675000000000 0.000014114018
19.680000000000 0.000014489347
19.685000000000 0.000014989851
19.690000000000 0.000015623195
19.695000000000 0.000016398026
19.700000000000 0.000017324004
19.705000000000 0.000018411876
19.710000000000 0.000019673607
19.715000000000 0.000021122548
19.720000000000 0.000022773635
19.725000000000 0.000024643603
19.730000000000 0.000026751216
19.735000000000 0.000029117498
19.740000000000 0.000031765967
19.745000000000 0.000034722864
19.750000000000 0.000038017372
19.755000000000 0.000041681827
19.760000000000 0.000045751896
19.765000000000 0.000050266723
19.770000000000 0.000055269009
19.775000000000 0.000060805008
19.780000000000 0.000066924386
19.785000000000 0.000073679894
19.790000000000 0.000081126791
19.795000000000 0.000089321900
19.800000000000 0.000098322204
19.805000000000 0.000108182828
19.810000000000 0.000118954228
19.815000000000 0.000130678415
19.820000000000 0.000143384021
19.825000000000 0.000157080042
19.830000000000 0.000171748216
19.835000000000 0.000187334135
19.840000000000 0.000203737522
19.845000000000 0.000220802551
19.850000000000 0.000238309680
19.855000000000 0.000255971113
19.860000000000 0.000273432510
19.865000000000 0.000290283514
19.870000000000 0.000306078566
19.875000000000 0.000320366969
19.880000000000 0.000332727367
19.885000000000 0.000342798089
19.890000000000 0.000350293860
19.895000000000 0.000355003822
19.900000000000 0.000356775894
19.905000000000 0.000355502762
19.910000000000 0.000351126740
19.915000000000 0.000343669390
19.920000000000 0.000333273245
19.925000000000 0.000320230990
19.930000000000 0.000304981610
19.935000000000 0.000288069839
19.940000000000 0.000270082504
19.945000000000 0.000251582862
19.950000000000 0.000233060347
19.955000000000 0.000214903581
19.960000000000 0.000197395280
19.965000000000 0.000180722451
19.970000000000 0.000164994239
19.975000000000 0.000150261344
19.980000000000 0.000136533362
19.985000000000 0.000123792568
19.990000000000 0.000112004017
19.995000000000 0.000101122555
20.000000000000 0.000091097530
20.005000000000 0.000081875943
20.010000000000 0.000073404637
20.015000000000 0.000065631975
20.020000000000 0.000058509348
20.025000000000 0.000051992824
20.030000000000 0.000046045234
20.035000000000 0.000040639081
20.040000000000 0.000035760778
20.045000000000 0.000031416799
20.050000000000 0.000027642054
20.055000000000 0.000024509261
20.060000000000 0.000022133428
20.065000000000 0.000020657321
20.070000000000 0.000020202816
20.075000000000 0.000020803393
20.080000000000 0.000022376526
20.085000000000 0.000024766289
20.090000000000 0.000027808973
20.095000000000 0.000031370552
20.100000000000 0.000035352361
20.105000000000 0.000039682131
20.110000000000 0.000044302378
20.115000000000 0.000049160506
20.120000000000 0.000054201373
20.125000000000 0.000059362131
20.130000000000 0.000064569139
20.135000000000 0.000069736970
20.140000000000 0.000074769645
20.145000000000 0.000079564175
20.150000000000 0.000084016203
20.155000000000 0.000088027034
20.160000000000 0.000091510743
20.165000000000 0.000094399670
20.170000000000 0.000096646762
20.175000000000 0.000098224148
20.180000000000 0.000099118910
20.185000000000 0.000099328427
20.190000000000 0.000098858018
20.195000000000 0.000097722341
20.200000000000 0.000095949781
20.205000000000 0.000093587149
20.210000000000 0.000090701699
20.215000000000 0.000087378827
20.220000000000 0.000083715797
20.225000000000 0.000079813397
20.230000000000 0.000075767831
20.235000000000 0.000071664594
20.240000000000 0.000067575073
20.245000000000 0.000063555707
20.250000000000 0.000059649016
20.255000000000 0.000055885650
20.260000000000 0.000052286762
20.265000000000 0.000048866246
20.270000000000 0.000045632600
20.275000000000 0.000042590369
20.280000000000 0.000039741199
20.285000000000 0.000037084592
20.290000000000 0.000034618440
20.295000000000 0.000032339423
20.300000000000 0.000030243319
20.305000000000 0.000028325266
20.310000000000 0.000026580002
20.315000000000 0.000025002092
20.320000000000 0.000023586153
20.325000000000 0.000022327077
20.330000000000 0.000021220241
20.335000000000 0.000020261710
20.340000000000 0.000019448416
20.345000000000 0.000018778298
20.350000000000 0.000018250404
20.355000000000 0.000017864931
20.360000000000 0.000017623209
20.365000000000 0.000017527629
20.370000000000 0.000017581537
20.375000000000 0.000017789104
20.380000000000 0.000018155223
20.385000000000 0.000018685445
20.390000000000 0.000019385982
20.395000000000 0.000020263787
20.400000000000 0.000021326691
20.405000000000 0.000022583590
20.410000000000 0.000024044658
20.415000000000 0.000025721554
20.420000000000 0.000027627619
20.425000000000 0.000029778052
20.430000000000 0.000032190035
20.435000000000 0.000034882834
20.440000000000 0.000037877832
20.445000000000 0.000041198517
20.450000000000 0.000044870375
20.455000000000 0.000048920692
20.460000000000 0.000053378210
20.465000000000 0.000058272604
20.470000000000 0.000063633724
20.475000000000 0.000069490523
20.480000000000 0.000075869601
20.485000000000 0.000082793264
20.490000000000 0.000090277010
20.495000000000 0.000098326359
20.500000000000 0.000106932983
20.505000000000 0.000116070165
20.510000000000 0.000125687750
20.515000000000 0.000135706934
20.520000000000 0.000146015534
20.525000000000 0.000156464664
20.530000000000 0.000166868086
20.535000000000 0.000177005605
20.540000000000 0.000186631667
20.545000000000 0.000195489455
20.550000000000 0.000203329173
20.555000000000 0.000209927163
20.560000000000 0.000215100865
20.565000000000 0.000218714833
20.570000000000 0.000220676264
20.575000000000 0.000220924152
20.580000000000 0.000219421105
20.585000000000 0.000216156672
20.590000000000 0.000211164107
20.595000000000 0.000204542741
20.600000000000 0.000196472637
20.605000000000 0.000187211147
20.610000000000 0.000177070034
20.615000000000 0.000166380710
20.620000000000 0.000155458811
20.625000000000 0.000144577338
20.630000000000 0.000133952472
20.635000000000 0.000123741323
20.640000000000 0.000114048009
20.645000000000 0.000104933869
20.650000000000 0.000096428449
20.655000000000 0.000088539225
20.660000000000 0.000081259247
20.665000000000 0.000074572648
20.670000000000 0.000068458378
20.675000000000 0.000062892614
20.680000000000 0.000057850269
20.685000000000 0.000053305939
20.690000000000 0.000049234488
20.695000000000 0.000045611427
20.700000000000 0.000042413165
20.705000000000 0.000039617186
20.710000000000 0.000037202159
20.715000000000 0.000035148015
20.720000000000 0.000033435983
20.725000000000 0.000032048612
20.730000000000 0.000030969765
20.735000000000 0.000030184619
20.740000000000 0.000029679641
20.745000000000 0.000029442568
20.750000000000 0.000029462359
20.755000000000 0.000029729100
20.760000000000 0.000030233863
20.765000000000 0.000030968461
20.770000000000 0.000031925122
20.775000000000 0.000033096026
20.780000000000 0.000034472738
20.785000000000 0.000036045493
20.790000000000 0.000037802371
20.795000000000 0.000039728355
20.800000000000 0.000041804322
20.805000000000 0.000044006008
20.810000000000 0.000046303074
20.815000000000 0.000048658388
20.820000000000 0.000051027741
20.825000000000 0.000053360207
20.830000000000 0.000055599398
20.835000000000 0.000057685743
20.840000000000 0.000059559814
20.845000000000 0.000061166366
20.850000000000 0.000062458465
20.855000000000 0.000063400731
20.860000000000 0.000063970742
20.865000000000 0.000064158035
20.870000000000 0.000063961112
20.875000000000 0.000063383892
20.880000000000 0.000062433587
20.885000000000 0.000061121412
20.890000000000 0.000059465958
20.895000000000 0.000057497403
20.900000000000 0.000055260034
20.905000000000 0.000052811341
20.910000000000 0.000050217604
20.915000000000 0.000047547398
20.920000000000 0.000044865070
20.925000000000 0.000042225873
20.930000000000 0.000039673555
20.935000000000 0.000037240241
20.940000000000 0.000034947941
20.945000000000 0.000032810818
20.950000000000 0.000030837527
20.955000000000 0.000029033213
20.960000000000 0.000027400989
20.965000000000 0.000025942916
20.970000000000 0.000024660581
20.975000000000 0.000023555386
20.980000000000 0.000022628657
20.985000000000 0.000021881658
20.990000000000 0.000021315575
20.995000000000 0.000020931508
21.000000000000 0.000020730508
21.005000000000 0.000020713687
21.010000000000 0.000020882400
21.015000000000 0.000021238500
21.020000000000 0.000021784634
21.025000000000 0.000022524576
21.030000000000 0.000023463536
21.035000000000 0.000024608460
21.040000000000 0.000025968284
21.045000000000 0.000027554162
21.050000000000 0.000029379667
21.055000000000 0.000031460981
21.060000000000 0.000033817088
21.065000000000 0.000036469982
21.070000000000 0.000039444904
21.075000000000 0.000042770611
21.080000000000 0.000046479688
21.085000000000 0.000050608907
21.090000000000 0.000055199637
21.095000000000 0.000060298316
21.100000000000 0.000065956981
21.105000000000 0.000072233871
21.110000000000 0.000079194103
21.115000000000 0.000086910432
21.120000000000 0.000095464109
21.125000000000 0.000104945837
21.130000000000 0.000115456843
21.135000000000 0.000127110082
21.140000000000 0.000140031583
21.145000000000 0.000154361951
21.150000000000 0.000170258057
21.155000000000 0.000187894922
21.160000000000 0.000207467830
21.165000000000 0.000229194685
21.170000000000 0.000253318662
21.175000000000 0.000280111160
21.180000000000 0.000309875116
21.185000000000 0.000342948713
21.190000000000 0.000379709528
21.195000000000 0.000420579177
21.200000000000 0.000466028518
21.205000000000 0.000516583469
21.210000000000 0.000572831533
21.215000000000 0.000635429100
21.220000000000 0.000705109617
21.225000000000 0.000782692752
21.230000000000 0.000869094652
21.235000000000 0.000965339428
21.240000000000 0.001072572035
21.245000000000 0.001192072685
21.250000000000 0.001325273013
21.255000000000 0.001473774175
21.260000000000 0.001639367144
21.265000000000 0.001824055438
21.270000000000 0.002030080609
21.275000000000 0.002259950798
21.280000000000 0.002516472748
21.285000000000 0.002802787685
21.290000000000 0.003122411543
21.295000000000 0.003479280052
21.300000000000 0.003877799293
21.305000000000 0.004322902362
21.310000000000 0.004820112911
21.315000000000 0.005375616376
21.320000000000 0.005996339829
21.325000000000 0.006690041511
21.330000000000 0.007465411183
21.335000000000 0.008332182628
21.340000000000 0.009301259735
21.345000000000 0.010384857803
21.350000000000 0.011596661848
21.355000000000 0.012952003941
21.360000000000 0.014468061768
21.365000000000 0.016164080869
21.370000000000 0.018061623236
21.375000000000 0.020184845189
21.380000000000 0.022560807689
21.385000000000 0.025219822472
21.390000000000 0.028195837555
21.395000000000 0.031526865765
21.400000000000 0.035255459939
21.405000000000 0.039429238215
21.410000000000 0.044101462351
21.415000000000 0.049331671107
21.420000000000 0.055186369157
21.425000000000 0.061739769604
21.430000000000 0.069074584470
21.435000000000 0.077282852065
21.440000000000 0.086466782137
21.445000000000 0.096739588294
21.450000000000 0.108226260981
21.455000000000 0.121064211638
21.460000000000 0.135403687493
21.465000000000 0.151407813914
21.470000000000 0.169252064489
21.475000000000 0.189122884646
21.480000000000 0.211215099993
21.485000000000 0.235727624809
21.490000000000 0.262856852777
21.495000000000 0.292786973353
21.500000000000 0.325676340831
21.505000000000 0.361638982102
21.510000000000 0.400720453697
21.515000000000 0.442867687302
21.520000000000 0.487893381980
21.525000000000 0.535437113494
21.530000000000 0.584927757930
21.535000000000 0.635554904795
21.540000000000 0.686259892671
21.545000000000 0.735758222991
21.550000000000 0.782601752407
21.555000000000 0.825278731520
21.560000000000 0.862332869380
21.565000000000 0.892466272533
21.570000000000 0.914589885580
21.575000000000 0.927812163063
21.580000000000 0.931405409080
21.585000000000 0.924822496747
21.590000000000 0.907811864777
21.595000000000 0.880598515715
21.600000000000 0.844026678939
21.605000000000 0.799562074986
21.610000000000 0.749127779445
21.615000000000 0.694834574994
21.620000000000 0.638704897474
21.625000000000 0.582469345314
21.630000000000 0.527466358272
21.635000000000 0.474633266173
21.640000000000 0.424556425623
21.645000000000 0.377547549206
21.650000000000 0.333723004576
21.655000000000 0.293074359084
21.660000000000 0.255527524356
21.665000000000 0.220993851920
21.670000000000 0.189420704180
21.675000000000 0.160853243188
21.680000000000 0.135524519918
21.685000000000 0.113992312971
21.690000000000 0.097305313665
21.695000000000 0.087008390358
21.700000000000 0.084511615546
21.705000000000 0.089873622426
21.710000000000 0.101556287715
21.715000000000 0.117584443072
21.720000000000 0.136445986001
21.725000000000 0.157193632288
21.730000000000 0.179256764560
21.735000000000 0.202266255457
21.740000000000 0.225941849723
21.745000000000 0.250025521502
21.750000000000 0.274242923106
21.755000000000 0.298282713625
21.760000000000 0.321789103653
21.765000000000 0.344365826193
21.770000000000 0.365590627762
21.775000000000 0.385038745674
21.780000000000 0.402312104148
21.785000000000 0.417068794308
21.790000000000 0.429045934253
21.795000000000 0.438069645237
21.800000000000 0.444049571865
21.805000000000 0.446961504893
21.810000000000 0.446827491040
21.815000000000 0.443704518430
21.820000000000 0.437688290216
21.825000000000 0.428929648632
21.830000000000 0.417653248782
21.835000000000 0.404166108801
21.840000000000 0.388848568585
21.845000000000 0.372128451837
21.850000000000 0.354445955504
21.855000000000 0.336219056039
21.860000000000 0.317817176127
21.865000000000 0.299546639930
21.870000000000 0.281647400506
21.875000000000 0.264298027626
21.880000000000 0.247625219427
21.885000000000 0.231714635134
21.890000000000 0.216620930360
21.895000000000 0.202375960328
21.900000000000 0.188994918659
21.905000000000 0.176480642055
21.910000000000 0.164826499003
21.915000000000 0.154018295198
21.920000000000 0.144035558876
21.925000000000 0.134852475381
21.930000000000 0.126438653766
21.935000000000 0.118759840812
21.940000000000 0.111778650308
21.945000000000 0.105455343537
21.950000000000 0.099748675594
21.955000000000 0.094616807339
21.960000000000 0.090018271990
21.965000000000 0.085912977761
21.970000000000 0.082263223573
21.975000000000 0.079034704075
21.980000000000 0.076197482643
21.985000000000 0.073726915725
21.990000000000 0.071604516717
21.995000000000 0.069818749991
22.000000000000 0.068365743298
22.005000000000 0.067249897865
22.010000000000 0.066484360491
22.015000000000 0.066091303808
22.020000000000 0.066101946515
22.025000000000 0.066556244974
22.030000000000 0.067502212316
22.035000000000 0.068994877746
22.040000000000 0.071094981559
22.045000000000 0.073867588176
22.050000000000 0.077380855395
22.055000000000 0.081705191351
22.060000000000 0.086912952985
22.065000000000 0.093078714142
22.070000000000 0.100280001689
22.075000000000 0.108598304242
22.080000000000 0.118120117210
22.085000000000 0.128937791231
22.090000000000 0.141149975452
22.095000000000 0.154861469207
22.100000000000 0.170182300605
22.105000000000 0.187225833266
22.110000000000 0.206105665600
22.115000000000 0.226931038577
22.120000000000 0.249800420101
22.125000000000 0.274792904933
22.130000000000 0.301957085180
22.135000000000 0.331297145877
22.140000000000 0.362756175562
22.145000000000 0.396197116608
22.150000000000 0.431382477672
22.155000000000 0.467954923074
22.160000000000 0.505422085333
22.165000000000 0.543150187579
22.170000000000 0.580371812275
22.175000000000 0.616212605320
22.180000000000 0.649738904677
22.185000000000 0.680022655498
22.190000000000 0.706212284332
22.195000000000 0.727591546511
22.200000000000 0.743608003894
22.205000000000 0.753863375007
22.210000000000 0.758078174871
22.215000000000 0.756061780441
22.220000000000 0.747720356713
22.225000000000 0.733112062998
22.230000000000 0.712524520397
22.235000000000 0.686528800685
22.240000000000 0.655972802163
22.245000000000 0.621907482285
22.250000000000 0.585470182543
22.255000000000 0.547762830877
22.260000000000 0.509756716059
22.265000000000 0.472238818114
22.270000000000 0.435798294041
22.275000000000 0.400841965315
22.280000000000 0.367625239306
22.285000000000 0.336287302442
22.290000000000 0.306883597156
22.295000000000 0.279412441570
22.300000000000 0.253835294083
22.305000000000 0.230091575442
22.310000000000 0.208109484130
22.315000000000 0.187814271930
22.320000000000 0.169135285102
22.325000000000 0.152012898099
22.330000000000 0.136406337324
22.335000000000 0.122303272395
22.340000000000 0.109731746256
22.345000000000 0.098774035351
22.350000000000 0.089579436063
22.355000000000 0.082367693714
22.360000000000 0.077407992860
22.365000000000 0.074958954935
22.370000000000 0.075178725794
22.375000000000 0.078055218301
22.380000000000 0.083411410186
22.385000000000 0.090980534565
22.390000000000 0.100492636005
22.395000000000 0.111727453962
22.400000000000 0.124529321446
22.405000000000 0.138799488973
22.410000000000 0.154479904049
22.415000000000 0.171535668305
22.420000000000 0.189938598763
22.425000000000 0.209652146431
22.430000000000 0.230617292166
22.435000000000 0.252739113852
22.440000000000 0.275874099473
22.445000000000 0.299818809506
22.450000000000 0.324301093485
22.455000000000 0.348975650607
22.460000000000 0.373426132901
22.465000000000 0.397175965332
22.470000000000 0.419709274090
22.475000000000 0.440501495093
22.480000000000 0.459056391835
22.485000000000 0.474942965858
22.490000000000 0.487823521530
22.495000000000 0.497464886934
22.500000000000 0.503729831593
22.505000000000 0.506554141495
22.510000000000 0.505922574142
22.515000000000 0.501858524275
22.520000000000 0.494434912772
22.525000000000 0.483800937737
22.530000000000 0.470208965566
22.535000000000 0.454024698132
22.540000000000 0.435712003300
22.545000000000 0.415795580875
22.550000000000 0.394813087822
22.555000000000 0.373270132442
22.560000000000 0.351607732261
22.565000000000 0.330185779406
22.570000000000 0.309280874185
22.575000000000 0.289094080124
22.580000000000 0.269763676944
22.585000000000 0.251378978215
22.590000000000 0.233992781476
22.595000000000 0.217631377152
22.600000000000 0.202301977828
22.605000000000 0.187997927752
22.610000000000 0.174702225980
22.615000000000 0.162389880238
22.620000000000 0.151029509061
22.625000000000 0.140584493236
22.630000000000 0.131013876336
22.635000000000 0.122273138411
22.640000000000 0.114314915487
22.645000000000 0.107089704580
22.650000000000 0.100546573065
22.655000000000 0.094633877399
22.660000000000 0.089299986000
22.665000000000 0.084493993132
22.670000000000 0.080166404788
22.675000000000 0.076269774277
22.680000000000 0.072759265253
22.685000000000 0.069593123409
22.690000000000 0.066733044474
22.695000000000 0.064144434470
22.700000000000 0.061796566922
22.705000000000 0.059662649550
22.710000000000 0.057719818892
22.715000000000 0.055949084809
22.720000000000 0.054335247958
22.725000000000 0.052866812237
22.730000000000 0.051535911508
22.735000000000 0.050338265793
22.740000000000 0.049273176977
22.745000000000 0.048343567757
22.750000000000 0.047556060171
22.755000000000 0.046921081423
22.760000000000 0.046452975201
22.765000000000 0.046170087232
22.770000000000 0.046094786482
22.775000000000 0.046253381320
22.780000000000 0.046675897071
22.785000000000 0.047395700880
22.790000000000 0.048448991708
22.795000000000 0.049874212391
22.800000000000 0.051711475795
22.805000000000 0.054002114364
22.810000000000 0.056788451760
22.815000000000 0.060113856577
22.820000000000 0.064023082730
22.825000000000 0.068562846399
22.830000000000 0.073782550412
22.835000000000 0.079735049640
22.840000000000 0.086477351834
22.845000000000 0.094071157947
22.850000000000 0.102583154662
22.855000000000 0.112084972378
22.860000000000 0.122652710655
22.865000000000 0.134365909641
22.870000000000 0.147305811336
22.875000000000 0.161552711825
22.880000000000 0.177182159485
22.885000000000 0.194259713161
22.890000000000 0.212833952629
22.895000000000 0.232927454262
22.900000000000 0.254525543169
22.905000000000 0.277562857893
22.910000000000 0.301908174836
22.915000000000 0.327348592797
22.920000000000 0.353575091446
22.925000000000 0.380172567917
22.930000000000 0.406618445962
22.935000000000 0.432294282473
22.940000000000 0.456513632074
22.945000000000 0.478565941195
22.950000000000 0.497770329070
22.955000000000 0.513526493164
22.960000000000 0.525346827267
22.965000000000 0.532859345983
22.970000000000 0.535786708482
22.975000000000 0.533925079324
22.980000000000 0.527152503383
22.985000000000 0.515479224601
22.990000000000 0.499120096135
22.995000000000 0.478546423418
23.000000000000 0.454480291745
23.005000000000 0.427824125900
23.010000000000 0.399549582518
23.015000000000 0.370583634834
23.020000000000 0.341722831871
23.025000000000 0.313589061838
23.030000000000 0.286623584070
23.035000000000 0.261107021490
23.040000000000 0.237191602835
23.045000000000 0.214935131362
23.050000000000 0.194330643324
23.055000000000 0.175329477954
23.060000000000 0.157857831327
23.065000000000 0.141827953981
23.070000000000 0.127145412391
23.075000000000 0.113713679639
23.080000000000 0.101437028414
23.085000000000 0.090222416372
23.090000000000 0.079980838614
23.095000000000 0.070628487804
23.100000000000 0.062088007517
23.105000000000 0.054290150821
23.110000000000 0.047176284175
23.115000000000 0.040702457588
23.120000000000 0.034846285071
23.125000000000 0.029618705406
23.130000000000 0.025083386331
23.135000000000 0.021384071284
23.140000000000 0.018763475118
23.145000000000 0.017513101015
23.150000000000 0.017791894012
23.155000000000 0.019459526391
23.160000000000 0.022167761790
23.165000000000 0.025570625694
23.170000000000 0.029416308894
23.175000000000 0.033536522741
23.180000000000 0.037813191876
23.185000000000 0.042152896158
23.190000000000 0.046471848183
23.195000000000 0.050688564164
23.200000000000 0.054721727068
23.205000000000 0.058491564135
23.210000000000 0.061923409023
23.215000000000 0.064952094035
23.220000000000 0.067525725042
23.225000000000 0.069607559947
23.230000000000 0.071175363932
23.235000000000 0.072218688177
23.240000000000 0.072735566822
23.245000000000 0.072730498173
23.250000000000 0.072214882772
23.255000000000 0.071209626739
23.260000000000 0.069748269256
23.265000000000 0.067878601248
23.270000000000 0.065661481680
23.275000000000 0.063166874818
23.280000000000 0.060468238162
23.285000000000 0.057636803658
23.290000000000 0.054737020887
23.295000000000 0.051823795611
23.300000000000 0.048941524281
23.305000000000 0.046124514709
23.310000000000 0.043398239486
23.315000000000 0.040780922402
23.320000000000 0.038285106157
23.325000000000 0.035919008864
23.330000000000 0.033687601793
23.335000000000 0.031593418725
23.340000000000 0.029637144654
23.345000000000 0.027818041284
23.350000000000 0.026134261649
23.355000000000 0.024583095060
23.360000000000 0.023161171785
23.365000000000 0.021864646796
23.370000000000 0.020689374193
23.375000000000 0.019631078333
23.380000000000 0.018685523726
23.385000000000 0.017848682882
23.390000000000 0.017116899073
23.395000000000 0.016487039314
23.400000000000 0.015956631554
23.405000000000 0.015523979360
23.410000000000 0.015188247388
23.415000000000 0.014949511972
23.420000000000 0.014808773458
23.425000000000 0.014767930459
23.430000000000 0.014829720859
23.435000000000 0.014997639222
23.440000000000 0.015275844248
23.445000000000 0.015669071722
23.450000000000 0.016182567141
23.455000000000 0.016822047835
23.460000000000 0.017593697825
23.465000000000 0.018504191513
23.470000000000 0.019560736091
23.475000000000 0.020771118324
23.480000000000 0.022143739144
23.485000000000 0.023687618815
23.490000000000 0.025412355158
23.495000000000 0.027328016811
23.500000000000 0.029444951947
23.505000000000 0.031773490303
23.510000000000 0.034323512819
23.515000000000 0.037103859430
23.520000000000 0.040121542596
23.525000000000 0.043380733771
23.530000000000 0.046881494824
23.535000000000 0.050618240085
23.540000000000 0.054577942087
23.545000000000 0.058738140930
23.550000000000 0.063064888746
23.555000000000 0.067510859128
23.560000000000 0.072013970402
23.565000000000 0.076496989297
23.570000000000 0.080868651646
23.575000000000 0.085026784947
23.580000000000 0.088863653132
23.585000000000 0.092273202105
23.590000000000 0.095159110325
23.595000000000 0.097441795093
23.600000000000 0.099062282407
23.605000000000 0.099981654921
23.610000000000 0.100176764320
23.615000000000 0.099635219216
23.620000000000 0.098353696418
23.625000000000 0.096342043439
23.630000000000 0.093631912639
23.635000000000 0.090285218316
23.640000000000 0.086397071647
23.645000000000 0.082090476514
23.650000000000 0.077504056745
23.655000000000 0.072776920770
23.660000000000 0.068035196184
23.665000000000 0.063383220350
23.670000000000 0.058900160144
23.675000000000 0.054641097275
23.680000000000 0.050640830887
23.685000000000 0.046918696949
23.690000000000 0.043483198782
23.695000000000 0.040335822127
23.700000000000 0.037473860826
23.705000000000 0.034892344645
23.710000000000 0.032585268052
23.715000000000 0.030546326620
23.720000000000 0.028769329818
23.725000000000 0.027248410581
23.730000000000 0.025978111660
23.735000000000 0.024953402344
23.740000000000 0.024169665768
23.745000000000 0.023622691699
23.750000000000 0.023308705884
23.755000000000 0.023224459229
23.760000000000 0.023367385887
23.765000000000 0.023735821095
23.770000000000 0.024329252903
23.775000000000 0.025148572540
23.780000000000 0.026196288546
23.785000000000 0.027476677912
23.790000000000 0.028995858766
23.795000000000 0.030761778649
23.800000000000 0.032784117347
23.805000000000 0.035074102991
23.810000000000 0.037644235568
23.815000000000 0.040507904794
23.820000000000 0.043678880903
23.825000000000 0.047170648541
23.830000000000 0.050995546711
23.835000000000 0.055163672838
23.840000000000 0.059681508377
23.845000000000 0.064550229637
23.850000000000 0.069763684770
23.855000000000 0.075306051342
23.860000000000 0.081149244877
23.865000000000 0.087250232901
23.870000000000 0.093548523873
23.875000000000 0.099964239901
23.880000000000 0.106397324344
23.885000000000 0.112728533756
23.890000000000 0.118822841781
23.895000000000 0.124535642610
23.900000000000 0.129721598782
23.905000000000 0.134245135082
23.910000000000 0.137990627332
23.915000000000 0.140869715677
23.920000000000 0.142823490796
23.925000000000 0.143818960286
23.930000000000 0.143841855660
23.935000000000 0.142890123295
23.940000000000 0.140972574620
23.945000000000 0.138114399388
23.950000000000 0.134366935701
23.955000000000 0.129816049613
23.960000000000 0.124583770085
23.965000000000 0.118821124884
23.970000000000 0.112694167938
23.975000000000 0.106367674993
23.980000000000 0.099991044222
23.985000000000 0.093689220389
23.990000000000 0.087559253596
23.995000000000 0.081671438050
24.000000000000 0.076073246091
24.005000000000 0.070794338084
24.010000000000 0.065851420477
24.015000000000 0.061252299438
24.020000000000 0.056998934219
24.025000000000 0.053089570523
24.030000000000 0.049520153316
24.035000000000 0.046285235133
24.040000000000 0.043378561729
24.045000000000 0.040793467262
24.049999999999 0.038523165108
24.054999999999 0.036560985279
24.059999999999 0.034900586005
24.064999999999 0.033536153292
24.069999999999 0.032462595251
24.074999999999 0.031675735164
24.079999999999 0.031172506243
24.084999999999 0.030951150567
24.089999999999 0.031011423783
24.094999999999 0.031354805838
24.099999999999 0.031984716552
24.104999999999 0.032906734025
24.109999999999 0.034128813909
24.114999999999 0.035661508659
24.119999999999 0.037518187464
24.124999999999 0.039715259157
24.129999999999 0.042272401450
24.134999999999 0.045212800138
24.139999999999 0.048563401350
24.144999999999 0.052355178719
24.149999999999 0.056623415505
24.154999999999 0.061407999393
24.159999999999 0.066753724790
24.164999999999 0.072710593772
24.169999999999 0.079334102167
24.174999999999 0.086685491173
24.179999999999 0.094831936930
24.184999999999 0.103846640033
24.189999999999 0.113808763445
24.194999999999 0.124803149895
24.199999999999 0.136919727892
24.204999999999 0.150252488452
24.209999999999 0.164897882149
24.214999999999 0.180952448962
24.219999999999 0.198509453577
24.224999999999 0.217654261156
24.229999999999 0.238458161956
24.234999999999 0.260970352788
24.239999999999 0.285207832882
24.244999999999 0.311143105763
24.249999999999 0.338689842221
24.254999999999 0.367687103118
24.259999999999 0.397883385355
24.264999999999 0.428922638784
24.269999999999 0.460335407963
24.274999999999 0.491539112161
24.279999999999 0.521851687380
24.284999999999 0.550521659501
24.289999999999 0.576774499025
24.294999999999 0.599869708083
24.299999999999 0.619156812670
24.304999999999 0.634114574396
24.309999999999 0.644360762876
24.314999999999 0.649632178129
24.319999999999 0.649752256045
24.324999999999 0.644615002573
24.329999999999 0.634207282421
24.334999999999 0.618666518260
24.339999999999 0.598343685723
24.344999999999 0.573832446475
24.349999999999 0.545940995520
24.354999999999 0.515611608754
24.359999999999 0.483815056276
24.364999999999 0.451452251753
24.369999999999 0.419285812593
24.374999999999 0.387908829463
24.379999999999 0.357745560453
24.384999999999 0.329072685124
24.389999999999 0.302049536342
24.394999999999 0.276748765426
24.399999999999 0.253182688847
24.404999999999 0.231323639268
24.409999999999 0.211118538465
24.414999999999 0.192498770360
24.419999999999 0.175386617215
24.424999999999 0.159699366026
24.429999999999 0.145351922795
24.434999999999 0.132258510766
24.439999999999 0.120333822545
24.444999999999 0.109493852357
24.449999999999 0.099656543616
24.454999999999 0.090742334165
24.459999999999 0.082674654193
24.464999999999 0.075380420641
24.469999999999 0.068790570603
24.474999999999 0.062840681374
24.479999999999 0.057471734535
24.484999999999 0.052631094517
24.489999999999 0.048273786331
24.494999999999 0.044364166008
24.499999999999 0.040878064021
24.504999999999 0.037805409132
24.509999999999 0.035153136284
24.514999999999 0.032947742947
24.519999999999 0.031236115571
24.524999999999 0.030082407918
24.529999999999 0.029558684329
24.534999999999 0.029729175224
24.539999999999 0.030632518135
24.544999999999 0.032269758043
24.549999999999 0.034603340131
24.554999999999 0.037565130565
24.559999999999 0.041066882848
24.564999999999 0.045007960389
24.569999999999 0.049279127719
24.574999999999 0.053763920109
24.579999999999 0.058339732919
24.584999999999 0.062880243365
24.589999999999 0.067259861658
24.594999999999 0.071359914099
24.599999999999 0.075075342573
24.604999999999 0.078320115133
24.609999999999 0.081029635698
24.614999999999 0.083159439212
24.619999999999 0.084681112789
24.624999999999 0.085577849735
24.629999999999 0.085842291731
24.634999999999 0.085477945791
24.639999999999 0.084503224533
24.644999999999 0.082955498166
24.649999999999 0.080892487368
24.654999999999 0.078389724894
24.659999999999 0.075534641809
24.664999999999 0.072419056609
24.669999999999 0.069132052398
24.674999999999 0.065754649229
24.679999999999 0.062356819863
24.684999999999 0.058996677407
24.689999999999 0.055721267591
24.694999999999 0.052568309781
24.699999999999 0.049568334918
24.704999999999 0.046746844067
24.709999999999 0.044126274447
24.714999999999 0.041727671226
24.719999999999 0.039572015601
24.724999999999 0.037681164125
24.729999999999 0.036078332128
24.734999999999 0.034788035320
24.739999999999 0.033835425113
24.744999999999 0.033245048949
24.749999999999 0.033039242287
24.754999999999 0.033236557702
24.759999999999 0.033850741457
24.764999999999 0.034890669147
24.769999999999 0.036361353175
24.774999999999 0.038265783161
24.779999999999 0.040607143262
24.784999999999 0.043390950963
24.789999999999 0.046626821319
24.794999999999 0.050329758041
24.799999999999 0.054521019355
24.804999999999 0.059228676727
24.809999999999 0.064487995391
24.814999999999 0.070341745427
24.819999999999 0.076840522983
24.824999999999 0.084043134773
24.829999999999 0.092017079411
24.834999999999 0.100839146455
24.839999999999 0.110596146835
24.844999999999 0.121385784961
24.849999999999 0.133317681960
24.854999999999 0.146514560113
24.859999999999 0.161113600169
24.864999999999 0.177267985308
24.869999999999 0.195148647976
24.874999999999 0.214946238503
24.879999999999 0.236873337185
24.884999999999 0.261166934532
24.889999999999 0.288091207416
24.894999999999 0.317940622043
24.899999999999 0.351043397920
24.904999999999 0.387765370203
24.909999999999 0.428514290963
24.914999999999 0.473744612783
24.919999999999 0.523962800462
24.924999999999 0.579733218138
24.929999999999 0.641684639330
24.934999999999 0.710517425484
24.939999999999 0.787011413690
24.944999999999 0.872034544790
24.949999999999 0.966552247274
24.954999999999 1.071637567435
24.959999999999 1.188481998580
24.964999999999 1.318406906656
24.969999999999 1.462875369750
24.974999999999 1.623504135446
24.979999999999 1.802075241115
24.984999999999 2.000546622135
24.989999999999 2.221060731793
24.994999999999 2.465949789103
24.999999999999 2.737735726736
25.004999999999 3.039122196306
25.009999999999 3.372975066892
25.014999999999 3.742286695477
25.019999999999 4.150117845605
25.024999999999 4.599509518410
25.029999999999 5.093355260527
25.034999999999 5.634223000148
25.039999999999 6.224114655399
25.044999999999 6.864152543507
25.049999999999 7.554185369383
25.054999999999 8.292315210212
25.059999999999 9.074362754355
25.064999999999 9.893313175847
25.069999999999 10.738819780581
25.074999999999 11.596882881705
25.079999999999 12.449855055633
25.084999999999 13.276927613774
25.089999999999 14.055194284200
25.094999999999 14.761239591076
25.099999999999 15.372971931842
25.104999999999 15.871204010653
25.109999999999 16.240450355287
25.114999999999 16.468730025460
25.119999999999 16.546791276434
25.124999999999 16.467721182851
25.129999999999 16.227819145188
25.134999999999 15.828741779659
25.139999999999 15.279843682287
25.144999999999 14.599228867252
25.149999999999 13.812637764658
25.154999999999 12.950425291477
25.159999999999 12.043726532962
25.164999999999 11.121032398963
25.169999999999 10.205950561222
25.174999999999 9.316319365825
25.179999999999 8.464402197818
25.184999999999 7.657721039269
25.189999999999 6.900127703179
25.194999999999 6.192844502854
25.199999999999 5.535343697340
25.204999999999 4.926035242143
25.209999999999 4.362789750114
25.214999999999 3.843350081801
25.219999999999 3.365696466169
25.224999999999 2.928440239744
25.229999999999 2.531340043992
25.234999999999 2.176062767963
25.239999999999 1.867315368107
25.244999999999 1.614285923653
25.249999999999 1.431467135286
25.254999999999 1.336011762486
25.259999999999 1.338830493936
25.264999999999 1.435326612379
25.269999999999 1.607723488384
25.274999999999 1.835841125349
25.279999999999 2.104010482002
25.284999999999 2.401910988102
25.289999999999 2.723035653167
25.294999999999 3.063065685687
25.299999999999 3.418692210252
25.304999999999 3.786833512679
25.309999999999 4.164120345056
25.314999999999 4.546563460066
25.319999999999 4.929363893207
25.324999999999 5.306857807154
25.329999999999 5.672603298215
25.334999999999 6.019616775925
25.339999999999 6.340750792401
25.344999999999 6.629174613815
25.349999999999 6.878880081341
25.354999999999 7.085103683112
25.359999999999 7.244553536618
25.364999999999 7.355376479840
25.369999999999 7.416894502899
25.374999999999 7.429245543007
25.379999999999 7.393119006022
25.384999999999 7.309731571452
25.389999999999 7.181053252156
25.394999999999 7.010143860634
25.399999999999 6.801389069222
25.404999999999 6.560473029097
25.409999999999 6.294052267809
25.414999999999 6.009223038041
25.419999999999 5.712938699998
25.424999999999 5.411521652416
25.429999999999 5.110353226203
25.434999999999 4.813754727420
25.439999999999 4.525022226014
25.444999999999 4.246556298380
25.449999999999 3.980030545455
25.454999999999 3.726558156489
25.459999999999 3.486833923934
25.464999999999 3.261243874682
25.469999999999 3.049944028225
25.474999999999 2.852914238030
25.479999999999 2.669994153072
25.484999999999 2.500907602170
25.489999999999 2.345280285865
25.494999999999 2.202654212944
25.499999999999 2.072501126629
25.504999999999 1.954236289569
25.509999999999 1.847233390022
25.514999999999 1.750840915419
25.519999999999 1.664400044934
25.524999999999 1.587263895994
25.529999999999 1.518817801919
25.534999999999 1.458500194519
25.539999999999 1.405823612954
25.544999999999 1.360395343592
25.549999999999 1.321937184126
25.554999999999 1.290303774917
25.559999999999 1.265498809291
25.564999999999 1.247688203150
25.569999999999 1.237209005131
25.574999999999 1.234572569711
25.579999999999 1.240460486955
25.584999999999 1.255712195017
25.589999999999 1.281304259580
25.594999999999 1.318322926543
25.599999999999 1.367933329629
25.604999999999 1.431349958086
25.609999999999 1.509812968343
25.614999999999 1.604573402770
25.619999999999 1.716887773554
25.624999999999 1.848019671731
25.629999999999 1.999243937896
25.634999999999 2.171847891284
25.639999999999 2.367124026519
25.644999999999 2.586349014630
25.649999999999 2.830744355624
25.654999999999 3.101414400431
25.659999999999 3.399257725939
25.664999999999 3.724848271122
25.669999999999 4.078283669359
25.674999999999 4.459000436152
25.679999999999 4.865559798269
25.684999999999 5.295414695895
25.689999999999 5.744678336307
25.694999999999 6.207927394943
25.699999999999 6.678086836177
25.704999999999 7.146454216276
25.709999999999 7.602921975907
25.714999999999 8.036436894297
25.719999999999 8.435687910355
25.724999999999 8.789937117475
25.729999999999 9.089823525648
25.734999999999 9.327920078178
25.739999999999 9.498868899103
25.744999999999 9.599086386477
25.749999999999 9.626264567602
25.754999999999 9.579052046706
25.759999999999 9.457226951587
25.764999999999 9.262367659982
25.769999999999 8.998674051318
25.774999999999 8.673444023057
25.779999999999 8.296867218989
25.784999999999 7.881135214272
25.789999999999 7.439160310543
25.794999999999 6.983297271405
25.799999999999 6.524376133686
25.804999999999 6.071178281457
25.809999999999 5.630326524142
25.814999999999 5.206468209627
25.819999999999 4.802611000795
25.824999999999 4.420497711422
25.829999999999 4.060949645156
25.834999999999 3.724146981586
25.839999999999 3.409841502527
25.844999999999 3.117511144976
25.849999999999 2.846470948683
25.854999999999 2.595954875776
25.859999999999 2.365180715682
25.864999999999 2.153407620761
25.869999999999 1.959993504601
25.874999999999 1.784457607020
25.879999999999 1.626551437118
25.884999999999 1.486337868767
25.889999999999 1.364271460075
25.894999999999 1.261260797780
25.899999999999 1.178675391387
25.904999999999 1.118242835092
25.909999999999 1.081789766192
25.914999999999 1.070844389575
25.919999999999 1.086233357335
25.924999999999 1.127877613167
25.929999999999 1.194907842706
25.934999999999 1.286023993475
25.939999999999 1.399901299580
25.944999999999 1.535485337180
25.949999999999 1.692131153654
25.954999999999 1.869618519583
25.959999999999 2.068093862553
25.964999999999 2.287976819825
25.969999999999 2.529851298138
25.974999999999 2.794347770742
25.979999999999 3.082016316032
25.984999999999 3.393186951022
25.989999999999 3.727813626208
25.994999999999 4.085300076179
25.999999999999 4.464309431001
26.004999999999 4.862565272951
26.009999999999 5.276659833770
26.014999999999 5.701894974954
26.019999999999 6.132192157706
26.024999999999 6.560115793993
26.029999999999 6.977055060889
26.034999999999 7.373595637013
26.039999999999 7.740078611653
26.044999999999 8.067288232663
26.049999999999 8.347144834526
26.054999999999 8.573233128545
26.059999999999 8.741009665506
26.064999999999 8.847635370947
26.069999999999 8.891550038800
26.074999999999 8.872058791182
26.079999999999 8.789219823526
26.084999999999 8.644156315099
26.089999999999 8.439646217640
26.094999999999 8.180647944806
26.099999999999 7.874429005662
26.104999999999 7.530160872031
26.109999999999 7.158089060338
26.114999999999 6.768541688732
26.119999999999 6.371049038011
26.124999999999 5.973748782754
26.129999999999 5.583122626884
26.134999999999 5.204010917097
26.139999999999 4.839805948698
26.144999999999 4.492724810537
26.149999999999 4.164088166769
26.154999999999 3.854563022138
26.159999999999 3.564353639644
26.164999999999 3.293341423302
26.169999999999 3.041182604085
26.174999999999 2.807374703685
26.179999999999 2.591301728917
26.184999999999 2.392265833165
26.189999999999 2.209510891243
26.194999999999 2.042241561216
26.199999999999 1.889640067081
26.204999999999 1.750882066436
26.209999999999 1.625152444008
26.214999999999 1.511661570822
26.219999999999 1.409662386581
26.224999999999 1.318468519399
26.229999999999 1.237473488851
26.234999999999 1.166170789960
26.239999999999 1.104174274401
26.244999999999 1.051237686761
26.249999999999 1.007271470557
26.254999999999 0.972354120044
26.259999999999 0.946734692188
26.264999999999 0.930823122817
26.269999999999 0.925166372192
26.274999999999 0.930411569121
26.279999999999 0.947261746122
26.284999999999 0.976433692536
26.289999999999 1.018628473442
26.294999999999 1.074521916212
26.299999999999 1.144776017363
26.304999999999 1.230065921112
26.309999999999 1.331113713569
26.314999999999 1.448720452597
26.319999999999 1.583790286807
26.324999999999 1.737343324173
26.329999999999 1.910515851340
26.334999999999 2.104547245525
26.339999999999 2.320752696409
26.344999999999 2.560480068152
26.349999999999 2.825048239673
26.354999999999 3.115663343264
26.359999999999 3.433308731196
26.364999999999 3.778604544380
26.369999999999 4.151633865971
26.374999999999 4.551735206374
26.379999999999 4.977266215203
26.384999999999 5.425351782063
26.389999999999 5.891641462951
26.394999999999 6.370115859889
26.399999999999 6.852996637081
26.404999999999 7.330824666870
26.409999999999 7.792766180155
26.414999999999 8.227176532886
26.419999999999 8.622387602738
26.424999999999 8.967594213341
26.429999999999 9.253629407375
26.434999999999 9.473396764717
26.439999999999 9.621829385829
26.444999999999 9.695470947411
26.449999999999 9.692017074280
26.454999999999 9.610230984846
26.459999999999 9.450438943355
26.464999999999 9.215414179068
26.469999999999 8.911147800341
26.474999999999 8.547009991248
26.479999999999 8.135109233341
26.484999999999 7.689037450481
26.489999999999 7.222414997225
26.494999999999 6.747642600675
26.499999999999 6.275100761502
26.504999999999 5.812837661821
26.509999999999 5.366646014958
26.514999999999 4.940374669732
26.519999999999 4.536332701834
26.524999999999 4.155687413137
26.529999999999 3.798804774410
26.534999999999 3.465516698132
26.539999999999 3.155320795815
26.544999999999 2.867527727518
26.549999999999 2.601373378337
26.554999999999 2.356111750686
26.559999999999 2.131102093558
26.564999999999 1.925901457528
26.569999999999 1.740371332561
26.574999999999 1.574802541790
26.579999999999 1.430052164984
26.584999999999 1.307663388955
26.589999999999 1.209898148140
26.594999999999 1.139564078245
26.599999999999 1.099519280215
26.604999999999 1.091890674890
26.609999999999 1.117337922281
26.614999999999 1.174836493802
26.619999999999 1.262137935185
26.624999999999 1.376571038316
26.629999999999 1.515722852923
26.634999999999 1.677790439186
26.639999999999 1.861647698261
26.644999999999 2.066752157124
26.649999999999 2.292988456016
26.654999999999 2.540497503965
26.659999999999 2.809507712322
26.664999999999 3.100168963594
26.669999999999 3.412384639635
26.674999999999 3.745637134791
26.679999999999 4.098805340599
26.684999999999 4.469977731605
26.689999999999 4.856271699452
26.694999999999 5.253678437438
26.699999999999 5.656962097813
26.704999999999 6.059650027772
26.709999999999 6.454153846770
26.714999999999 6.832053556093
26.719999999999 7.184553091970
26.724999999999 7.503073135258
26.729999999999 7.779891376012
26.734999999999 8.008691103196
26.739999999999 8.184867970238
26.744999999999 8.305503050798
26.749999999999 8.369040239212
26.754999999999 8.374856582035
26.759999999999 8.322990557212
26.764999999999 8.214219302166
26.769999999999 8.050469514204
26.774999999999 7.835331815842
26.779999999999 7.574366546714
26.784999999999 7.274987899546
26.789999999999 6.945916851204
26.794999999999 6.596373189049
26.799999999999 6.235247533100
26.804999999999 5.870451893847
26.809999999999 5.508544873523
26.814999999999 5.154626240024
26.819999999999 4.812431995162
26.824999999999 4.484541638775
26.829999999999 4.172621321782
26.834999999999 3.877652218888
26.839999999999 3.600119098381
26.844999999999 3.340152929237
26.849999999999 3.097632159171
26.854999999999 2.872251661095
26.859999999999 2.663568722257
26.864999999999 2.471033927533
26.869999999999 2.294012732006
26.874999999999 2.131801636894
26.879999999999 1.983641437804
26.884999999999 1.848729019177
26.889999999999 1.726228532214
26.894999999999 1.615282400461
26.899999999999 1.515022348195
26.904999999999 1.424580472886
26.909999999999 1.343100247008
26.914999999999 1.269747225315
26.919999999999 1.203719157564
26.924999999999 1.144255176056
26.929999999999 1.090643751750
26.934999999999 1.042229191546
26.939999999999 0.998416570981
26.944999999999 0.958675140604
26.949999999999 0.922540387842
26.954999999999 0.889615059253
26.959999999999 0.859569537592
26.964999999999 0.832142018679
26.969999999999 0.807138944374
26.974999999999 0.784436121706
26.979999999999 0.763980893474
26.984999999999 0.745795615440
26.989999999999 0.729982525005
26.994999999999 0.716729835397
26.999999999999 0.706318539175
27.004999999999 0.699128956605
27.009999999999 0.695645569134
27.014999999999 0.696458272701
27.019999999999 0.702258110950
27.024999999999 0.713826102735
27.029999999999 0.732015159263
27.034999999999 0.757727144508
27.039999999999 0.791889204538
27.044999999999 0.835434565568
27.049999999999 0.889292292170
27.054999999999 0.954388070611
27.059999999999 1.031654934616
27.064999999999 1.122050283801
27.069999999999 1.226574349051
27.074999999999 1.346285379204
27.079999999999 1.482307639941
27.084999999999 1.635829148267
27.089999999999 1.808086496778
27.094999999999 2.000334046950
27.099999999999 2.213794303069
27.104999999999 2.449585647961
27.109999999999 2.708623135354
27.114999999999 2.991488094172
27.119999999999 3.298263454662
27.124999999999 3.628334685312
27.129999999999 3.980161917260
27.134999999999 4.351038082471
27.139999999999 4.736861056361
27.144999999999 5.131963846101
27.149999999999 5.529062094254
27.154999999999 5.919384885673
27.159999999999 6.293041334012
27.164999999999 6.639629443950
27.169999999999 6.949012088607
27.174999999999 7.212088206544
27.179999999999 7.421329967159
27.184999999999 7.570911194878
27.189999999999 7.656451172137
27.194999999999 7.674659522995
27.199999999999 7.623296497822
27.204999999999 7.501693314530
27.209999999999 7.311669461973
27.214999999999 7.058333775458
27.219999999999 6.750242791645
27.224999999999 6.398717012007
27.229999999999 6.016530032671
27.234999999999 5.616421678602
27.239999999999 5.209860787616
27.244999999999 4.806289935536
27.249999999999 4.412870271037
27.254999999999 4.034606041265
27.259999999999 3.674685020664
27.264999999999 3.334894173472
27.269999999999 3.016019910894
27.274999999999 2.718190937200
27.279999999999 2.441156589454
27.284999999999 2.184513857164
27.289999999999 1.947906144677
27.294999999999 1.731221095777
27.299999999999 1.534815962602
27.304999999999 1.359794312065
27.309999999999 1.208333074646
27.314999999999 1.083978583064
27.319999999999 0.991647019375
27.324999999999 0.936839240922
27.329999999999 0.923757865233
27.334999999999 0.953152678052
27.339999999999 1.021761022813
27.344999999999 1.123935896576
27.349999999999 1.253869383861
27.354999999999 1.406898191018
27.359999999999 1.579775006328
27.364999999999 1.770418779701
27.369999999999 1.977535333366
27.374999999999 2.200266833599
27.379999999999 2.437902878257
27.384999999999 2.689643706924
27.389999999999 2.954399880721
27.394999999999 3.230618280905
27.399999999999 3.516132625388
27.404999999999 3.808045325163
27.409999999999 4.102655458789
27.414999999999 4.395453767906
27.419999999999 4.681207788052
27.424999999999 4.954155520540
27.429999999999 5.208311299128
27.434999999999 5.437861396452
27.439999999999 5.637592922520
27.444999999999 5.803268759273
27.449999999999 5.931852026355
27.454999999999 6.021514429504
27.459999999999 6.071437755623
27.464999999999 6.081511440977
27.469999999999 6.052088962870
27.474999999999 5.983942180178
27.479999999999 5.878442777008
27.484999999999 5.737863771322
27.489999999999 5.565617018373
27.494999999999 5.366270815726
27.499999999999 5.145299698661
27.504999999999 4.908636066560
27.509999999999 4.662159372784
27.514999999999 4.411255283893
27.519999999999 4.160525978482
27.524999999999 3.913669566983
27.529999999999 3.673499071808
27.534999999999 3.442049850537
27.539999999999 3.220725049187
27.544999999999 3.010441776299
27.549999999999 2.811756831997
27.554999999999 2.624964240968
27.559999999999 2.450165461631
27.564999999999 2.287317327153
27.569999999999 2.136263868992
27.574999999999 1.996757584458
27.579999999999 1.868474474158
27.584999999999 1.751025897844
27.589999999999 1.643969245618
27.594999999999 1.546818655340
27.599999999999 1.459056484788
27.604999999999 1.380145895616
27.609999999999 1.309544658671
27.614999999999 1.246720102301
27.619999999999 1.191164976194
27.624999999999 1.142413889010
27.629999999999 1.100059899774
27.634999999999 1.063770796417
27.639999999999 1.033304563845
27.644999999999 1.008523502056
27.649999999999 0.989406376020
27.654999999999 0.976057854527
27.659999999999 0.968714354242
27.664999999999 0.967745329199
27.669999999999 0.973649164124
27.674999999999 0.987043279461
27.679999999999 1.008648900961
27.684999999999 1.039272080599
27.689999999999 1.079783653590
27.694999999999 1.131101417537
27.699999999999 1.194177548688
27.704999999999 1.269993079864
27.709999999999 1.359559511632
27.714999999999 1.463925894399
27.719999999999 1.584188496348
27.724999999999 1.721499638716
27.729999999999 1.877072294337
27.734999999999 2.052177303588
27.739999999999 2.248130277239
27.744999999999 2.466265260964
27.749999999999 2.707892002255
27.754999999999 2.974233272239
27.759999999999 3.266338328194
27.764999999999 3.584968523137
27.769999999999 3.930451652287
27.774999999999 4.302503384163
27.779999999999 4.700017709726
27.784999999999 5.120834486951
27.789999999999 5.561501466288
27.794999999999 6.017060700336
27.799999999999 6.480903710259
27.804999999999 6.944752630096
27.809999999999 7.398828981457
27.814999999999 7.832257873230
27.819999999999 8.233713188268
27.824999999999 8.592235694711
27.829999999999 8.898066276153
27.834999999999 9.143272896617
27.839999999999 9.321973686547
27.844999999999 9.430110774051
27.849999999999 9.464971673336
27.854999999999 9.424844052881
27.859999999999 9.309154725258
27.864999999999 9.119144851914
27.869999999999 8.858748956727
27.874999999999 8.535152451813
27.879999999999 8.158639138322
27.884999999999 7.741694771774
27.889999999999 7.297661790466
27.894999999999 6.839369431774
27.899999999999 6.378081891201
27.904999999999 5.922918696774
27.909999999999 5.480723000481
27.914999999999 5.056249703285
27.919999999999 4.652521500361
27.924999999999 4.271228937658
27.929999999999 3.913097247844
27.934999999999 3.578185424079
27.939999999999 3.266112220403
27.944999999999 2.976219249178
27.949999999999 2.707686872802
27.954999999999 2.459618504713
27.959999999999 2.231106547241
27.964999999999 2.021290461257
27.969999999999 1.829415256424
27.974999999999 1.654897115787
27.979999999999 1.497401391733
27.984999999999 1.356935478283
27.989999999999 1.233952403753
27.994999999999 1.129446066521
27.999999999999 1.044991749130
28.004999999999 0.982651047989
28.009999999999 0.944652035866
28.014999999999 0.932839387306
28.019999999999 0.948085782429
28.024999999999 0.990003266904
28.029999999999 1.057150582690
28.034999999999 1.147580406850
28.039999999999 1.259390076289
28.044999999999 1.391059566201
28.049999999999 1.541559144340
28.054999999999 1.710305812947
28.059999999999 1.897047515213
28.064999999999 2.101721955670
28.069999999999 2.324309544720
28.074999999999 2.564684967690
28.079999999999 2.822466137643
28.084999999999 3.096858997819
28.089999999999 3.386499532523
28.094999999999 3.689299414258
28.099999999999 4.002308451590
28.104999999999 4.321614715517
28.109999999999 4.642310433734
28.114999999999 4.958555699896
28.119999999999 5.263768603266
28.124999999999 5.550954772047
28.129999999999 5.813158454931
28.134999999999 6.043973817023
28.139999999999 6.238012065979
28.144999999999 6.391201585380
28.149999999999 6.500831406345
28.154999999999 6.565342208228
28.159999999999 6.583992132845
28.164999999999 6.556604949856
28.169999999999 6.483575286703
28.174999999999 6.366155774121
28.179999999999 6.206870307692
28.184999999999 6.009805380351
28.189999999999 5.780585242039
28.194999999999 5.525991482375
28.199999999999 5.253341874743
28.204999999999 4.969817838492
28.209999999999 4.681910145586
28.214999999999 4.395075626423
28.219999999999 4.113613866757
28.224999999999 3.840715878646
28.229999999999 3.578615389924
28.234999999999 3.328779365601
28.239999999999 3.092093572661
28.244999999999 2.869019775430
28.249999999999 2.659717195502
28.254999999999 2.464130537181
28.259999999999 2.282051174853
28.264999999999 2.113158906029
28.269999999999 1.957050711372
28.274999999999 1.813261407104
28.279999999999 1.681279568105
28.284999999999 1.560560903991
28.289999999999 1.450540429147
28.294999999999 1.350644224979
28.299999999999 1.260301262559
28.304999999999 1.178955554955
28.309999999999 1.106078776118
28.314999999999 1.041183370629
28.319999999999 0.983836053524
28.324999999999 0.933671439554
28.329999999999 0.890405331968
28.334999999999 0.853846937786
28.339999999999 0.823908976735
28.344999999999 0.800614372545
28.349999999999 0.784098078895
28.354999999999 0.774602782412
28.359999999999 0.772467937616
28.364999999999 0.778112899969
28.369999999999 0.792016619211
28.374999999999 0.814697856803
28.379999999999 0.846700442864
28.384999999999 0.888587209698
28.389999999999 0.940944138109
28.394999999999 1.004393794364
28.399999999999 1.079615320519
28.404999999999 1.167367612167
28.409999999999 1.268512763254
28.414999999999 1.384037859542
28.419999999999 1.515074224152
28.424999999999 1.662913939398
28.429999999999 1.829023803021
28.434999999999 2.015056879209
28.439999999999 2.222861572185
28.444999999999 2.454487761416
28.449999999999 2.712189034602
28.454999999999 2.998419445650
28.459999999999 3.315822495279
28.464999999999 3.667209156513
28.469999999999 4.055520722773
28.474999999999 4.483771036026
28.479999999999 4.954961287730
28.484999999999 5.471959177750
28.489999999999 6.037332986117
28.494999999999 6.653130465816
28.499999999999 7.320593079822
28.504999999999 8.039799019887
28.509999999999 8.809235102218
28.514999999999 9.625309800802
28.519999999999 10.481839054071
28.524999999999 11.369563779478
28.529999999999 12.275791269243
28.534999999999 13.184284614120
28.539999999999 14.075539977969
28.544999999999 14.927567625585
28.549999999999 15.717203536011
28.554999999999 16.421813816077
28.559999999999 17.021047387719
28.564999999999 17.498144764434
28.569999999999 17.840372064022
28.574999999999 18.038517385917
28.579999999999 18.085952587190
28.584999999999 17.978158642484
28.589999999999 17.713431885600
28.594999999999 17.294703287611
28.599999999999 16.731528924493
28.604999999999 16.041016268053
28.609999999999 15.246956137366
28.614999999999 14.377333799544
28.619999999999 13.461081851224
28.624999999999 12.525079579838
28.629999999999 11.592083133417
28.634999999999 10.679789779738
28.639999999999 9.800860292558
28.644999999999 8.963550491158
28.649999999999 8.172606538996
28.654999999999 7.430174756765
28.659999999999 6.736590353489
28.664999999999 6.090999169809
28.669999999999 5.491821096129
28.674999999999 4.937089080896
28.679999999999 4.424704669210
28.684999999999 3.952649766407
28.689999999999 3.519191563010
28.694999999999 3.123116887302
28.699999999999 2.764034148385
28.704999999999 2.442780599431
28.709999999999 2.161951481423
28.714999999999 1.926476163218
28.719999999999 1.743913689470
28.724999999999 1.623704594451
28.729999999999 1.574494581915
28.734999999999 1.600060807795
28.739999999999 1.696895705153
28.744999999999 1.855919163788
28.749999999999 2.066519426407
28.754999999999 2.319571923370
28.759999999999 2.608416492394
28.764999999999 2.928579250520
28.769999999999 3.277093798001
28.774999999999 3.651825596382
28.779999999999 4.050907313021
28.784999999999 4.472282152199
28.789999999999 4.913330500661
28.794999999999 5.370563974810
28.799999999999 5.839387260244
28.804999999999 6.313944421046
28.809999999999 6.787079289297
28.814999999999 7.250445620091
28.819999999999 7.694797107775
28.824999999999 8.110464957020
28.829999999999 8.487989066438
28.834999999999 8.818813274806
28.839999999999 9.095903339907
28.844999999999 9.314128603963
28.849999999999 9.470295901600
28.854999999999 9.562845091834
28.859999999999 9.591369388253
28.864999999999 9.556224281385
28.869999999999 9.458453642459
28.874999999999 9.300084037959
28.879999999999 9.084615950404
28.884999999999 8.817413590501
28.889999999999 8.505739400776
28.894999999999 8.158354147164
28.899999999999 7.784794194177
28.904999999999 7.394544871570
28.909999999999 6.996323798697
28.914999999999 6.597605686010
28.919999999999 6.204418608992
28.924999999999 5.821365382823
28.929999999999 5.451788896743
28.934999999999 5.098001037736
28.939999999999 4.761515392066
28.944999999999 4.443249390710
28.949999999999 4.143682820012
28.954999999999 3.862973371844
28.959999999999 3.601036681420
28.964999999999 3.357600194140
28.969999999999 3.132239406575
28.974999999999 2.924403167459
28.979999999999 2.733432759832
28.984999999999 2.558577848583
28.989999999999 2.399011177301
28.994999999999 2.253843082036
28.999999999999 2.122136350261
29.004999999999 2.002921588232
29.009999999999 1.895212996108
29.014999999999 1.798024250604
29.019999999999 1.710384051961
29.024999999999 1.631350815204
29.029999999999 1.560025987250
29.034999999999 1.495565554847
29.039999999999 1.437189462549
29.044999999999 1.384188860432
29.049999999999 1.335931316845
29.054999999999 1.291864332376
29.059999999999 1.251517655446
29.064999999999 1.214505016613
29.069999999999 1.180525965753
29.074999999999 1.149368516833
29.079999999998 1.120913280177
29.084999999998 1.095139685054
29.089999999998 1.072134744489
29.094999999998 1.052104548872
29.099999999998 1.035388235803
29.104999999998 1.022473504404
29.109999999998 1.014011783746
29.114999999998 1.010829983381
29.119999999998 1.013934600887
29.124999999998 1.024503368673
29.129999999998 1.043860349423
29.134999999998 1.073433072575
29.139999999998 1.114694793747
29.144999999998 1.169099754082
29.149999999998 1.238021869517
29.154999999998 1.322705522895
29.159999999998 1.424231240196
29.164999999998 1.543491662675
29.169999999998 1.681167735495
29.174999999998 1.837693313517
29.179999999998 2.013198228206
29.184999999998 2.207423955459
29.189999999998 2.419611285370
29.194999999998 2.648365555311
29.199999999998 2.891512391223
29.204999999998 3.145965733458
29.209999999998 3.407639476877
29.214999999998 3.671441792521
29.219999999998 3.931392196454
29.224999999998 4.180888833187
29.229999999998 4.413121150036
29.234999999998 4.621571703983
29.239999999998 4.800495211212
29.244999999998 4.945235831596
29.249999999998 5.052283729667
29.254999999998 5.119091134743
29.259999999998 5.143816158145
29.264999999998 5.125233648310
29.269999999998 5.062962389701
29.274999999998 4.957940066418
29.279999999998 4.812882696986
29.284999999998 4.632438768225
29.289999999998 4.422901845106
29.294999999998 4.191560184773
29.299999999998 3.945901888272
29.304999999998 3.692904653888
29.309999999998 3.438554916163
29.314999999998 3.187632228342
29.319999999998 2.943714380049
29.324999999998 2.709324510249
29.329999999998 2.486144362200
29.334999999998 2.275239485724
29.339999999998 2.077267168458
29.344999999998 1.892657803622
29.349999999998 1.721772883058
29.354999999998 1.565048506783
29.359999999998 1.423133272954
29.364999999998 1.297023211178
29.369999999998 1.188181178095
29.374999999998 1.098599967933
29.379999999998 1.030730690378
29.384999999998 0.987180787719
29.389999999998 0.970157280757
29.394999999998 0.980829334838
29.399999999998 1.018967827933
29.404999999998 1.083115715914
29.409999999998 1.171170198611
29.414999999998 1.281016632541
29.419999999998 1.410950299903
29.424999999998 1.559843503116
29.429999999998 1.727138952831
29.434999999998 1.912760054941
29.439999999998 2.116994878104
29.444999999998 2.340378793113
29.449999999998 2.583582029389
29.454999999998 2.847299789935
29.459999999998 3.132139563630
29.464999999998 3.438499975078
29.469999999998 3.766436593937
29.474999999998 4.115512214488
29.479999999998 4.484632324158
29.484999999998 4.871871113942
29.489999999998 5.274299715665
29.494999999998 5.687836341574
29.499999999998 6.107146918758
29.504999999998 6.525632748808
29.509999999998 6.935545171616
29.514999999998 7.328261052212
29.519999999998 7.694731491477
29.524999999998 8.026076220163
29.529999999998 8.314241716580
29.534999999998 8.552588796466
29.539999999998 8.736255177432
29.544999999998 8.862182876360
29.549999999998 8.928819555062
29.554999999998 8.935657938215
29.559999999998 8.882879483009
29.564999999998 8.771330054068
29.569999999998 8.602868560848
29.574999999998 8.380898198630
29.579999999998 8.110763604261
29.584999999998 7.799754735658
29.589999999998 7.456650826514
29.594999999998 7.090939372523
29.599999999998 6.711950737558
29.604999999998 6.328132747209
29.609999999998 5.946594319953
29.614999999998 5.572937260271
29.619999999998 5.211317157145
29.624999999998 4.864642654727
29.629999999998 4.534828067950
29.634999999998 4.223039173806
29.639999999998 3.929900029817
29.644999999998 3.655650748259
29.649999999998 3.400259604668
29.654999999998 3.163498857234
29.659999999998 2.944994751236
29.664999999998 2.744260786195
29.669999999998 2.560721102966
29.674999999998 2.393728717232
29.679999999998 2.242581648118
29.684999999998 2.106538810380
29.689999999998 1.984836755665
29.694999999998 1.876707824868
29.699999999998 1.781399889833
29.704999999998 1.698197539125
29.709999999998 1.626444263170
29.714999999998 1.565564917303
29.719999999998 1.515087505536
29.724999999998 1.474663157899
29.729999999998 1.444083092873
29.734999999998 1.423291385977
29.739999999998 1.412392534737
29.744999999998 1.411653157091
29.749999999998 1.421497718837
29.754999999998 1.442498952319
29.759999999998 1.475364518173
29.764999999998 1.520922287696
29.769999999998 1.580107132593
29.774999999998 1.653952084940
29.779999999998 1.743586112836
29.784999999998 1.850239703220
29.789999999998 1.975258271858
29.794999999998 2.120122469719
29.799999999998 2.286473938958
29.804999999998 2.476145019933
29.809999999998 2.691191205583
29.814999999998 2.933925604725
29.819999999998 3.206955155701
29.824999999998 3.513218730434
29.829999999998 3.856027551080
29.834999999998 4.239108512976
29.839999999998 4.666651093409
29.844999999998 5.143358553540
29.849999999998 5.674504132657
29.854999999998 6.265992902801
29.859999999998 6.924429902550
29.864999999998 7.657195098094
29.869999999998 8.472525618077
29.874999999998 9.379605559590
29.879999999998 10.388663442576
29.884999999998 11.511077066108
29.889999999998 12.759485048423
29.894999999998 14.147903653810
29.899999999998 15.691846544055
29.904999999998 17.408443734893
29.909999999998 19.316554150327
29.914999999998 21.436863571054
29.919999999998 23.791956240558
29.924999999998 26.406343644706
29.929999999998 29.306427688852
29.934999999998 32.520367299341
29.939999999998 36.077807026038
29.944999999998 40.009413279905
29.949999999998 44.346148450980
29.954999999998 49.118195953089
29.959999999998 54.353431944770
29.964999999998 60.075325594888
29.969999999998 66.300145591744
29.974999999998 73.033366351647
29.979999999998 80.265218151361
29.984999999998 87.965431084905
29.989999999998 96.077405469385
29.994999999998 104.512318155483
29.999999999998 113.144042639707
30.004999999998 121.806176681738
30.009999999998 130.292823491514
30.014999999998 138.364872234139
30.019999999998 145.763131229638
30.024999999998 152.228589167658
30.029999999998 157.528328723513
30.034999999998 161.483566837414
30.039999999998 163.994688821499
30.044999999998 165.057828551013
30.049999999998 164.768999540447
30.054999999998 163.314695163464
30.059999999998 160.951184682382
30.064999999998 157.977143518294
30.069999999998 154.704955384523
30.074999999998 151.435042759114
30.079999999998 148.435635092189
30.084999999998 145.928377813146
30.089999999998 144.078781658560
30.094999999998 142.989959387712
30.099999999998 142.698300365451
30.104999999998 143.170422754617
30.109999999998 144.301625564869
30.114999999998 145.916905107972
30.119999999998 147.776225066968
30.124999999998 149.585950507705
30.129999999998 151.017931626138
30.134999999998 151.736425907941
30.139999999998 151.430889861789
30.144999999998 149.850157830840
30.149999999998 146.831676417525
30.154999999998 142.319409254699
30.159999999998 136.366288087315
30.164999999998 129.121042563349
30.169999999998 120.803319083288
30.174999999998 111.673559614571
30.179999999998 102.004393877688
30.184999999998 92.058720236484
30.189999999998 82.077360833374
30.194999999998 72.277347133531
30.199999999998 62.861268924196
30.204999999998 54.038908648418
30.209999999998 46.063861775629
30.214999999998 39.285718535385
30.219999999998 34.196173126035
30.224999999998 31.376461139515
30.229999999998 31.211553014044
30.234999999998 33.542645029336
30.239999999998 37.748525485154
30.244999999998 43.145319547600
30.249999999998 49.212042851724
30.254999999998 55.595858609776
30.259999999998 62.053679263198
30.264999999998 68.403595638840
30.269999999998 74.496415823273
30.274999999998 80.202202487222
30.279999999998 85.406373329315
30.284999999998 90.011568499175
30.289999999998 93.942561165281
30.294999999998 97.152015448865
30.299999999998 99.625236774457
30.304999999998 101.382471103161
30.309999999998 102.477885915154
30.314999999998 102.995053215117
30.319999999998 103.039409414568
30.324999999998 102.728640171957
30.329999999998 102.182152108725
30.334999999998 101.510768926359
30.339999999998 100.807619661763
30.344999999998 100.140975523002
30.349999999998 99.549599078767
30.354999999998 99.040993074522
30.359999999998 98.592733206344
30.364999999998 98.156800999262
30.369999999998 97.666500035768
30.374999999998 97.045189012624
30.379999999998 96.215776667635
30.384999999998 95.109778101806
30.389999999998 93.674788171051
30.394999999998 91.879498512114
30.399999999998 89.715823203865
30.404999999998 87.198201635519
30.409999999998 84.360589781880
30.414999999998 81.251930110146
30.419999999998 77.930963854159
30.424999999998 74.461143377228
30.429999999998 70.906187491055
30.434999999998 67.326578514887
30.439999999998 63.777086920902
30.444999999998 60.305257891872
30.449999999998 56.950708100603
30.454999999998 53.745048937938
30.459999999998 50.712257152146
30.464999999998 47.869339256098
30.469999999998 45.227169733006
30.474999999998 42.791416858473
30.479999999998 40.563499210704
30.484999999998 38.541538575756
30.489999999998 36.721290587561
30.494999999998 35.097043736544
30.499999999998 33.662481549452
30.504999999998 32.411503150355
30.509999999998 31.338995244626
30.514999999998 30.441544616667
30.519999999998 29.718074880276
30.524999999998 29.170384705063
30.529999999998 28.803557708888
30.534999999998 28.626208399548
30.539999999998 28.650527251058
30.544999999998 28.892095603334
30.549999999998 29.369461207828
30.554999999998 30.103497559751
30.559999999998 31.116607362802
30.564999999998 32.431858474209
30.569999999998 34.072144015186
30.574999999998 36.059429115265
30.579999999998 38.414091062283
30.584999999998 41.154295619553
30.589999999998 44.295300747757
30.594999999998 47.848553468244
30.599999999998 51.820448999225
30.604999999998 56.210649675955
30.609999999998 61.009910471656
30.614999999998 66.197428459162
30.619999999998 71.737830220808
30.624999999998 77.578039978727
30.629999999998 83.644432528587
30.634999999998 89.840855333434
30.639999999998 96.048266913531
30.644999999998 102.126819474486
30.649999999998 107.921125703595
30.654999999998 113.269108315142
30.659999999998 118.014200646860
30.664999999998 122.019816871577
30.669999999998 125.184148177588
30.674999999998 127.452777013037
30.679999999998 128.826629487307
30.684999999998 129.363521069478
30.689999999998 129.172820895148
30.694999999998 128.404149001871
30.699999999998 127.232060386166
30.704999999998 125.839068839429
30.709999999998 124.399129173700
30.714999999998 123.063083117397
30.719999999998 121.946916665592
30.724999999998 121.123221421554
30.729999999998 120.616072759305
30.734999999998 120.399550535892
30.739999999998 120.400175017484
30.744999999998 120.503463576720
30.749999999998 120.564544656796
30.754999999998 120.422278442703
30.759999999998 119.915687962605
30.764999999998 118.900847391871
30.769999999998 117.265936589650
30.774999999998 114.942197335415
30.779999999998 111.909146137327
30.784999999998 108.193508328734
30.789999999998 103.862606178124
30.794999999998 99.013943930242
30.799999999998 93.763189179674
30.804999999998 88.232603653482
30.809999999998 82.541404034155
30.814999999998 76.798809332156
30.819999999998 71.099891631333
30.824999999998 65.523917998194
30.829999999998 60.134671224908
30.834999999998 54.982218139983
30.839999999998 50.105687465611
30.844999999998 45.536761681528
30.849999999998 41.303728506582
30.854999999998 37.436027381829
30.859999999998 33.969187200701
30.864999999998 30.949740404662
30.869999999998 28.438903837427
30.874999999998 26.512460851046
30.879999999998 25.253130306928
30.884999999998 24.733279507937
30.889999999998 24.992700059566
30.894999999998 26.024268567419
30.899999999998 27.778064703560
30.904999999998 30.180365042413
30.909999999998 33.154129252699
30.914999999998 36.631448261059
30.919999999998 40.556980410279
30.924999999998 44.885660359309
30.929999999998 49.577915612685
30.934999999998 54.594280500159
30.939999999998 59.890262833393
30.944999999998 65.411839160543
30.949999999998 71.091843777719
30.954999999998 76.847579937717
30.959999999998 82.580088152953
30.964999999998 88.175564088353
30.969999999998 93.509352093622
30.974999999998 98.452693188871
30.979999999998 102.881962534930
30.984999999998 106.689546584159
30.989999999998 109.794926093321
30.994999999998 112.154151009259
30.999999999998 113.765906317621
31.004999999998 114.672851387453
31.009999999998 114.957768950322
31.014999999998 114.735028446306
31.019999999998 114.138654098945
31.024999999998 113.308689622949
31.029999999998 112.377545766354
31.034999999998 111.457736427425
31.039999999998 110.632041890948
31.044999999998 109.946819670512
31.049999999998 109.408945126193
31.054999999998 108.986650045094
31.059999999998 108.614259600737
31.064999999998 108.200465425589
31.069999999998 107.639335888802
31.074999999998 106.822829879234
31.079999999998 105.653257694617
31.084999999998 104.054040004573
31.089999999998 101.977338256408
31.094999999998 99.407668355187
31.099999999998 96.361351036545
31.104999999998 92.882396161097
31.109999999998 89.035956606761
31.114999999998 84.900696681837
31.119999999998 80.561303475199
31.124999999998 76.102033999964
31.129999999998 71.601780645322
31.134999999998 67.130771574567
31.139999999998 62.748764966769
31.144999999998 58.504457145691
31.149999999998 54.435782626559
31.154999999998 50.570805391653
31.159999999998 46.928954295652
31.164999999998 43.522418921382
31.169999999998 40.357581954859
31.174999999998 37.436413686628
31.179999999998 34.757791454496
31.184999999998 32.318731847360
31.189999999998 30.115537098835
31.194999999998 28.144859813193
31.199999999998 26.404681745409
31.204999999998 24.895182135401
31.209999999998 23.619439546665
31.214999999998 22.583873353440
31.219999999998 21.798301747120
31.224999999998 21.275500256077
31.229999999998 21.030222159902
31.234999999998 21.077802753525
31.239999999998 21.432666253925
31.244999999998 22.107172365397
31.249999999998 23.111165954084
31.254999999998 24.452329495895
31.259999999998 26.137129599713
31.264999999998 28.171969833656
31.269999999998 30.564173251478
31.274999999998 33.322550043036
31.279999999998 36.457450346372
31.284999999998 39.980294198160
31.289999999998 43.902601571781
31.294999999998 48.234537511487
31.299999999998 52.982966979558
31.304999999998 58.149001412844
31.309999999998 63.725028177916
31.314999999998 69.691256135666
31.319999999998 76.011895174922
31.324999999998 82.631222146392
31.329999999998 89.469969895031
31.334999999998 96.422693627934
31.339999999998 103.356976445637
31.344999999998 110.115455930778
31.349999999998 116.521578984696
31.354999999998 122.389613911595
31.359999999998 127.538713885916
31.364999999998 131.809808871790
31.369999999998 135.083051723159
31.374999999998 137.292842969834
31.379999999998 138.437480473281
31.384999999998 138.581376782921
31.389999999998 137.849348455353
31.394999999998 136.414184488342
31.399999999998 134.479951368373
31.404999999998 132.263915649448
31.409999999998 129.979559833838
31.414999999998 127.822244329648
31.419999999998 125.958052252926
31.424999999998 124.515588408501
31.429999999998 123.580151711457
31.434999999998 123.189746687506
31.439999999998 123.332714301045
31.444999999998 123.947175365541
31.449999999998 124.922839664384
31.454999999998 126.105930145332
31.459999999998 127.307923590371
31.464999999998 128.318450545228
31.469999999998 128.921996185154
31.474999999998 128.917070871801
31.479999999998 128.135513965413
31.484999999998 126.458945356133
31.489999999998 123.829469371277
31.494999999998 120.252713751873
31.499999999998 115.792915770975
31.504999999998 110.561493457356
31.509999999998 104.701760976579
31.514999999998 98.372816601288
31.519999999998 91.735188745569
31.524999999998 84.939901094715
31.529999999998 78.121618758975
31.534999999998 71.395763943817
31.539999999998 64.859067782469
31.544999999998 58.592936978769
31.549999999998 52.669163779142
31.554999999998 47.157760474885
31.559999999998 42.136847201563
31.564999999998 37.704130314966
31.569999999998 33.987657828687
31.574999999998 31.148970910408
31.579999999998 29.365561555972
31.584999999998 28.782038241142
31.589999999998 29.446780929188
31.594999999998 31.284085454402
31.599999999998 34.129521304175
31.604999999998 37.793491226575
31.609999999998 42.105439387571
31.614999999998 46.927226856052
31.619999999998 52.148036818653
31.624999999998 57.673394669756
31.629999999998 63.414542428792
31.634999999998 69.280236615600
31.639999999998 75.171426172702
31.644999999998 80.978887893638
31.649999999998 86.583879468752
31.654999999998 91.861826669867
31.659999999998 96.688851323358
31.664999999998 100.950559095917
31.669999999998 104.552022060885
31.674999999998 107.427464644645
31.679999999998 109.547974795213
31.684999999998 110.925749178317
31.689999999998 111.613952035177
31.694999999998 111.702079906391
31.699999999998 111.307533989449
31.704999999998 110.564669900768
31.709999999998 109.612795092542
31.714999999998 108.584446348436
31.719999999998 107.594949058696
31.724999999998 106.733910019563
31.729999999998 106.059045048572
31.734999999998 105.592616598064
31.739999999998 105.320699745286
31.744999999998 105.195420886515
31.749999999998 105.140155093477
31.754999999998 105.057405723401
31.759999999998 104.838751708639
31.764999999998 104.375897904067
31.769999999998 103.571590086429
31.774999999998 102.349056089035
31.779999999998 100.658784120525
31.784999999998 98.481860453309
31.789999999998 95.829681558859
31.794999999998 92.740475221631
31.799999999998 89.273541567296
31.804999999998 85.502346060841
31.809999999998 81.507547398166
31.814999999998 77.370795220192
31.819999999998 73.169797095422
31.824999999998 68.974832843324
31.829999999998 64.846649699143
31.834999999998 60.835524067733
31.839999999998 56.981214328856
31.844999999998 53.313529888980
31.849999999998 49.853278415605
31.854999999998 46.613405012254
31.859999999998 43.600190053257
31.864999999998 40.814418786478
31.869999999998 38.252472436205
31.874999999998 35.907317016203
31.879999999998 33.769383520547
31.884999999998 31.827343378261
31.889999999998 30.068787978538
31.894999999998 28.480822530323
31.899999999998 27.050584089060
31.904999999998 25.765692483419
31.909999999998 24.614641903063
31.914999999998 23.587140415756
31.919999999998 22.674404603084
31.924999999998 21.869416444240
31.929999999998 21.167148938989
31.934999999998 20.564765092916
31.939999999998 20.061791252814
31.944999999998 19.660260164852
31.949999999998 19.364811933850
31.954999999998 19.182733665494
31.959999999998 19.123913622384
31.964999999998 19.200687002793
31.969999999998 19.427561785592
31.974999999998 19.820836013575
31.979999999998 20.398148791198
31.984999999998 21.178036134711
31.989999999998 22.179576143870
31.994999999998 23.422195988226
31.999999999998 24.925676968462
32.004999999998 26.710346204650
32.009999999998 28.797401707492
32.014999999998 31.209293804591
32.019999999998 33.970081661918
32.024999999998 37.105691901721
32.029999999998 40.644017231202
32.034999999998 44.614798823565
32.039999999998 49.049233082385
32.044999999998 53.979230798390
32.049999999998 59.436235960262
32.054999999998 65.449485098577
32.059999999998 72.043559633614
32.064999999998 79.235058818297
32.069999999998 87.028208474239
32.074999999998 95.409235006289
32.079999999998 104.339396332948
32.084999999998 113.746700249001
32.089999999998 123.516590643806
32.094999999998 133.482274533324
32.099999999998 143.415909269416
32.104999999998 153.022531067356
32.109999999998 161.939257567903
32.114999999998 169.742697179359
32.119999999998 175.967303333536
32.124999999998 180.136278143529
32.129999999998 181.804419165841
32.134999999998 180.609341745583
32.139999999998 176.324733820595
32.144999999998 168.908078916107
32.149999999998 158.536859972744
32.154999999998 145.632062607776
32.159999999998 130.875027726190
32.164999999998 115.230866685892
32.169999999998 99.991103134801
32.174999999998 86.812373239201
32.179999999998 77.590810948628
32.184999999998 73.825088571108
32.189999999998 75.569909205705
32.194999999998 81.245442370977
32.199999999998 88.718824304462
32.204999999998 96.263254132975
32.209999999998 102.783625096349
32.214999999998 107.701409568789
32.219999999998 110.800839179782
32.224999999998 112.108661944581
32.229999999998 111.805504814005
32.234999999998 110.159380996223
32.239999999998 107.475976485805
32.244999999998 104.063110320087
32.249999999998 100.207454514378
32.254999999998 96.161384199670
32.259999999998 92.137557870090
32.264999999998 88.308836490703
32.269999999998 84.811444756808
32.274999999998 81.749735141434
32.279999999998 79.201406264371
32.284999999998 77.222464463035
32.289999999998 75.851559367264
32.294999999998 75.113559920024
32.299999999998 75.022373006213
32.304999999998 75.583059226201
32.309999999998 76.793293963230
32.314999999998 78.644186566375
32.319999999998 81.120434920947
32.324999999998 84.199776954695
32.329999999998 87.851712480742
32.334999999998 92.035506461525
32.339999999998 96.697543701925
32.344999999998 101.768183205346
32.349999999998 107.158359711854
32.354999999998 112.756302220183
32.359999999998 118.424880439516
32.364999999998 124.000233145811
32.369999999998 129.292442557126
32.374999999998 134.089043399202
32.379999999998 138.162032275837
32.384999999998 141.278721361736
32.389999999998 143.216251627883
32.394999999998 143.778910665432
32.399999999998 142.816743727603
32.404999999998 140.243523925923
32.409999999998 136.052172492115
32.414999999998 130.326300154833
32.419999999998 123.247587664479
32.424999999998 115.099901501998
32.429999999998 106.271711786802
32.434999999998 97.257407068384
32.439999999998 88.653430890547
32.444999999998 81.134067683429
32.449999999998 75.376002563153
32.454999999998 71.902989291343
32.459999999998 70.887017719559
32.464999999998 72.045263956838
32.469999999998 74.743395706718
32.474999999998 78.226057513595
32.479999999998 81.809787944602
32.484999999998 84.971632493718
32.489999999998 87.361763828614
32.494999999998 88.782778093329
32.499999999998 89.159775923967
32.504999999998 88.510373748993
32.509999999998 86.917392572382
32.514999999998 84.505095590879
32.519999999998 81.419421703869
32.524999999998 77.812451710976
32.529999999998 73.831064237784
32.534999999998 69.609434003079
32.539999999998 65.264788410308
32.544999999998 60.895718667744
32.549999999998 56.582337144495
32.554999999998 52.387651956860
32.559999999998 48.359653478669
32.564999999998 44.533742201899
32.569999999998 40.935250919905
32.574999999998 37.581914842527
32.579999999998 34.486216362128
32.584999999998 31.657575205480
32.589999999998 29.104367493168
32.594999999998 26.835733784759
32.599999999998 24.863069669025
32.604999999998 23.200983135108
32.609999999998 21.867381526538
32.614999999998 20.882313347775
32.619999999998 20.265403711488
32.624999999998 20.032308906919
32.629999999998 20.191386705077
32.634999999998 20.742115785845
32.639999999998 21.676148063495
32.644999999998 22.980548580090
32.649999999998 24.641808818766
32.654999999998 26.649250316499
32.659999999998 28.997137752122
32.664999999998 31.685509918255
32.669999999998 34.720069205893
32.674999999998 38.111493406302
32.679999999998 41.874419130715
32.684999999998 46.026215045233
32.689999999998 50.585562326984
32.694999999998 55.570794236954
32.699999999998 60.997908260528
32.704999999998 66.878145300462
32.709999999998 73.215028285309
32.714999999998 80.000770144530
32.719999999998 87.212006198354
32.724999999998 94.804890210311
32.729999999998 102.709729745666
32.734999999998 110.825535083991
32.739999999998 119.015115699279
32.744999999998 127.101655495206
32.749999999998 134.867973030203
32.754999999998 142.059822575639
32.759999999998 148.394477637266
32.764999999998 153.575325777274
32.769999999998 157.312234550478
32.774999999998 159.346131832685
32.779999999998 159.474908488742
32.784999999998 157.576897310324
32.789999999998 153.628299553238
32.794999999998 147.712246324510
32.799999999998 140.019485589802
32.804999999998 130.843368160156
32.809999999998 120.574097936130
32.814999999998 109.698354837080
32.819999999998 98.809253396107
32.824999999998 88.624996104877
32.829999999998 79.994713887920
32.834999999998 73.829737947773
32.839999999998 70.874665927208
32.844999999998 71.356253515897
32.849999999998 74.806130893002
32.854999999998 80.277443330023
32.859999999998 86.729225744020
32.864999999998 93.271909417131
32.869999999998 99.237743215152
32.874999999998 104.169127066653
32.879999999998 107.788333213783
32.884999999998 109.968323612405
32.889999999998 110.705855754755
32.894999999998 110.094734151814
32.899999999998 108.298547676261
32.904999999998 105.524051115757
32.909999999998 101.997166219568
32.914999999998 97.943361365724
32.919999999998 93.573356667347
32.924999999998 89.074176607264
32.929999999998 84.604860408426
32.934999999998 80.295762577386
32.939999999998 76.250301747056
32.944999999998 72.548143764826
32.949999999998 69.249027498981
32.954999999998 66.396678764162
32.959999999998 64.022463403636
32.964999999998 62.148587500855
32.969999999998 60.790761304124
32.974999999998 59.960312460833
32.979999999998 59.665774034962
32.984999999998 59.913992071509
32.989999999998 60.710801682671
32.994999999998 62.061312978106
32.999999999998 63.969831205953
33.004999999998 66.439412498287
33.009999999998 69.471031984060
33.014999999998 73.062319586335
33.019999999998 77.205805158230
33.024999999998 81.886613014980
33.029999999998 87.079561062111
33.034999999998 92.745657624035
33.039999999998 98.828057488084
33.044999999998 105.247646084834
33.049999999998 111.898573404341
33.054999999998 118.644255909740
33.059999999998 125.314588860655
33.064999999998 131.705322963383
33.069999999998 137.580688986844
33.074999999998 142.680308256918
33.079999999998 146.731109851856
33.084999999998 149.464332778412
33.089999999998 150.636768694976
33.094999999998 150.054386696411
33.099999999998 147.595699670356
33.104999999998 143.232048700741
33.109999999998 137.042649955940
33.114999999998 129.223746263536
33.119999999998 120.093153742411
33.124999999998 110.093115786195
33.129999999998 99.794257195726
33.134999999998 89.898628804873
33.139999999999 81.224750651128
33.144999999999 74.628925254775
33.149999999999 70.803271144810
33.154999999999 69.982250293146
33.159999999999 71.781888335929
33.164999999999 75.364897360518
33.169999999999 79.783113150382
33.174999999999 84.226868722275
33.179999999999 88.110896722030
33.184999999999 91.065780919651
33.189999999999 92.899365276571
33.194999999999 93.555509053581
33.199999999999 93.077251233766
33.204999999999 91.575156048445
33.209999999999 89.200662396086
33.214999999999 86.124426890609
33.219999999999 82.519681834373
33.224999999999 78.550408002563
33.229999999999 74.363815076823
33.234999999999 70.086382620959
33.239999999999 65.822608924008
33.244999999999 61.655639546799
33.249999999999 57.649061328833
33.254999999999 53.849303507178
33.259999999999 50.288247655187
33.264999999999 46.985789169199
33.269999999999 43.952204771410
33.274999999999 41.190261533271
33.279999999999 38.697056595551
33.284999999999 36.465608241182
33.289999999999 34.486233604905
33.294999999999 32.747750883925
33.299999999999 31.238538560277
33.304999999999 29.947474309098
33.309999999999 28.864764730125
33.314999999999 27.982665855323
33.319999999999 27.296084880183
33.324999999999 26.803046565136
33.329999999999 26.505004046801
33.334999999999 26.406974628221
33.339999999999 26.517488236511
33.344999999999 26.848351101617
33.349999999999 27.414249283417
33.354999999999 28.232241673969
33.359999999999 29.321211799826
33.364999999999 30.701352633811
33.369999999999 32.393742803270
33.374999999999 34.420037882176
33.379999999999 36.802256339902
33.384999999999 39.562598513409
33.389999999999 42.723207693135
33.394999999999 46.305767439272
33.399999999999 50.330825336166
33.404999999999 54.816735431540
33.409999999999 59.778116315300
33.414999999999 65.223729882269
33.419999999999 71.153702598406
33.424999999999 77.556046148847
33.429999999999 84.402500726440
33.434999999999 91.643836602169
33.439999999999 99.204920525838
33.444999999999 106.980086169749
33.449999999999 114.829625029894
33.454999999999 122.578484562708
33.459999999999 130.018427935084
33.464999999999 136.914838593440
33.469999999999 143.018900904973
33.474999999999 148.084979015355
33.479999999999 151.891732473556
33.484999999999 154.264154233132
33.489999999999 155.092782177113
33.494999999999 154.346306744213
33.499999999999 152.074893780507
33.504999999999 148.403523931771
33.509999999999 143.516867387525
33.514999999999 137.638902732705
33.519999999999 131.011145911584
33.524999999999 123.872937921648
33.529999999999 116.446104872532
33.534999999999 108.924963038495
33.539999999999 101.471515481974
33.544999999999 94.214984218494
33.549999999999 87.254550330843
33.554999999999 80.664222899892
33.559999999999 74.498981185852
33.564999999999 68.801605265134
33.569999999999 63.609829973283
33.574999999999 58.963542817694
33.579999999999 54.911609459175
33.584999999999 51.517456577843
33.589999999999 48.861761516399
33.594999999999 47.039821216131
33.599999999999 46.151396191264
33.604999999999 46.283413781073
33.609999999999 47.490705194810
33.614999999999 49.783189463481
33.619999999999 53.124993845684
33.624999999999 57.443336025595
33.629999999999 62.639790638660
33.634999999999 68.597651663645
33.639999999999 75.183469954283
33.644999999999 82.244323206584
33.649999999999 89.603767411848
33.654999999999 97.059498317913
33.659999999999 104.385316037340
33.664999999999 111.339247736280
33.669999999999 117.678513231123
33.674999999999 123.180333517839
33.679999999999 127.665621923905
33.684999999999 131.020987925352
33.689999999999 133.214012723850
33.694999999999 134.297910593848
33.699999999999 134.404240521835
33.704999999999 133.725322957840
33.709999999999 132.490262320735
33.714999999999 130.939232125044
33.719999999999 129.299984494312
33.724999999999 127.769040625172
33.729999999999 126.498470286878
33.734999999999 125.588074223566
33.739999999999 125.082260808466
33.744999999999 124.970816738017
33.749999999999 125.192899281590
33.754999999999 125.643762254419
33.759999999999 126.183875523159
33.764999999999 126.650147780541
33.769999999999 126.868865014075
33.774999999999 126.669695288567
33.779999999999 125.899739881750
33.784999999999 124.436273301855
33.789999999999 122.196695108043
33.794999999999 119.144455365458
33.799999999999 115.290325628556
33.804999999999 110.689227001244
33.809999999999 105.433655175318
33.814999999999 99.645327215714
33.819999999999 93.466890752541
33.824999999999 87.055396649037
33.829999999999 80.578845565882
33.834999999999 74.216566184476
33.839999999999 68.163404687085
33.844999999999 62.636341220086
33.849999999999 57.879517529082
33.854999999999 54.159410185038
33.859999999999 51.738458234441
33.864999999999 50.821294562815
33.869999999999 51.490782500738
33.874999999999 53.674726241537
33.879999999999 57.169796067385
33.884999999999 61.702436843026
33.889999999999 66.985177724249
33.894999999999 72.746988926647
33.899999999999 78.741256084133
33.904999999999 84.742995814364
33.909999999999 90.544127653706
33.914999999999 95.951114488102
33.919999999999 100.786263906018
33.924999999999 104.892351966296
33.929999999999 108.139367061268
33.934999999999 110.431732957362
33.939999999999 111.714274925894
33.944999999999 111.975448825261
33.949999999999 111.246926139226
33.954999999999 109.599389509750
33.959999999999 107.135143790622
33.964999999999 103.978691130484
33.969999999999 100.266638707884
33.974999999999 96.138202943850
33.979999999999 91.727238616139
33.984999999999 87.156291593397
33.989999999999 82.532772544667
33.994999999999 77.947051804160
33.999999999999 73.472106373750
34.004999999999 69.164294242007
34.009999999999 65.064855456795
34.014999999999 61.201807882510
34.019999999999 57.591989324788
34.024999999999 54.243077678932
34.029999999999 51.155487055096
34.034999999999 48.324087260283
34.039999999999 45.739727497030
34.044999999999 43.390565634149
34.049999999999 41.263215501600
34.054999999999 39.343729705771
34.059999999999 37.618437101748
34.064999999999 36.074654060806
34.069999999999 34.701287923115
34.074999999999 33.489349677096
34.079999999999 32.432390589620
34.084999999999 31.526873605615
34.089999999999 30.772484269029
34.094999999999 30.172377512371
34.099999999999 29.733346560174
34.104999999999 29.465890316702
34.109999999999 29.384149469938
34.114999999999 29.505683924059
34.119999999999 29.851079598013
34.124999999999 30.443402417635
34.129999999999 31.307556236758
34.134999999999 32.469636499027
34.139999999999 33.956385940826
34.144999999999 35.794840690025
34.149999999999 38.012206122815
34.154999999999 40.635937344724
34.159999999999 43.693940415366
34.164999999999 47.214772605841
34.169999999999 51.227705555424
34.174999999999 55.762515926287
34.179999999999 60.848871928527
34.184999999999 66.515181227139
34.189999999999 72.786751917803
34.194999999999 79.683094603358
34.199999999999 87.214166020276
34.204999999999 95.375333859834
34.209999999999 104.140845230235
34.214999999999 113.455632903080
34.219999999999 123.225430205152
34.224999999999 133.305434582826
34.229999999999 143.488215341516
34.234999999999 153.492247677359
34.239999999999 162.953376432954
34.244999999999 171.422578956350
34.249999999999 178.374358915957
34.254999999999 183.230511474691
34.259999999999 185.403243023427
34.264999999999 184.359142251238
34.269999999999 179.701187195419
34.274999999999 171.260725962287
34.279999999999 159.187365050173
34.284999999999 144.025020544654
34.289999999999 126.769408153811
34.294999999999 108.912972276838
34.299999999999 92.472980554867
34.304999999999 79.878694737076
34.309999999999 73.287411256783
34.314999999999 73.142993277689
34.319999999999 77.594421831995
34.324999999999 83.956493689180
34.329999999999 90.175977743112
34.334999999999 95.118118632022
34.339999999999 98.323257298291
34.344999999999 99.741192686007
34.349999999999 99.546452460743
34.354999999999 98.020824539629
34.359999999999 95.480861212926
34.364999999999 92.235098807691
34.369999999999 88.561068879824
34.374999999999 84.695280395383
34.379999999999 80.831312997101
34.384999999999 77.122576964617
34.389999999999 73.687384398006
34.394999999999 70.614808555130
34.399999999999 67.970419605184
34.404999999999 65.801411592534
34.409999999999 64.140916817211
34.414999999999 63.011477253717
34.419999999999 62.427737887078
34.424999999999 62.398465731078
34.429999999999 62.927997128618
34.434999999999 64.017189172971
34.439999999999 65.663913219440
34.444999999999 67.863092929371
34.449999999999 70.606265743110
34.454999999999 73.880639215709
34.459999999999 77.667621870681
34.464999999999 81.940830367918
34.469999999999 86.663610748641
34.474999999999 91.786164042478
34.479999999999 97.242439958038
34.484999999999 102.947059669871
34.489999999999 108.792647182365
34.494999999999 114.648075437592
34.499999999999 120.358241030268
34.504999999999 125.746027536898
34.509999999999 130.617049217937
34.514999999999 134.767535604306
34.519999999999 137.995303245349
34.524999999999 140.113200592775
34.529999999999 140.963817511553
34.534999999999 140.433798726116
34.539999999999 138.465982099002
34.544999999999 135.067925929899
34.549999999999 130.316186173138
34.554999999999 124.356785024508
34.559999999999 117.403383490408
34.564999999999 109.735376407111
34.569999999999 101.698039974548
34.574999999999 93.705285462347
34.579999999999 86.241209314639
34.584999999999 79.847870357145
34.589999999999 75.075415507476
34.594999999999 72.372130436369
34.599999999999 71.934736869994
34.604999999999 73.610087233490
34.609999999999 76.935565158162
34.614999999999 81.289156339738
34.619999999999 86.041638988225
34.624999999999 90.647192056764
34.629999999999 94.677369939144
34.634999999999 97.825129798173
34.639999999999 99.897217927211
34.644999999999 100.802173668616
34.649999999999 100.535684054507
34.654999999999 99.163679778427
34.659999999999 96.803938929469
34.664999999999 93.607559259034
34.669999999999 89.741861548428
34.674999999999 85.376021947925
34.679999999999 80.670179906384
34.684999999999 75.768164855532
34.689999999999 70.793502600188
34.694999999999 65.848076753371
34.699999999999 61.012725025761
34.704999999999 56.349093682906
34.709999999999 51.902194643531
34.714999999999 47.703257445378
34.719999999999 43.772609183802
34.724999999999 40.122432344643
34.729999999999 36.759337242994
34.734999999999 33.686742113813
34.739999999999 30.907079874009
34.744999999999 28.423842838197
34.749999999999 26.243426208232
34.754999999999 24.376625888089
34.759999999999 22.839486037241
34.764999999999 21.653026421332
34.769999999999 20.841360304186
34.774999999999 20.428082828805
34.779999999999 20.431681403319
34.784999999999 20.861681725055
34.789999999999 21.717365344931
34.794999999999 22.989683362870
34.799999999999 24.665287994864
34.804999999999 26.730799106337
34.809999999999 29.175881089082
34.814999999999 31.994664238678
34.819999999999 35.185726264932
34.824999999999 38.751063978511
34.829999999999 42.694413532212
34.834999999999 47.019126269988
34.839999999999 51.725683856402
34.844999999999 56.808871653859
34.849999999999 62.254622800840
34.854999999999 68.036591449277
34.859999999999 74.112608779746
34.864999999999 80.421316219930
34.869999999999 86.879445869995
34.874999999999 93.380400953730
34.879999999999 99.794926772583
34.884999999999 105.974676543102
34.889999999999 111.759275612830
34.894999999999 116.987004011088
34.899999999999 121.508460458852
34.904999999999 125.201677286185
34.909999999999 127.986393587197
34.914999999999 129.834887152641
34.919999999999 130.777142586034
34.924999999999 130.899175402735
34.929999999999 130.334732038071
34.934999999999 129.251868081470
34.939999999999 127.836657909898
34.944999999999 126.276350179787
34.949999999999 124.743794851803
34.954999999999 123.384250047960
34.959999999999 122.305054569111
34.964999999999 121.568312248405
34.969999999999 121.186687779891
34.974999999999 121.122536935978
34.979999999999 121.290714966757
34.984999999999 121.565379137235
34.989999999999 121.790840255101
34.994999999999 121.796006937780
34.999999999999 121.411264940037
35.004999999999 120.485900461776
35.009999999999 118.903666717468
35.014999999999 116.594083762972
35.019999999999 113.537702371105
35.024999999999 109.764746548016
35.029999999999 105.347913105701
35.034999999999 100.391193844436
35.039999999999 95.017072058000
35.044999999999 89.354278044807
35.049999999999 83.527663311494
35.054999999999 77.650970432418
35.059999999999 71.822590708046
35.064999999999 66.123948774296
35.069999999999 60.619948377412
35.074999999999 55.360902364129
35.079999999999 50.385477002551
35.084999999999 45.724339015131
35.089999999999 41.404351654286
35.095000000000 37.453275535502
35.100000000000 33.904915943996
35.105000000000 30.804374877069
35.110000000000 28.212274023415
35.115000000000 26.205353726241
35.120000000000 24.869377305860
35.125000000000 24.281420263889
35.130000000000 24.485732312119
35.135000000000 25.476952963778
35.140000000000 27.203285628184
35.145000000000 29.586658517779
35.150000000000 32.545060535753
35.155000000000 36.006138800240
35.160000000000 39.910893281685
35.165000000000 44.211173481780
35.170000000000 48.864582151441
35.175000000000 53.828848868116
35.180000000000 59.056583509743
35.185000000000 64.490800436131
35.190000000000 70.061487568529
35.195000000000 75.683556575990
35.200000000000 81.256605546654
35.205000000000 86.666955354211
35.210000000000 91.792310123192
35.215000000000 96.509092000592
35.220000000000 100.702012768637
35.225000000000 104.274849746989
35.230000000000 107.160854526497
35.235000000000 109.330947700665
35.240000000000 110.798006559401
35.245000000000 111.616165111163
35.250000000000 111.874967588695
35.255000000000 111.689171743662
35.260000000000 111.185711004072
35.265000000000 110.489644977851
35.270000000000 109.710876526270
35.275000000000 108.933126430561
35.280000000000 108.206278758988
35.285000000000 107.542817298667
35.290000000000 106.918664559558
35.295000000000 106.278280934326
35.300000000000 105.543383038371
35.305000000000 104.624151075838
35.310000000000 103.431410271795
35.315000000000 101.888096495476
35.320000000000 99.938431851255
35.325000000000 97.553660151906
35.330000000000 94.733850705485
35.335000000000 91.506010381393
35.340000000000 87.919353146315
35.345000000000 84.038913945356
35.350000000000 79.938715838003
35.355000000000 75.695469787377
35.360000000000 71.383430322214
35.365000000000 67.070671134871
35.370000000000 62.816763490802
35.375000000000 58.671666062826
35.380000000000 54.675558076916
35.385000000000 50.859341078168
35.390000000000 47.245568731897
35.395000000000 43.849615494924
35.400000000000 40.680948482939
35.405000000000 37.744414105560
35.410000000000 35.041488439454
35.415000000000 32.571466889692
35.420000000000 30.332584529757
35.425000000000 28.323063706069
35.430000000000 26.542079663774
35.435000000000 24.990617485747
35.440000000000 23.672165136939
35.445000000000 22.593152905339
35.450000000000 21.763023231705
35.455000000000 21.193823217420
35.460000000000 20.899286809270
35.465000000000 20.893526715690
35.470000000000 21.189643092637
35.475000000000 21.798668364771
35.480000000000 22.729197562444
35.485000000000 23.987801512063
35.490000000000 25.580023989749
35.495000000000 27.511590712890
35.500000000000 29.789468574886
35.505000000000 32.422542462209
35.510000000000 35.421819249267
35.515000000000 38.800159334363
35.520000000000 42.571565807055
35.525000000000 46.750050359483
35.530000000000 51.348068026127
35.535000000000 56.374487945823
35.540000000000 61.832056327159
35.545000000000 67.714319519628
35.550000000000 74.002018458178
35.555000000000 80.659050529387
35.560000000000 87.628229822259
35.565000000000 94.827264272681
35.570000000000 102.145595971965
35.575000000000 109.442980468370
35.580000000000 116.550838569187
35.585000000000 123.277392231874
35.590000000000 129.417276254034
35.595000000000 134.765624069907
35.600000000000 139.135600960462
35.605000000000 142.377219998639
35.610000000000 144.394406213387
35.615000000000 145.157087993660
35.620000000000 144.705828494499
35.625000000000 143.148043902315
35.630000000000 140.646708495618
35.635000000000 137.403984617592
35.640000000000 133.642958026716
35.645000000000 129.590485019750
35.650000000000 125.463300083491
35.655000000000 121.458399154345
35.660000000000 117.747676006886
35.665000000000 114.476061085600
35.670000000000 111.762038384413
35.675000000000 109.699335674936
35.680000000000 108.358702314611
35.685000000000 107.788926634596
35.690000000000 108.016547624126
35.695000000000 109.044046887763
35.700000000000 110.846636367701
35.705000000000 113.368061055074
35.710000000000 116.516106105101
35.715000000000 120.158746011727
35.720000000000 124.122109804802
35.725000000000 128.191627090214
35.730000000000 132.117753380490
35.735000000000 135.627369843914
35.740000000000 138.441143315529
35.745000000000 140.295793605947
35.750000000000 140.968597759208
35.755000000000 140.300109641783
35.760000000000 138.210647811285
35.765000000000 134.707031501553
35.770000000000 129.878195661411
35.775000000000 123.880971623769
35.780000000000 116.919506738423
35.785000000000 109.222796531315
35.790000000000 101.024488109781
35.795000000000 92.547905755766
35.800000000000 83.997808323827
35.805000000000 75.559274493386
35.810000000000 67.403607834594
35.815000000000 59.701211648255
35.820000000000 52.641491332472
35.825000000000 46.458396086279
35.830000000000 41.453160951697
35.835000000000 37.987611677898
35.840000000000 36.402698511569
35.845000000000 36.858716249725
35.850000000000 39.222627325484
35.855000000000 43.134936044782
35.860000000000 48.177403691621
35.865000000000 53.985043015391
35.870000000000 60.270921583904
35.875000000000 66.808927629862
35.880000000000 73.409921086773
35.885000000000 79.904079350762
35.890000000000 86.131456246897
35.895000000000 91.939685126288
35.900000000000 97.187199434062
35.905000000000 101.750224678408
35.910000000000 105.531630016493
35.915000000000 108.469588456641
35.920000000000 110.544079405522
35.925000000000 111.779708204822
35.930000000000 112.244090694417
35.935000000000 112.041972649865
35.940000000000 111.306060006724
35.945000000000 110.186004482379
35.950000000000 108.837036943904
35.955000000000 107.409440736702
35.960000000000 106.039583141450
35.965000000000 104.842763365477
35.970000000000 103.907822612651
35.975000000000 103.293343204846
35.980000000000 103.025309498186
35.985000000000 103.096236645988
35.990000000000 103.465907578387
35.995000000000 104.063927316573
36.000000000000 104.794272460475
36.005000000000 105.541874773081
36.010000000000 106.181040311335
36.015000000000 106.585195217108
36.020000000000 106.637119810880
36.025000000000 106.238572354393
36.030000000000 105.318117819763
36.035000000000 103.836142429622
36.040000000000 101.786452385945
36.045000000000 99.194430652541
36.050000000000 96.112299438470
36.055000000000 92.612449835885
36.060000000000 88.779961291715
36.065000000000 84.705343090419
36.070000000000 80.478264073610
36.075000000000 76.182702021794
36.080000000000 71.893633537619
36.085000000000 67.675154432409
36.090000000000 63.579785644161
36.095000000000 59.648668971403
36.100000000000 55.912365913455
36.105000000000 52.392015924833
36.110000000000 49.100666721892
36.115000000000 46.044645171477
36.120000000000 43.224885264372
36.125000000000 40.638166837984
36.130000000000 38.278245023572
36.135000000000 36.136867298541
36.140000000000 34.204684527888
36.145000000000 32.472066478887
36.150000000000 30.929832664151
36.155000000000 29.569907202930
36.160000000000 28.385902363006
36.165000000000 27.373629808002
36.170000000000 26.531531425940
36.175000000000 25.861013370686
36.180000000000 25.366658975612
36.185000000000 25.056291393151
36.190000000000 24.940859620200
36.195000000000 25.034136736921
36.200000000000 25.352248816444
36.205000000000 25.913092682877
36.210000000000 26.735737756797
36.215000000000 27.839924024600
36.220000000000 29.245751611001
36.225000000000 30.973608624126
36.230000000000 33.044319742349
36.235000000000 35.479441668482
36.240000000000 38.301599302657
36.245000000000 41.534750221995
36.250000000000 45.204275167058
36.255000000000 49.336805541683
36.260000000000 53.959705428173
36.265000000000 59.100120906738
36.270000000000 64.783493961873
36.275000000000 71.031415528482
36.280000000000 77.858668087125
36.285000000000 85.269291009763
36.290000000000 93.251503758638
36.295000000000 101.771360781977
36.300000000000 110.765112161981
36.305000000000 120.130436837652
36.310000000000 129.717033563762
36.315000000000 139.317521857921
36.320000000000 148.660212289531
36.325000000000 157.405979433632
36.330000000000 165.152039465979
36.335000000000 171.445612445991
36.340000000000 175.809883025037
36.345000000000 177.783080893958
36.350000000000 176.968907400743
36.355000000000 173.093499837189
36.360000000000 166.061800159188
36.365000000000 156.006013430253
36.370000000000 143.321882406151
36.375000000000 128.694744450073
36.380000000000 113.124546276059
36.385000000000 97.958531226165
36.390000000000 84.902183200971
36.395000000000 75.839788466387
36.400000000000 72.142458254724
36.405000000000 73.673579003608
36.410000000000 78.759079253964
36.415000000000 85.318342556681
36.420000000000 91.747821037519
36.425000000000 97.084099971473
36.430000000000 100.862989286377
36.435000000000 102.955183226421
36.440000000000 103.441769530499
36.445000000000 102.526198238996
36.450000000000 100.472426741536
36.455000000000 97.562283882294
36.460000000000 94.067614104623
36.465000000000 90.233839797986
36.470000000000 86.272025253043
36.475000000000 82.356868500327
36.480000000000 78.628462638828
36.485000000000 75.196144819152
36.490000000000 72.143223270113
36.495000000000 69.531785430808
36.500000000000 67.407116687002
36.505000000000 65.801496804338
36.510000000000 64.737300404066
36.515000000000 64.229423100704
36.520000000000 64.287099768058
36.525000000000 64.915188108875
36.530000000000 66.114971782301
36.535000000000 67.884506218223
36.540000000000 70.218499784701
36.545000000000 73.107702776892
36.550000000000 76.537771484307
36.555000000000 80.487585128181
36.560000000000 84.927019337904
36.565000000000 89.814222160631
36.570000000000 95.092500865436
36.575000000000 100.687014463349
36.580000000000 106.501579939614
36.585000000000 112.416034575892
36.590000000000 118.284735020122
36.595000000000 123.936882155642
36.600000000000 129.179389020352
36.605000000000 133.802897919312
36.610000000000 137.591253465636
36.615000000000 140.334241006599
36.620000000000 141.842765366219
36.625000000000 141.965018195874
36.630000000000 140.601770881273
36.635000000000 137.718937194740
36.640000000000 133.356083355215
36.645000000000 127.630561964952
36.650000000000 120.738167629711
36.655000000000 112.952273423973
36.660000000000 104.623805626967
36.665000000000 96.183379841870
36.670000000000 88.143029099429
36.675000000000 81.086055133414
36.680000000000 75.619894819668
36.685000000000 72.262567432082
36.690000000000 71.273493420760
36.695000000000 72.526212463686
36.700000000000 75.538041698268
36.705000000000 79.639728734770
36.710000000000 84.156130238114
36.715000000000 88.513139360181
36.720000000000 92.274231300395
36.725000000000 95.140042090835
36.730000000000 96.934368300075
36.735000000000 97.586147894864
36.740000000000 97.110054714290
36.745000000000 95.586437505501
36.750000000000 93.141397803934
36.755000000000 89.928143310603
36.760000000000 86.110779281690
36.765000000000 81.851374471187
36.770000000000 77.300636415907
36.775000000000 72.592045683909
36.780000000000 67.838951800138
36.785000000000 63.133961802858
36.790000000000 58.549932055861
36.795000000000 54.141954261675
36.800000000000 49.949855724532
36.805000000000 46.000872330829
36.810000000000 42.312276595222
36.815000000000 38.893841651123
36.820000000000 35.750092888340
36.825000000000 32.882343719157
36.830000000000 30.290532914168
36.835000000000 27.974878577974
36.840000000000 25.937335976125
36.845000000000 24.182789926336
36.850000000000 22.719830023901
36.855000000000 21.560872068322
36.860000000000 20.721365239174
36.865000000000 20.217964126744
36.870000000000 20.065918571736
36.875000000000 20.276435420015
36.880000000000 20.855040934386
36.885000000000 21.801668207937
36.890000000000 23.112399092691
36.895000000000 24.782066241722
36.900000000000 26.806744446187
36.905000000000 29.185486890282
36.910000000000 31.921117193418
36.915000000000 35.020187025265
36.920000000000 38.492300750239
36.925000000000 42.348971838925
36.930000000000 46.602097164202
36.935000000000 51.262064146253
36.940000000000 56.335460393806
36.945000000000 61.822340469738
36.950000000000 67.713021806541
36.955000000000 73.984436031580
36.960000000000 80.596159687371
36.965000000000 87.486395025947
36.970000000000 94.568365001391
36.975000000000 101.727807458860
36.980000000000 108.822454948325
36.985000000000 115.684487877025
36.990000000000 122.126842459295
36.995000000000 127.953838052950
37.000000000000 132.975820491163
37.005000000000 137.026490234596
37.010000000000 139.980557490345
37.015000000000 141.768724607301
37.020000000000 142.387093527066
37.025000000000 141.899056835157
37.030000000000 140.429323975962
37.035000000000 138.151435802452
37.040000000000 135.271354591443
37.045000000000 132.010127342141
37.050000000001 128.588207785917
37.055000000001 125.213077455178
37.060000000001 122.070720617953
37.065000000001 119.320598872162
37.070000000001 117.093199444729
37.075000000001 115.489015971414
37.080000000001 114.577899021970
37.085000000001 114.397995881006
37.090000000001 114.953896840053
37.095000000001 116.214041774754
37.100000000001 118.107856170853
37.105000000001 120.523441828710
37.110000000001 123.306921638398
37.115000000001 126.264696914076
37.120000000001 129.169842961469
37.125000000001 131.773519392629
37.130000000001 133.821491845841
37.135000000001 135.074660331633
37.140000000001 135.331107044173
37.145000000001 134.446090590044
37.150000000001 132.346170756119
37.155000000001 129.034564606147
37.160000000001 124.586745001741
37.165000000001 119.137551248764
37.170000000001 112.862870688050
37.175000000001 105.959700673280
37.180000000001 98.628042996909
37.185000000001 91.056988571537
37.190000000001 83.416061027728
37.195000000001 75.851847082347
37.200000000001 68.489365945753
37.205000000001 61.437526646953
37.210000000001 54.798259452817
37.215000000001 48.679227789041
37.220000000001 43.209869655693
37.225000000001 38.558528766831
37.230000000001 34.942081902909
37.235000000001 32.608026871740
37.240000000001 31.766561058816
37.245000000001 32.490703226455
37.250000000001 34.667485745506
37.255000000001 38.053653468575
37.260000000001 42.375706294488
37.265000000001 47.393805650926
37.270000000001 52.916377641952
37.275000000001 58.789475212551
37.280000000001 64.880650038312
37.285000000001 71.065522897353
37.290000000001 77.219089101373
37.295000000001 83.211796665340
37.300000000001 88.910016844552
37.305000000001 94.180412181735
37.310000000001 98.897473324727
37.315000000001 102.953099701207
37.320000000001 106.266669478239
37.325000000001 108.793781218264
37.330000000001 110.531933857538
37.335000000001 111.521911768321
37.340000000001 111.844460538903
37.345000000001 111.612739701210
37.350000000001 110.961747932530
37.355000000001 110.036250424158
37.360000000001 108.978675828408
37.365000000001 107.918117251250
37.370000000001 106.961158100206
37.375000000001 106.184908276742
37.380000000001 105.632448820758
37.385000000001 105.310819682094
37.390000000001 105.191666391646
37.395000000001 105.214604100661
37.400000000001 105.293212612121
37.405000000001 105.323338414730
37.410000000001 105.193079788560
37.415000000001 104.793525879351
37.420000000001 104.029089633492
37.425000000001 102.826207408461
37.430000000001 101.139343526994
37.435000000001 98.953641506271
37.440000000001 96.284124286576
37.445000000001 93.171916407844
37.450000000001 89.678387479981
37.455000000001 85.878301462823
37.460000000001 81.852992929988
37.465000000001 77.684348944764
37.470000000001 73.450056428208
37.475000000001 69.220272455139
37.480000000001 65.055645492555
37.485000000001 61.006477178072
37.490000000001 57.112757152029
37.495000000001 53.404804992214
37.500000000001 49.904289102875
37.505000000001 46.625442686253
37.510000000001 43.576348340579
37.515000000001 40.760207908552
37.520000000001 38.176549756186
37.525000000001 35.822351153682
37.530000000001 33.693069663107
37.535000000001 31.783585680401
37.540000000001 30.089059759933
37.545000000001 28.605704078112
37.550000000001 27.331458295872
37.555000000001 26.266547497631
37.560000000001 25.413886427117
37.565000000001 24.779284780384
37.570000000001 24.371410327427
37.575000000001 24.201488467730
37.580000000001 24.282762677939
37.585000000001 24.629802980056
37.590000000001 25.257806500103
37.595000000001 26.182054507218
37.600000000001 27.417653700906
37.605000000001 28.979604195725
37.610000000001 30.883138387580
37.615000000001 33.144204167197
37.620000000001 35.779942749561
37.625000000001 38.809028126605
37.630000000001 42.251768920247
37.635000000001 46.129902754081
37.640000000001 50.466027038665
37.645000000001 55.282607189018
37.650000000001 60.600488477541
37.655000000001 66.436817891977
37.660000000001 72.802265297364
37.665000000001 79.697428016548
37.670000000001 87.108321428108
37.675000000001 95.000915957726
37.680000000001 103.314797395240
37.685000000001 111.956223622267
37.690000000001 120.791141807431
37.695000000001 129.639112418014
37.700000000001 138.269518286928
37.705000000001 146.401817099428
37.710000000001 153.711752299498
37.715000000001 159.845150053438
37.720000000001 164.440005741094
37.725000000001 167.155970700100
37.730000000001 167.708360790904
37.735000000001 165.902047423658
37.740000000001 161.659880910642
37.745000000001 155.041289616794
37.750000000001 146.249485496196
37.755000000001 135.629664544863
37.760000000001 123.664619885670
37.765000000001 110.977005197319
37.770000000001 98.346956480686
37.775000000001 86.743185777101
37.780000000001 77.326353963750
37.785000000001 71.298795856008
37.790000000001 69.456399005563
37.795000000001 71.659389184158
37.800000000001 76.845991492565
37.805000000001 83.619515921434
37.810000000001 90.758528132004
37.815000000001 97.380418467730
37.820000000001 102.916251322100
37.825000000001 107.045552111114
37.830000000001 109.638909715515
37.835000000001 110.712020286304
37.840000000001 110.386559385915
37.845000000001 108.855173704779
37.850000000001 106.350472692363
37.855000000001 103.119084591061
37.860000000001 99.401759261810
37.865000000001 95.419784105304
37.870000000001 91.367188021068
37.875000000001 87.407658383740
37.880000000001 83.674873699130
37.885000000001 80.275002642660
37.890000000001 77.290328980019
37.895000000001 74.783229822411
37.900000000001 72.799993117949
37.905000000001 71.374174258979
37.910000000001 70.529349981759
37.915000000001 70.281231888813
37.920000000001 70.639158845728
37.925000000001 71.607006509358
37.930000000001 73.183544755107
37.935000000001 75.362253106410
37.940000000001 78.130584025169
37.945000000001 81.468655490197
37.950000000001 85.347365295370
37.955000000001 89.725954204286
37.960000000001 94.549106067836
37.965000000001 99.743762157996
37.970000000001 105.215944416737
37.975000000001 110.848022647239
37.980000000001 116.497007421949
37.985000000001 121.994570897780
37.990000000001 127.149541145299
37.995000000001 131.753519859261
38.000000000001 135.589983266645
38.005000000001 138.446724085161
38.010000000001 140.130832559360
38.015000000001 140.484741509153
38.020000000001 139.401390182736
38.025000000001 136.836514901933
38.030000000001 132.816577759743
38.035000000001 127.441850594108
38.040000000001 120.885445674553
38.045000000001 113.390268404064
38.050000000001 105.266552589151
38.055000000001 96.892322705513
38.060000000001 88.716908569116
38.065000000001 81.261751317218
38.070000000001 75.101282215024
38.075000000001 70.793959196744
38.080000000001 68.744048365479
38.085000000001 69.040986110254
38.090000000001 71.396829198287
38.095000000001 75.247293952409
38.100000000001 79.932768188155
38.105000000001 84.839463426168
38.110000000001 89.464326249004
38.115000000001 93.429197344295
38.120000000001 96.474111550003
38.125000000001 98.444814501956
38.130000000001 99.278906239207
38.135000000001 98.990957410836
38.140000000001 97.656423216774
38.145000000001 95.394802758841
38.150000000001 92.353092042023
38.155000000001 88.690764167894
38.160000000001 84.567287399426
38.165000000001 80.132736485548
38.170000000001 75.521561909078
38.175000000001 70.849193934889
38.180000000001 66.210931226634
38.185000000001 61.682490439080
38.190000000001 57.321632042219
38.195000000001 53.170379269906
38.200000000001 49.257470276601
38.205000000001 45.600801093474
38.210000000001 42.209714766637
38.215000000001 39.087065682733
38.220000000001 36.231038705587
38.225000000001 33.636734007228
38.230000000001 31.297544453120
38.235000000001 29.206356485304
38.240000000001 27.356599915478
38.245000000001 25.743158176184
38.250000000001 24.363129389425
38.255000000001 23.216402350722
38.260000000001 22.305986085409
38.265000000001 21.638018979989
38.270000000001 21.221401356321
38.275000000001 21.067059609514
38.280000000001 21.186957792488
38.285000000001 21.593085551469
38.290000000001 22.296702493909
38.295000000001 23.308055912823
38.300000000001 24.636625258049
38.305000000001 26.291765744650
38.310000000001 28.283515313979
38.315000000001 30.623325814659
38.320000000001 33.324546975683
38.325000000001 36.402573464948
38.330000000001 39.874621841560
38.335000000001 43.759125191614
38.340000000001 48.074726919152
38.345000000001 52.838835201214
38.350000000001 58.065678200041
38.355000000001 63.763787031101
38.360000000001 69.932837832379
38.365000000001 76.559816542684
38.370000000001 83.614542918460
38.375000000001 91.044717786958
38.380000000001 98.770850327457
38.385000000001 106.681679450429
38.390000000001 114.630999634823
38.395000000001 122.437071843627
38.400000000001 129.885930705167
38.405000000001 136.739738601594
38.410000000001 142.750743071215
38.415000000001 147.680318857796
38.420000000001 151.321168067983
38.425000000001 153.519400933231
38.430000000001 154.192471835015
38.435000000001 153.339266370293
38.440000000001 151.040123669746
38.445000000001 147.446822462159
38.450000000001 142.764783643763
38.455000000001 137.231183151388
38.460000000001 131.092944222045
38.465000000001 124.587811728210
38.470000000001 117.930376772087
38.475000000001 111.303552316369
38.480000000001 104.854970550506
38.485000000001 98.697211701158
38.490000000001 92.910627725803
38.495000000001 87.547651300025
38.500000000001 82.637734719845
38.505000000001 78.192337183994
38.510000000001 74.209612247108
38.515000000001 70.678618128800
38.520000000001 67.582983870528
38.525000000001 64.904026924078
38.530000000001 62.623347836670
38.535000000001 60.724938066986
38.540000000001 59.196836365604
38.545000000001 58.032362710466
38.550000000001 57.230949585438
38.555000000001 56.798581235263
38.560000000001 56.747846090868
38.565000000001 57.097610200915
38.570000000001 57.872333553366
38.575000000001 59.101076047251
38.580000000001 60.816268638431
38.585000000001 63.052344730699
38.590000000001 65.844322331148
38.595000000001 69.226389516635
38.600000000001 73.230476615892
38.605000000001 77.884712140797
38.610000000001 83.211575146701
38.615000000001 89.225490452384
38.620000000001 95.929573308561
38.625000000001 103.311219103290
38.630000000001 111.336254763162
38.635000000001 119.941433327597
38.640000000001 129.025187600901
38.645000000001 138.436805255332
38.650000000001 147.964602845271
38.655000000001 157.324319983867
38.660000000001 166.149865986957
38.665000000001 173.989699719476
38.670000000001 180.313339207205
38.675000000001 184.533388847074
38.680000000001 186.048383592335
38.685000000001 184.309863156958
38.690000000001 178.912793156273
38.695000000001 169.702025200765
38.700000000001 156.880878308950
38.705000000001 141.104830324692
38.710000000001 123.546979495815
38.715000000001 105.926722865216
38.720000000001 90.460586978134
38.725000000001 79.532825046463
38.730000000001 74.710980531103
38.735000000001 75.525816011689
38.740000000001 79.734545023044
38.745000000001 84.928021043939
38.750000000001 89.501458031664
38.755000000001 92.674410032874
38.760000000001 94.218441183031
38.765000000001 94.217291758700
38.770000000001 92.908005086014
38.775000000001 90.584533989147
38.780000000001 87.542654430305
38.785000000001 84.051192476909
38.790000000001 80.339567991471
38.795000000001 76.595017653752
38.800000000001 72.965142186512
38.805000000001 69.563003158340
38.810000000001 66.473081592023
38.815000000001 63.757136482065
38.820000000001 61.459465438625
38.825000000001 59.611350790577
38.830000000001 58.234634313711
38.835000000001 57.344448480013
38.840000000001 56.951173848694
38.845000000001 57.061710653103
38.850000000001 57.680157466236
38.855000000001 58.807984204084
38.860000000001 60.443771640878
38.865000000001 62.582567761823
38.870000000001 65.214888777230
38.875000000001 68.325377991824
38.880000000001 71.891137377759
38.885000000001 75.879770725976
38.890000000001 80.247226439529
38.895000000001 84.935601629238
38.900000000001 89.871162106889
38.905000000001 94.962933747228
38.910000000001 100.102309032894
38.915000000001 105.164157243691
38.920000000001 110.009888261005
38.925000000001 114.492759934023
38.930000000001 118.465417243173
38.935000000001 121.789227591540
38.940000000001 124.344505274330
38.945000000001 126.040325680542
38.950000000001 126.822460111565
38.955000000001 126.678119400705
38.960000000001 125.636685841630
38.965000000001 123.766326075322
38.970000000001 121.167114772354
38.975000000001 117.961854710041
38.980000000001 114.286021425533
38.985000000001 110.278174125273
38.990000000001 106.071845217818
38.995000000001 101.789484486614
39.000000000001 97.538617640007
39.005000000002 93.410064171563
39.010000000002 89.477873656914
39.015000000002 85.800569109004
39.020000000002 82.423296075177
39.025000000002 79.380528471768
39.030000000002 76.699045277735
39.035000000002 74.400945386534
39.040000000002 72.506500681093
39.045000000002 71.036657737243
39.050000000002 70.014991512042
39.055000000002 69.468901673838
39.060000000002 69.429841974674
39.065000000002 69.932406696889
39.070000000002 71.012182107574
39.075000000002 72.702403300432
39.080000000002 75.029608283000
39.085000000002 78.008601176120
39.090000000002 81.637082566955
39.095000000002 85.890279536719
39.100000000002 90.715869961956
39.105000000002 96.029532176855
39.110000000002 101.711620014977
39.115000000002 107.605746786073
39.120000000002 113.520351925646
39.125000000002 119.234442298318
39.130000000002 124.508446166210
39.135000000002 129.100350740345
39.140000000002 132.786039449327
39.145000000002 135.381282947560
39.150000000002 136.761689708067
39.155000000002 136.876666146782
39.160000000002 135.754396286599
39.165000000002 133.496839984619
39.170000000002 130.266082271001
39.175000000002 126.265190766339
39.180000000002 121.717470166563
39.185000000002 116.847582855764
39.190000000002 111.866825361765
39.195000000002 106.963469416151
39.200000000002 102.297937282783
39.205000000002 98.001885865169
39.210000000002 94.180010794328
39.215000000002 90.913423872404
39.220000000002 88.263658671151
39.225000000002 86.276607332084
39.230000000002 84.985922322620
39.235000000002 84.415604640794
39.240000000002 84.581641293055
39.245000000002 85.492653749808
39.250000000002 87.149579534371
39.255000000002 89.544435622236
39.260000000002 92.658214580475
39.265000000002 96.457960752673
39.270000000002 100.893090084280
39.275000000002 105.891080594810
39.280000000002 111.352792018333
39.285000000002 117.147880350292
39.290000000002 123.111042872839
39.295000000002 129.040118949190
39.300000000002 134.697300104175
39.305000000002 139.814748480569
39.310000000002 144.105644778893
39.315000000002 147.280977728857
39.320000000002 149.071255704626
39.325000000002 149.250971684330
39.330000000002 147.662499344270
39.335000000002 144.235654629827
39.340000000002 138.999811007947
39.345000000002 132.087233263005
39.350000000002 123.728776338065
39.355000000002 114.245577364101
39.360000000002 104.042133128606
39.365000000002 93.606515275825
39.370000000002 83.521027059760
39.375000000002 74.477083288827
39.380000000002 67.262688620025
39.385000000002 62.650803652156
39.390000000002 61.132123937492
39.395000000002 62.627893400337
39.400000000002 66.489470101335
39.405000000002 71.810076887899
39.410000000002 77.735079097473
39.415000000002 83.594033692066
39.420000000002 88.908057743682
39.425000000002 93.358079721224
39.430000000002 96.752568529190
39.435000000002 99.002520233663
39.440000000002 100.101704754108
39.445000000002 100.109258662330
39.450000000002 99.133066835280
39.455000000002 97.313740533657
39.460000000002 94.809793573980
39.465000000002 91.784831871934
39.470000000002 88.397385310975
39.475000000002 84.793643094313
39.480000000002 81.102982281091
39.485000000002 77.435908118378
39.490000000002 73.883886633337
39.495000000002 70.520528332522
39.500000000002 67.403637871595
39.505000000002 64.577737127893
39.510000000002 62.076766044266
39.515000000002 59.926747161460
39.520000000002 58.148257772408
39.525000000002 56.758589039053
39.530000000002 55.773491350661
39.535000000002 55.208420156602
39.540000000002 55.079217110025
39.545000000002 55.402194654674
39.550000000002 56.193637955792
39.555000000002 57.468787096118
39.560000000002 59.240399075902
39.565000000002 61.516998847087
39.570000000002 64.300907403183
39.575000000002 67.586094647842
39.580000000002 71.355869671709
39.585000000002 75.580417745477
39.590000000002 80.214239904675
39.595000000002 85.193651288104
39.600000000002 90.434637184289
39.605000000002 95.831525544695
39.610000000002 101.257071401221
39.615000000002 106.564607440748
39.620000000002 111.592832466439
39.625000000002 116.173531036824
39.630000000002 120.142028117395
39.635000000002 123.349540821118
39.640000000002 125.675944797376
39.645000000002 127.041040837709
39.650000000002 127.412392432057
39.655000000002 126.808298834394
39.660000000002 125.295377697834
39.665000000002 122.981293500844
39.670000000002 120.004056442614
39.675000000002 116.519783813340
39.680000000002 112.690789177039
39.685000000002 108.675446720720
39.690000000002 104.620669320210
39.695000000002 100.657238556490
39.700000000002 96.897763638770
39.705000000002 93.436768463801
39.710000000002 90.352290886704
39.715000000002 87.708373685879
39.720000000002 85.557879455963
39.725000000002 83.945134814015
39.730000000002 82.907987491817
39.735000000002 82.478945580879
39.740000000002 82.685172046697
39.745000000002 83.547236188270
39.750000000002 85.076669497680
39.755000000002 87.272513837474
39.760000000002 90.117159374916
39.765000000002 93.571839430633
39.770000000002 97.572200059369
39.775000000002 102.024435546388
39.780000000002 106.802609802314
39.785000000002 111.747956515551
39.790000000002 116.671093120823
39.795000000002 121.358066212389
39.800000000002 125.580827099843
39.805000000002 129.112030914597
39.810000000002 131.743014951496
39.815000000002 133.302687361515
39.820000000002 133.674250081242
39.825000000002 132.806601826376
39.830000000002 130.718115659873
39.835000000002 127.492082986355
39.840000000002 123.264940220898
39.845000000002 118.209819881023
39.850000000002 112.518567463969
39.855000000002 106.385085201133
39.860000000002 99.991978211133
39.865000000002 93.501396930287
39.870000000002 87.050036847203
39.875000000002 80.747650709176
39.880000000002 74.678166242426
39.885000000002 68.902503211917
39.890000000002 63.462337503093
39.895000000002 58.384272212726
39.900000000002 53.684083419296
39.905000000002 49.370877287903
39.910000000002 45.451109085134
39.915000000002 41.932461438259
39.920000000002 38.827538882237
39.925000000002 36.157175084554
39.930000000002 33.952836737411
39.935000000002 32.257181075146
39.940000000002 31.121526108458
39.945000000002 30.599377265402
39.950000000002 30.736772334407
39.955000000002 31.562605217988
39.960000000002 33.083197252883
39.965000000002 35.283352309631
39.970000000002 38.132247092679
39.975000000002 41.590218894488
39.980000000002 45.613231031236
39.985000000002 50.153914321583
39.990000000002 55.159694231501
39.995000000002 60.569122057037
40.000000000002 66.307551804470
40.005000000002 72.283198438171
40.010000000002 78.384570180698
40.015000000002 84.480270727319
40.020000000002 90.422097383766
40.025000000002 96.052072286084
40.030000000002 101.213429430253
40.035000000002 105.764648445654
40.040000000002 109.594563145563
40.045000000002 112.635738069052
40.050000000002 114.873109757784
40.055000000002 116.345577220738
40.060000000002 117.139692304717
40.065000000002 117.376381694461
40.070000000002 117.193123355716
40.075000000002 116.724762718148
40.080000000002 116.086097504528
40.085000000002 115.358695401398
40.090000000002 114.583452660970
40.095000000002 113.759406072066
40.100000000002 112.848411196651
40.105000000002 111.784557258614
40.110000000002 110.486643992110
40.115000000002 108.871740861087
40.120000000002 106.867825436992
40.125000000002 104.423777524607
40.130000000002 101.515565462162
40.135000000002 98.148206921120
40.140000000002 94.353856573052
40.145000000002 90.186984099395
40.150000000002 85.717925858492
40.155000000002 81.026092626398
40.160000000002 76.193867342149
40.165000000002 71.301859426074
40.170000000002 66.425820479495
40.175000000002 61.635250202341
40.180000000002 56.993557309447
40.185000000002 52.559570801380
40.190000000002 48.390175639370
40.195000000002 44.543803250988
40.200000000002 41.084341700797
40.205000000002 38.084616936084
40.210000000002 35.627858376399
40.215000000002 33.804737278883
40.220000000002 32.703656443843
40.225000000002 32.394631572968
40.230000000002 32.912463976130
40.235000000002 34.248518535487
40.240000000002 36.356437145065
40.245000000002 39.167773650894
40.250000000002 42.608363790593
40.255000000002 46.608932004560
40.260000000002 51.108793283851
40.265000000002 56.054581684702
40.270000000002 61.396337657626
40.275000000002 67.082580645059
40.280000000002 73.055278460546
40.285000000002 79.245221677415
40.290000000002 85.568179499571
40.295000000002 91.922236778077
40.300000000002 98.186786159567
40.305000000002 104.223690163614
40.310000000002 109.881063050210
40.315000000002 114.999896337433
40.320000000002 119.423345425078
40.325000000002 123.007949975331
40.330000000002 125.635495265286
40.335000000002 127.223812515939
40.340000000002 127.734741840304
40.345000000002 127.177840022204
40.350000000002 125.609158887582
40.355000000002 123.125351275846
40.360000000002 119.854206920189
40.365000000002 115.943244374485
40.370000000002 111.548082543063
40.375000000002 106.822034834562
40.380000000002 101.907864312405
40.385000000002 96.932088462683
40.390000000002 92.001764746384
40.395000000002 87.203389844488
40.400000000002 82.603409429381
40.405000000002 78.249825388503
40.410000000002 74.174454755270
40.415000000002 70.395495199592
40.420000000002 66.920154830392
40.425000000002 63.747192116104
40.430000000002 60.869278695263
40.435000000002 58.275144420348
40.440000000002 55.951494189752
40.445000000002 53.884704706973
40.450000000002 52.062320063797
40.455000000002 50.474370104103
40.460000000002 49.114535280420
40.465000000002 47.981175232584
40.470000000002 47.078224078541
40.475000000002 46.415932388035
40.480000000002 46.011404992275
40.485000000002 45.888850058640
40.490000000002 46.079428686786
40.495000000002 46.620591330265
40.500000000002 47.554823522073
40.505000000002 48.927803950557
40.510000000002 50.786084837212
40.515000000002 53.174493210577
40.520000000002 56.133468472285
40.525000000002 59.696468565059
40.530000000002 63.887418217480
40.535000000002 68.718007623155
40.540000000002 74.184555891479
40.545000000002 80.264179520386
40.550000000002 86.910163304722
40.555000000002 94.046708061955
40.560000000002 101.563606727405
40.565000000002 109.311845779714
40.570000000002 117.101574387453
40.575000000002 124.704195969590
40.580000000002 131.860310589378
40.585000000002 138.294639840701
40.590000000002 143.737760007666
40.595000000002 147.952578084415
40.600000000002 150.761514062034
40.605000000002 152.069110471457
40.610000000002 151.875037932204
40.615000000002 150.274432711864
40.620000000002 147.445608419651
40.625000000002 143.628251085459
40.630000000002 139.097084649635
40.635000000002 134.136162513375
40.640000000002 129.017678356903
40.645000000002 123.987263224100
40.650000000002 119.255921837468
40.655000000002 114.997520870837
40.660000000002 111.350170692341
40.665000000002 108.419796604289
40.670000000002 106.284456302629
40.675000000002 104.998338771029
40.680000000002 104.594756184666
40.685000000002 105.087755603342
40.690000000002 106.472212072357
40.695000000002 108.722424720824
40.700000000002 111.789347476172
40.705000000002 115.596687839662
40.710000000002 120.036250634426
40.715000000002 124.963129317705
40.720000000002 130.191664702955
40.725000000002 135.493457171350
40.730000000002 140.599024735512
40.735000000002 145.204771175266
40.740000000002 148.986558556108
40.745000000002 151.620208808705
40.750000000002 152.807708563705
40.755000000002 152.306074742467
40.760000000002 149.954373831721
40.765000000002 145.694004342696
40.770000000002 139.578524591337
40.775000000002 131.771922612620
40.780000000002 122.537540379568
40.785000000002 112.222865370763
40.790000000002 101.247314091376
40.795000000002 90.100601002741
40.800000000002 79.357547176250
40.805000000002 69.707107440234
40.810000000002 61.966274570344
40.815000000002 56.990805271628
40.820000000002 55.375430499384
40.825000000002 57.071999835484
40.830000000002 61.360174458070
40.835000000002 67.241567325045
40.840000000002 73.812801857745
40.845000000002 80.393123170306
40.850000000002 86.506929532606
40.855000000002 91.835387378674
40.860000000002 96.177874126588
40.865000000002 99.426972151439
40.870000000002 101.551802719825
40.875000000002 102.584809759829
40.880000000002 102.609186807518
40.885000000002 101.745984552226
40.890000000002 100.141140979143
40.895000000002 97.953245478141
40.900000000002 95.342916497421
40.905000000002 92.464427334567
40.910000000002 89.459844335286
40.915000000002 86.455589768563
40.920000000002 83.561087152988
40.925000000002 80.869009873833
40.930000000002 78.456616071925
40.935000000002 76.387680164530
40.940000000002 74.714592253248
40.945000000002 73.480270537893
40.950000000002 72.719610764898
40.955000000002 72.460281346201
40.960000000003 72.722765334384
40.965000000003 73.519648073005
40.970000000003 74.854241476552
40.975000000003 76.718708292673
40.980000000003 79.091893773183
40.985000000003 81.937093194889
40.990000000003 85.200000413401
40.995000000003 88.807116480118
41.000000000003 92.664956562542
41.005000000003 96.660461915051
41.010000000003 100.663060473138
41.015000000003 104.528769649801
41.020000000003 108.106548590477
41.025000000003 111.246765857141
41.030000000003 113.811188483243
41.035000000003 115.683421300642
41.040000000003 116.778381756242
41.045000000003 117.049334077388
41.050000000003 116.491306609662
41.055000000003 115.140334258068
41.060000000003 113.068739077497
41.065000000003 110.377361062622
41.070000000003 107.186086594666
41.075000000003 103.624109638429
41.080000000003 99.821140392333
41.085000000003 95.900371572680
41.090000000003 91.973567411089
41.095000000003 88.138264892773
41.100000000003 84.476824648173
41.105000000003 81.056943033269
41.110000000003 77.933208625430
41.115000000003 75.149316240141
41.120000000003 72.740604187388
41.125000000003 70.736631534665
41.130000000003 69.163550189381
41.135000000003 68.046051769041
41.140000000003 67.408690393065
41.145000000003 67.276413441055
41.150000000003 67.674185872686
41.155000000003 68.625674646718
41.160000000003 70.151058371086
41.165000000003 72.264119241290
41.170000000003 74.968831320433
41.175000000003 78.255667765794
41.180000000003 82.097825644253
41.185000000003 86.447553317075
41.190000000003 91.232810044665
41.195000000003 96.354615436160
41.200000000003 101.685640195989
41.205000000003 107.070785466624
41.210000000003 112.330595240761
41.215000000003 117.268229242782
41.220000000003 121.680300163139
41.225000000003 125.371135280701
41.230000000003 128.169077313524
41.235000000003 129.942559952148
41.240000000003 130.613229747411
41.245000000003 130.163620539444
41.250000000003 128.637866685253
41.255000000003 126.135403489212
41.260000000003 122.799066160080
41.265000000003 118.799986831207
41.270000000003 114.321950671053
41.275000000003 109.547458834712
41.280000000003 104.646930933486
41.285000000003 99.771591566004
41.290000000003 95.049869474695
41.295000000003 90.586700393929
41.300000000003 86.464953395108
41.305000000003 82.748219047068
41.310000000003 79.484316347389
41.315000000003 76.709022109475
41.320000000003 74.449657700056
41.325000000003 72.728266709601
41.330000000003 71.564185614203
41.335000000003 70.975860724197
41.340000000003 70.981813893119
41.345000000003 71.600716346339
41.350000000003 72.850593453516
41.355000000003 74.747240451446
41.360000000003 77.301961410782
41.365000000003 80.518738451805
41.370000000003 84.390900031706
41.375000000003 88.897311560780
41.380000000003 93.998097401181
41.385000000003 99.629958283954
41.390000000003 105.701296331603
41.395000000003 112.087603355972
41.400000000003 118.627881559377
41.405000000003 125.123188765335
41.410000000003 131.338629356719
41.415000000003 137.010103026483
41.420000000003 141.856721184983
41.425000000003 145.598908972376
41.430000000003 147.980889633154
41.435000000003 148.794791836602
41.440000000003 147.902535889563
41.445000000003 145.251486395043
41.450000000003 140.880907943466
41.455000000003 134.918356975389
41.460000000003 127.567656047834
41.465000000003 119.092225121746
41.470000000003 109.798718233961
41.475000000003 100.026033266386
41.480000000003 90.144076706970
41.485000000003 80.565189673440
41.490000000003 71.767393472420
41.495000000003 64.317520821719
41.500000000003 58.856031657620
41.505000000003 55.975928962313
41.510000000003 55.978590834305
41.515000000003 58.678598203502
41.520000000003 63.479964520049
41.525000000003 69.642544983060
41.530000000003 76.488031890637
41.535000000003 83.467907758284
41.540000000003 90.155992838957
41.545000000003 96.224797240924
41.550000000003 101.428222074355
41.555000000003 105.593163251735
41.560000000003 108.616364108680
41.565000000003 110.462247766518
41.570000000003 111.158638315774
41.575000000003 110.788924042855
41.580000000003 109.480767914669
41.585000000003 107.392591967003
41.590000000003 104.699580167758
41.595000000003 101.580879914569
41.600000000003 98.209215692272
41.605000000003 94.743502607118
41.610000000003 91.324470253484
41.615000000003 88.072897022202
41.620000000003 85.089838820478
41.625000000003 82.458180990323
41.630000000003 80.244891370995
41.635000000003 78.503453443805
41.640000000003 77.276075912867
41.645000000003 76.595391530802
41.650000000003 76.485467918282
41.655000000003 76.962054541700
41.660000000003 78.032078600726
41.665000000003 79.692471429131
41.670000000003 81.928451795769
41.675000000003 84.711418053394
41.680000000003 87.996623493890
41.685000000003 91.720850014998
41.690000000003 95.800369734599
41.695000000003 100.129590679244
41.700000000003 104.580895935573
41.705000000003 109.006258030874
41.710000000003 113.241179998161
41.715000000003 117.111322513604
41.720000000003 120.441792324957
41.725000000003 123.068519532894
41.730000000003 124.850548082047
41.735000000003 125.681582607200
41.740000000003 125.498969782924
41.745000000003 124.288569418108
41.750000000003 122.084670776896
41.755000000003 118.965051742208
41.760000000003 115.042183376224
41.765000000003 110.452190815796
41.770000000003 105.343358781069
41.775000000003 99.865743236685
41.780000000003 94.162967306111
41.785000000003 88.366725069183
41.790000000003 82.594041250770
41.795000000003 76.947015400914
41.800000000003 71.514621578033
41.805000000003 66.376093058744
41.810000000003 61.605420066794
41.815000000003 57.276432088362
41.820000000003 53.467720523809
41.825000000003 50.266205590499
41.830000000003 47.767540202147
41.835000000003 46.071244522346
41.840000000003 45.269468089981
41.845000000003 45.431380461907
41.850000000003 46.589157377318
41.855000000003 48.732490809251
41.860000000003 51.814020618595
41.865000000003 55.761496342252
41.870000000003 60.489738658773
41.875000000003 65.907731109742
41.880000000003 71.919936854829
41.885000000003 78.423282169309
41.890000000003 85.301875459885
41.895000000003 92.421334698999
41.900000000003 99.624287353818
41.905000000003 106.728411462156
41.910000000003 113.528232305147
41.915000000003 119.801599330973
41.920000000003 125.321181957755
41.925000000003 129.870385732322
41.930000000003 133.261925643729
41.935000000003 135.356222768266
41.940000000003 136.076247751362
41.945000000003 135.415770211174
41.950000000003 133.439234384911
41.955000000003 130.273318331990
41.960000000003 126.092027517430
41.965000000003 121.098330048055
41.970000000003 115.505569106935
41.975000000003 109.521288485896
41.980000000003 103.335048169907
41.985000000003 97.110706638001
41.990000000003 90.982799340323
41.995000000003 85.056161056855
42.000000000003 79.407790453733
42.005000000003 74.090033341908
42.010000000003 69.134353900604
42.015000000003 64.555183781890
42.020000000003 60.353536062731
42.025000000003 56.520222459738
42.030000000003 53.038615314453
42.035000000003 49.886957809831
42.040000000003 47.040257477022
42.045000000003 44.471809974535
42.050000000003 42.154401178266
42.055000000003 40.061232135220
42.060000000003 38.166607281828
42.065000000003 36.446423347188
42.070000000003 34.878494962048
42.075000000003 33.442752813371
42.080000000003 32.121350648682
42.085000000003 30.898718127292
42.090000000003 29.761597320573
42.095000000003 28.699101708923
42.100000000003 27.702837971351
42.105000000003 26.767132557479
42.110000000003 25.889405943631
42.115000000003 25.070734830821
42.120000000003 24.316630474714
42.125000000003 23.638029140330
42.130000000003 23.052421638630
42.135000000003 22.584923021697
42.140000000003 22.268891347622
42.145000000003 22.145481376423
42.150000000003 22.261394948610
42.155000000003 22.664297405270
42.160000000003 23.396096411060
42.165000000003 24.485345524686
42.170000000003 25.940747582437
42.175000000003 27.747416271062
42.180000000003 29.866383370372
42.185000000003 32.236782414796
42.190000000003 34.779898601341
42.195000000003 37.404640989785
42.200000000003 40.014289746373
42.205000000003 42.514160941232
42.210000000003 44.819181203411
42.215000000003 46.859743622337
42.220000000003 48.584235618119
42.225000000003 49.957647611180
42.230000000003 50.957382909618
42.235000000003 51.568786711979
42.240000000003 51.782929663293
42.245000000003 51.597647235938
42.250000000003 51.020768131814
42.255000000003 50.073255264399
42.260000000003 48.790258427601
42.265000000003 47.219364250286
42.270000000003 45.416662786114
42.275000000003 43.441953287039
42.280000000003 41.354383170235
42.285000000003 39.209342361813
42.290000000003 37.056878643125
42.295000000003 34.941487506216
42.300000000003 32.902925707489
42.305000000003 30.977654534214
42.310000000003 29.200551093058
42.315000000003 27.606557269548
42.320000000003 26.231923360038
42.325000000003 25.114652994649
42.330000000003 24.293741867037
42.335000000003 23.806967915088
42.340000000003 23.687466758012
42.345000000003 23.960033602167
42.350000000003 24.638586445002
42.355000000003 25.725953425394
42.360000000003 27.216092766224
42.365000000003 29.097746094343
42.370000000003 31.358132501721
42.375000000003 33.985672470739
42.380000000003 36.971385231738
42.385000000003 40.309079064520
42.390000000003 43.994634518895
42.395000000003 48.024662998229
42.400000000003 52.394734185152
42.405000000003 57.097282164363
42.410000000003 62.119251051039
42.415000000003 67.439531313658
42.420000000003 73.026264718972
42.425000000003 78.834154420093
42.430000000003 84.802001327212
42.435000000003 90.850788428542
42.440000000003 96.882732876326
42.445000000003 102.781792095024
42.450000000003 108.416105236630
42.455000000003 113.642732152060
42.460000000003 118.314788132447
42.465000000003 122.290667688404
42.470000000003 125.444562618779
42.475000000003 127.677025394904
42.480000000003 128.924059630374
42.485000000003 129.163266306774
42.490000000003 128.415984015477
42.495000000003 126.745056036790
42.500000000003 124.248650045141
42.505000000003 121.051222801596
42.510000000003 117.293090037680
42.515000000003 113.120073159511
42.520000000003 108.674410872656
42.525000000003 104.087679937423
42.530000000003 99.476008894173
42.535000000003 94.937496325318
42.540000000003 90.551508090683
42.545000000003 86.379423447757
42.550000000003 82.466396384069
42.555000000003 78.843755402503
42.560000000003 75.531746796289
42.565000000003 72.542408227815
42.570000000003 69.882427218545
42.575000000003 67.555887212872
42.580000000003 65.566831190632
42.585000000003 63.921580317282
42.590000000003 62.630734412845
42.595000000003 61.710754798405
42.600000000003 61.184994382677
42.605000000003 61.084006961760
42.610000000003 61.444957379639
42.615000000003 62.309989536990
42.620000000003 63.723504428040
42.625000000003 65.728443516626
42.630000000003 68.361816842218
42.635000000003 71.649794366945
42.640000000003 75.602651263660
42.645000000003 80.209746803311
42.650000000003 85.434613154485
42.655000000003 91.210245012728
42.660000000003 97.434879783625
42.665000000003 103.968925637893
42.670000000003 110.634131009452
42.675000000003 117.216423619447
42.680000000003 123.473863192014
42.685000000003 129.150638021208
42.690000000003 133.996885782440
42.695000000003 137.792468459136
42.700000000003 140.371141073540
42.705000000003 141.640526453302
42.710000000003 141.593578736902
42.715000000003 140.308950662107
42.720000000003 137.940353206286
42.725000000003 134.697605197874
42.730000000003 130.823653817322
42.735000000003 126.571981800142
42.740000000003 122.187746012369
42.745000000003 117.894359811024
42.750000000003 113.885688406750
42.755000000003 110.322962899524
42.760000000003 107.335022288773
42.765000000003 105.020450583604
42.770000000003 103.450405397163
42.775000000003 102.671270462373
42.780000000003 102.706595046028
42.785000000003 103.558049484079
42.790000000003 105.205313211935
42.795000000003 107.604938468034
42.800000000003 110.688339318113
42.805000000003 114.359186257381
42.810000000003 118.490671244246
42.815000000003 122.923345975386
42.820000000003 127.464487370199
42.825000000003 131.890127214188
42.830000000003 135.950883210288
42.835000000003 139.382424254232
42.840000000003 141.920714930503
42.845000000003 143.321148547712
42.850000000003 143.379503180287
42.855000000003 141.951716629257
42.860000000003 138.969202614649
42.865000000003 134.447103039980
42.870000000003 128.484439532442
42.875000000003 121.257176771213
42.880000000003 113.007133354726
42.885000000003 104.030953822434
42.890000000003 94.673729805730
42.895000000003 85.331165005344
42.900000000003 76.461601721398
42.905000000003 68.601812624400
42.910000000003 62.362485838661
42.915000000004 58.352536634788
42.920000000004 56.990974980942
42.925000000004 58.288885573800
42.930000000004 61.811569383833
42.935000000004 66.875545188881
42.940000000004 72.784163412570
42.945000000004 78.949928890042
42.950000000004 84.916822002477
42.955000000004 90.343734337445
42.960000000004 94.984018041275
42.965000000004 98.670981676597
42.970000000004 101.308683853213
42.975000000004 102.864973424540
42.980000000004 103.364220308669
42.985000000004 102.878417384212
42.990000000004 101.516525391881
42.995000000004 99.412773483194
43.000000000004 96.715020166305
43.005000000004 93.574263934221
43.010000000004 90.136101998664
43.015000000004 86.534531514826
43.020000000004 82.888106950174
43.025000000004 79.298190329662
43.030000000004 75.848881076954
43.035000000004 72.608171674445
43.040000000004 69.629908175509
43.045000000004 66.956202941213
43.050000000004 64.620021257628
43.055000000004 62.647725716474
43.060000000004 61.061405521121
43.065000000004 59.880844279833
43.070000000004 59.124997661320
43.075000000004 58.812872840229
43.080000000004 58.963735302109
43.085000000004 59.596619892555
43.090000000004 60.729186670039
43.095000000004 62.376022494285
43.100000000004 64.546526353134
43.105000000004 67.242517393753
43.110000000004 70.455674505258
43.115000000004 74.164879562152
43.120000000004 78.333526871813
43.125000000004 82.906906178993
43.130000000004 87.809873851273
43.135000000004 92.945180919434
43.140000000004 98.192989199107
43.145000000004 103.412220389426
43.150000000004 108.444377773293
43.155000000004 113.120287808732
43.160000000004 117.269790705486
43.165000000004 120.733792030747
43.170000000004 123.377392560503
43.175000000004 125.102249202824
43.180000000004 125.856119493576
43.185000000004 125.637859862412
43.190000000004 124.496960940729
43.195000000004 122.527789970947
43.200000000004 119.859732894777
43.205000000004 116.645081555526
43.210000000004 113.046650087617
43.215000000004 109.226781809657
43.220000000004 105.338813024980
43.225000000004 101.521413027570
43.230000000004 97.895684361511
43.235000000004 94.564557646593
43.240000000004 91.613846961897
43.245000000004 89.114298118941
43.250000000004 87.124008195724
43.255000000004 85.690679118632
43.260000000004 84.853270473285
43.265000000004 84.642733471843
43.270000000004 85.081641443646
43.275000000004 86.182679047699
43.280000000004 87.946098011519
43.285000000004 90.356370935986
43.290000000004 93.378364482739
43.295000000004 96.953418810792
43.300000000004 100.995791559524
43.305000000004 105.390031873764
43.310000000004 109.989992915286
43.315000000004 114.620318911533
43.320000000004 119.081254063086
43.325000000004 123.157393682157
43.330000000004 126.630445089929
43.335000000004 129.295202843833
43.340000000004 130.976942600885
43.345000000004 131.547622356629
43.350000000004 130.938016600275
43.355000000004 129.143432753333
43.360000000004 126.221911471021
43.365000000004 122.285416793443
43.370000000004 117.485941964664
43.375000000004 111.999249017286
43.380000000004 106.008968772571
43.385000000004 99.693165662575
43.390000000004 93.214549369811
43.395000000004 86.714623828371
43.400000000004 80.311415390987
43.405000000004 74.100081211686
43.410000000004 68.155623935615
43.415000000004 62.537038168635
43.420000000004 57.292390653980
43.425000000004 52.464502966777
43.430000000004 48.096978491682
43.435000000004 44.240189933413
43.440000000004 40.956386218036
43.445000000004 38.322208788237
43.450000000004 36.425917270722
43.455000000004 35.356705748416
43.460000000004 35.186573824826
43.465000000004 35.951324837082
43.470000000004 37.641100499934
43.475000000004 40.205976646274
43.480000000004 43.571741488277
43.485000000004 47.655802255916
43.490000000004 52.376551088696
43.495000000004 57.655343326776
43.500000000004 63.413384345643
43.505000000004 69.566184021375
43.510000000004 76.017562686271
43.515000000004 82.654577380114
43.520000000004 89.344436691054
43.525000000004 95.934360670619
43.530000000004 102.255209222282
43.535000000004 108.129364982558
43.540000000004 113.382713505046
43.545000000004 117.859648414233
43.550000000004 121.439048115311
43.555000000004 124.048470574543
43.560000000004 125.673749832628
43.565000000004 126.361922889288
43.570000000004 126.216809936140
43.575000000004 125.388154260412
43.580000000004 124.056450788452
43.585000000004 122.416086541037
43.590000000004 120.659152033824
43.595000000004 118.961524021759
43.600000000004 117.471945266465
43.605000000004 116.304142982732
43.610000000004 115.531672901965
43.615000000004 115.185127004415
43.620000000004 115.251482316930
43.625000000004 115.675562017334
43.630000000004 116.363729000459
43.635000000004 117.189980000415
43.640000000004 118.004523952082
43.645000000004 118.644689993045
43.650000000004 118.947620029651
43.655000000004 118.763717664261
43.660000000004 117.969387426387
43.665000000004 116.477392745916
43.670000000004 114.243342286704
43.675000000004 111.267410186375
43.680000000004 107.591265839893
43.685000000004 103.291071384922
43.690000000004 98.468034099993
43.695000000004 93.238223474898
43.700000000004 87.723188339372
43.705000000004 82.042475564328
43.710000000004 76.308640717528
43.715000000004 70.624901945656
43.720000000004 65.085297378443
43.725000000004 59.777062802144
43.730000000004 54.784883515115
43.735000000004 50.196560331360
43.740000000004 46.109251208082
43.745000000004 42.634525730003
43.750000000004 39.898881571983
43.755000000004 38.034942401024
43.760000000004 37.160092505044
43.765000000004 37.347097052840
43.770000000004 38.601874706571
43.775000000004 40.863704855207
43.780000000004 44.027253224758
43.785000000004 47.970737592758
43.790000000004 52.575776683440
43.795000000004 57.735026266503
43.800000000004 63.350914234575
43.805000000004 69.330047973848
43.810000000004 75.576498951455
43.815000000004 81.985733818123
43.820000000004 88.440153031561
43.825000000004 94.806872807097
43.830000000004 100.938262250231
43.835000000004 106.675610238471
43.840000000004 111.856018956269
43.845000000004 116.322161116281
43.850000000004 119.933946822797
43.855000000004 122.580567584208
43.860000000004 124.191022114763
43.865000000004 124.741266918876
43.870000000004 124.256647761732
43.875000000004 122.809156561988
43.880000000004 120.510069529542
43.885000000004 117.499353173409
43.890000000004 113.933651126415
43.895000000004 109.974626217866
43.900000000004 105.779029694018
43.905000000004 101.491292152632
43.910000000004 97.238865447588
43.915000000004 93.130114287320
43.920000000004 89.254303146412
43.925000000004 85.683129233784
43.930000000004 82.473265507008
43.935000000004 79.669444956424
43.940000000004 77.307696452475
43.945000000004 75.418409046438
43.950000000004 74.028948691465
43.955000000004 73.165585444924
43.960000000004 72.854525252527
43.965000000004 73.121895006781
43.970000000004 73.992612625616
43.975000000004 75.488180525108
43.980000000004 77.623548794851
43.985000000004 80.403272738259
43.990000000004 83.817218405041
43.995000000004 87.836059896617
44.000000000004 92.406807206991
44.005000000004 97.448659289426
44.010000000004 102.849629154520
44.015000000004 108.464622674015
44.020000000004 114.115897314700
44.025000000004 119.596955852209
44.030000000004 124.680791941044
44.035000000004 129.132873415741
44.040000000004 132.728301528839
44.045000000004 135.271375663444
44.050000000004 136.614681025221
44.055000000004 136.674268366369
44.060000000004 135.437875057931
44.065000000004 132.964478001898
44.070000000004 129.375380976536
44.075000000004 124.838861597400
44.080000000004 119.551526704034
44.085000000004 113.719676666074
44.090000000004 107.543296626225
44.095000000004 101.204177412755
44.100000000004 94.858551253530
44.105000000004 88.633794766901
44.110000000004 82.628299939125
44.115000000004 76.913494752891
44.120000000004 71.537095490724
44.125000000004 66.526877485924
44.130000000004 61.894475534314
44.135000000004 57.638921123270
44.140000000004 53.749772055905
44.145000000004 50.209790163981
44.150000000004 46.997182782402
44.155000000004 44.087454496675
44.160000000004 41.454927860441
44.165000000004 39.073993821686
44.170000000004 36.920150585237
44.175000000004 34.970887308770
44.180000000004 33.206468006002
44.185000000004 31.610671084346
44.190000000004 30.171539058687
44.195000000004 28.882187062205
44.200000000004 27.741700923652
44.205000000004 26.756115336857
44.210000000004 25.939386681338
44.215000000004 25.314152915950
44.220000000004 24.911913487289
44.225000000004 24.772122468598
44.230000000004 24.939696571282
44.235000000004 25.460755722950
44.240000000004 26.377066350480
44.245000000004 27.720349239662
44.250000000004 29.507803374430
44.255000000004 31.739604529163
44.260000000004 34.398154948974
44.265000000004 37.448227208298
44.270000000004 40.837229659134
44.275000000004 44.495402997521
44.280000000004 48.336398309962
44.285000000004 52.259081205364
44.290000000004 56.151427134456
44.295000000004 59.896978807623
44.300000000004 63.383548918376
44.305000000004 66.512827637786
44.310000000004 69.208666141017
44.315000000004 71.421585696859
44.320000000004 73.127926325045
44.325000000004 74.323916240395
44.330000000004 75.017028900219
44.335000000004 75.218136790967
44.340000000004 74.937410683925
44.345000000004 74.184927005879
44.350000000004 72.974705266143
44.355000000004 71.329615222938
44.360000000004 69.284726827471
44.365000000004 66.887815373337
44.370000000004 64.197086695704
44.375000000004 61.277123307445
44.380000000004 58.194350337358
44.385000000004 55.013102865270
44.390000000004 51.792915918759
44.395000000004 48.587203452745
44.400000000004 45.443182235244
44.405000000004 42.402757400743
44.410000000004 39.504073650495
44.415000000004 36.783479105502
44.420000000004 34.277680141780
44.425000000004 32.025830908245
44.430000000004 30.071165421115
44.435000000004 28.461552470378
44.440000000004 27.248154119171
44.445000000004 26.481501794191
44.450000000004 26.205164119178
44.455000000004 26.448752414853
44.460000000004 27.223265960324
44.465000000004 28.521198707883
44.470000000004 30.321322857769
44.475000000004 32.595662820593
44.480000000004 35.315753038243
44.485000000004 38.456544473698
44.490000000004 41.997793611539
44.495000000004 45.923538164993
44.500000000004 50.220370701657
44.505000000004 54.875031856750
44.510000000004 59.871626238999
44.515000000004 65.188620046818
44.520000000004 70.795721947406
44.525000000004 76.650761163493
44.530000000004 82.696739575959
44.535000000004 88.859330285117
44.540000000004 95.045203368050
44.545000000004 101.141652627817
44.550000000004 107.018036529750
44.555000000004 112.529486459759
44.560000000004 117.523134498805
44.565000000004 121.846754565297
44.570000000004 125.359227242084
44.575000000004 127.941725461769
44.580000000004 129.508124084370
44.585000000004 130.013018729824
44.590000000004 129.455996565542
44.595000000004 127.881414260275
44.600000000004 125.373754921523
44.605000000004 122.049425146788
44.610000000004 118.046396788514
44.615000000004 113.513275560995
44.620000000004 108.599202300803
44.625000000004 103.445578673142
44.630000000004 98.180113267833
44.635000000004 92.913239864599
44.640000000004 87.736644297225
44.645000000004 82.723468291033
44.650000000004 77.929715469148
44.655000000004 73.396425861356
44.660000000004 69.152269748710
44.665000000004 65.216307623183
44.670000000004 61.600749949283
44.675000000004 58.313617442387
44.680000000004 55.361245203461
44.685000000004 52.750590967530
44.690000000004 50.491299050818
44.695000000004 48.597439156452
44.700000000004 47.088789618850
44.705000000004 45.991484869799
44.710000000004 45.337829274953
44.715000000004 45.165138388113
44.720000000004 45.513637473379
44.725000000004 46.423705401695
44.730000000004 47.932993487063
44.735000000004 50.074015237308
44.740000000004 52.872597657688
44.745000000004 56.347176290042
44.750000000004 60.508509638943
44.755000000004 65.359172516951
44.760000000004 70.892210293644
44.765000000004 77.088518777261
44.770000000004 83.912753625277
44.775000000004 91.307816838915
44.780000000004 99.188226267766
44.785000000004 107.432987115894
44.790000000004 115.878980555909
44.795000000004 124.316343189654
44.800000000004 132.487731560638
44.805000000004 140.093551192685
44.810000000004 146.804910139794
44.815000000004 152.284986203531
44.820000000004 156.217624806686
44.825000000004 158.339645662636
44.830000000004 158.471305278663
44.835000000004 156.538622066656
44.840000000004 152.582503501716
44.845000000004 146.752692830640
44.850000000004 139.288442408441
44.855000000004 130.491073836022
44.860000000004 120.695128470092
44.865000000004 110.244481715657
44.870000000005 99.478286543292
44.875000000005 88.729970068422
44.880000000005 78.341463376040
44.885000000005 68.693956321422
44.890000000005 60.252120208505
44.895000000005 53.600098931996
44.900000000005 49.400965979702
44.905000000005 48.181605842689
44.910000000005 50.008718382011
44.915000000005 54.400940029003
44.920000000005 60.602423575533
44.925000000005 67.886445289360
44.930000000005 75.671084729242
44.935000000005 83.509074654177
44.940000000005 91.048800202046
44.945000000005 98.005778386933
44.950000000005 104.150210346469
44.955000000005 109.306198359510
44.960000000005 113.356723716967
44.965000000005 116.249153493518
44.970000000005 117.997383723642
44.975000000005 118.678463404628
44.980000000005 118.423415736821
44.985000000005 117.403564537545
44.990000000005 115.814607276021
44.995000000005 113.860812785877
45.000000000005 111.741209055774
45.005000000005 109.638789110641
45.010000000005 107.712934754536
45.015000000005 106.094660856425
45.020000000005 104.883993052928
45.025000000005 104.148771705358
45.030000000005 103.924329918243
45.035000000005 104.213721706912
45.040000000005 104.988401762763
45.045000000005 106.189442102112
45.050000000005 107.729504942600
45.055000000005 109.495876629471
45.060000000005 111.354893645414
45.065000000005 113.158029330805
45.070000000005 114.749725343776
45.075000000005 115.976736254011
45.080000000005 116.698351977958
45.085000000005 116.796473131090
45.090000000005 116.184276049422
45.095000000005 114.812237262461
45.100000000005 112.670634834017
45.105000000005 109.788238592225
45.110000000005 106.227580676695
45.115000000005 102.077769285104
45.120000000005 97.446127256515
45.125000000005 92.449957595817
45.130000000005 87.209514542906
45.135000000005 81.842904245765
45.140000000005 76.463269880105
45.145000000005 71.178309018884
45.150000000005 66.091942254375
45.155000000005 61.307751014692
45.160000000005 56.933512768452
45.165000000005 53.085618701058
45.170000000005 49.891248913974
45.175000000005 47.485152689498
45.180000000005 45.997875645682
45.185000000005 45.535276955923
45.190000000005 46.155668234550
45.195000000005 47.856118619300
45.200000000005 50.575990815086
45.205000000005 54.214572645184
45.210000000005 58.651780084807
45.215000000005 63.762725455728
45.220000000005 69.423528315173
45.225000000005 75.510400266877
45.230000000005 81.895260301469
45.235000000005 88.440576706489
45.240000000005 94.995282718070
45.245000000005 101.393007388554
45.250000000005 107.453470985316
45.255000000005 112.987533588141
45.260000000005 117.805908316928
45.265000000005 121.730910251901
45.270000000005 124.609887155665
45.275000000005 126.328359747734
45.280000000005 126.820628082040
45.285000000005 126.075857731481
45.290000000005 124.138457705438
45.295000000005 121.102703514823
45.300000000005 117.102701104817
45.305000000005 112.299590609253
45.310000000005 106.868160521581
45.315000000005 100.984798822225
45.320000000005 94.818127786999
45.325000000005 88.522991680786
45.330000000005 82.237886806775
45.335000000005 76.085541262515
45.340000000005 70.176167180550
45.345000000005 64.612840061485
45.350000000005 59.498358965262
45.355000000005 54.942589680972
45.360000000005 51.068434203006
45.365000000005 48.013133516747
45.370000000005 45.920375268129
45.375000000005 44.920074357139
45.380000000005 45.099521958136
45.385000000005 46.479267772615
45.390000000005 49.008619600963
45.395000000005 52.582818980238
45.400000000005 57.069152867772
45.405000000005 62.327544709314
45.410000000005 68.219799450897
45.415000000005 74.609410315443
45.420000000005 81.356348139504
45.425000000005 88.310621392095
45.430000000005 95.307147002999
45.435000000005 102.163577224326
45.440000000005 108.682169915106
45.445000000005 114.656288121596
45.450000000005 119.881447014764
45.455000000005 124.169934982253
45.460000000005 127.367059475437
45.465000000005 129.366308697023
45.470000000005 130.120524755346
45.475000000005 129.646764696337
45.480000000005 128.023805794272
45.485000000005 125.382848312658
45.490000000005 121.893354824533
45.495000000005 117.746715543872
45.500000000005 113.140405364499
45.505000000005 108.264662137568
45.510000000005 103.292796234665
45.515000000005 98.375361670739
45.520000000005 93.637781186778
45.525000000005 89.180679420924
45.530000000005 85.082093312460
45.535000000005 81.400805987284
45.540000000005 78.180199697808
45.545000000005 75.452179884202
45.550000000005 73.240850975021
45.555000000005 71.565715145441
45.560000000005 70.444224741731
45.565000000005 69.893562681019
45.570000000005 69.931568626376
45.575000000005 70.576781549621
45.580000000005 71.847629618505
45.585000000005 73.760852650849
45.590000000005 76.329271503154
45.595000000005 79.559009529148
45.600000000005 83.446227798340
45.605000000005 87.973383049685
45.610000000005 93.104993711630
45.615000000005 98.782942751892
45.620000000005 104.921482039570
45.625000000005 111.402336998997
45.630000000005 118.070623629815
45.635000000005 124.732631148154
45.640000000005 131.156798797395
45.645000000005 137.079285531137
45.650000000005 142.215232955000
45.655000000005 146.276029371166
45.660000000005 148.991606402372
45.665000000005 150.135280323966
45.670000000005 149.547371185747
45.675000000005 147.153379018813
45.680000000005 142.973275703213
45.685000000005 137.120440931122
45.690000000005 129.791374361289
45.695000000005 121.249723815324
45.700000000005 111.809696912040
45.705000000005 101.824341858765
45.710000000005 91.683662521109
45.715000000005 81.826049163479
45.720000000005 72.762415816025
45.725000000005 65.100011215689
45.730000000005 59.523152266330
45.735000000005 56.655563396950
45.740000000005 56.790472943177
45.745000000005 59.690031612699
45.750000000005 64.691275538110
45.755000000005 71.002672862168
45.760000000005 77.916534129611
45.765000000005 84.871213105627
45.770000000005 91.438321984546
45.775000000005 97.296488483640
45.780000000005 102.212789708347
45.785000000005 106.033116503872
45.790000000005 108.677240098069
45.795000000005 110.134301271043
45.800000000005 110.455965653497
45.805000000005 109.746267758060
45.810000000005 108.148660753428
45.815000000005 105.831719449596
45.820000000005 102.975230363700
45.825000000005 99.758154011612
45.830000000005 96.349388570019
45.835000000005 92.901643167640
45.840000000005 89.548218261720
45.845000000005 86.402167794414
45.850000000005 83.557180046131
45.855000000005 81.089513767530
45.860000000005 79.060405712693
45.865000000005 77.518478893520
45.870000000005 76.501800207125
45.875000000005 76.039350054915
45.880000000005 76.151772125198
45.885000000005 76.851366388733
45.890000000005 78.141367306389
45.895000000005 80.014606070490
45.900000000005 82.451689436005
45.905000000005 85.418847838498
45.910000000005 88.865631004088
45.915000000005 92.722680281375
45.920000000005 96.899893235922
45.925000000005 101.285407865865
45.930000000005 105.745938462227
45.935000000005 110.129040403956
45.940000000005 114.267805696122
45.945000000005 117.988243475965
45.950000000005 121.119165939094
45.955000000005 123.503831486594
45.960000000005 125.012022727531
45.965000000005 125.550842736604
45.970000000005 125.072476640747
45.975000000005 123.577572602451
45.980000000005 121.113678134569
45.985000000005 117.769109122488
45.990000000005 113.663451063702
45.995000000005 108.936369967990
46.000000000005 103.736459401470
46.005000000005 98.211537643325
46.010000000005 92.501297865719
46.015000000005 86.732681479567
46.020000000005 81.017917916045
46.025000000005 75.454907240784
46.030000000005 70.129503804866
46.035000000005 65.119234286827
46.040000000005 60.497970730611
46.045000000005 56.340981079750
46.050000000005 52.729496783248
46.055000000005 49.753426098215
46.060000000005 47.510276677399
46.065000000005 46.098361927698
46.070000000005 45.603980730497
46.075000000005 46.085817600967
46.080000000005 47.563181035257
46.085000000005 50.013970216071
46.090000000005 53.382630200190
46.095000000005 57.592630193224
46.100000000005 62.556993806374
46.105000000005 68.183453908303
46.110000000005 74.374218518569
46.115000000005 81.022071646257
46.120000000005 88.004828032258
46.125000000005 95.179905356649
46.130000000005 102.380513806696
46.135000000005 109.414801195955
46.140000000005 116.069113923721
46.145000000005 122.116159317552
46.150000000005 127.328147549538
46.155000000005 131.493947594960
46.160000000005 134.438102590994
46.165000000005 136.038591931646
46.170000000005 136.239936844232
46.175000000005 135.058899627549
46.180000000005 132.581543364100
46.185000000005 128.952332754545
46.190000000005 124.357614632732
46.195000000005 119.006693866284
46.200000000005 113.113651976105
46.205000000005 106.882252268938
46.210000000005 100.495149545724
46.215000000005 94.107570392441
46.220000000005 87.844890376271
46.225000000005 81.803165923045
46.230000000005 76.051615942226
46.235000000005 70.636177166202
46.240000000005 65.583469950034
46.245000000005 60.904732161208
46.250000000005 56.599466750379
46.255000000005 52.658689103972
46.260000000005 49.067754719530
46.265000000005 45.808804767904
46.270000000005 42.862896986700
46.275000000005 40.211900782768
46.280000000005 37.840233808864
46.285000000005 35.736503680951
46.290000000005 33.895088913378
46.295000000005 32.317638562657
46.300000000005 31.014379248508
46.305000000005 30.004987153573
46.310000000005 29.318635119140
46.315000000005 28.992740655061
46.320000000005 29.070059890365
46.325000000005 29.594216830510
46.330000000005 30.604445586086
46.335000000005 32.130848635492
46.340000000005 34.191339326261
46.345000000005 36.790586493856
46.350000000005 39.920283985738
46.355000000005 43.559596785888
46.360000000005 47.674853002346
46.365000000005 52.218142569153
46.370000000005 57.125083432842
46.375000000005 62.312462383965
46.380000000005 67.676745916675
46.385000000005 73.094597818231
46.390000000005 78.426481783039
46.395000000005 83.524059671314
46.400000000005 88.241327179395
46.405000000005 92.448297609200
46.410000000005 96.044819419240
46.415000000005 98.971287562517
46.420000000005 101.213119795461
46.425000000005 102.797178423235
46.430000000005 103.780541501223
46.435000000005 104.234357394570
46.440000000005 104.226995856421
46.445000000005 103.810741160800
46.450000000005 103.014921827055
46.455000000005 101.846267798233
46.460000000005 100.295254140340
46.465000000005 98.345863996303
46.470000000005 95.985832218513
46.475000000005 93.214905533882
46.480000000005 90.049650869939
46.485000000005 86.524475585993
46.490000000005 82.689463235521
46.495000000005 78.606178552840
46.500000000005 74.342717956874
46.505000000005 69.969075090458
46.510000000005 65.553521141803
46.515000000005 61.160324628429
46.520000000005 56.848853481535
46.525000000005 52.673942423715
46.530000000005 48.687347092038
46.535000000005 44.940089703681
46.540000000005 41.485458117569
46.545000000005 38.382261578003
46.550000000005 35.697572231584
46.555000000005 33.507553796433
46.560000000005 31.894348503419
46.565000000005 30.937231090951
46.570000000005 30.698623634829
46.575000000005 31.209951260307
46.580000000005 32.464985140668
46.585000000005 34.424846520804
46.590000000005 37.031300054218
46.595000000005 40.220812976837
46.600000000005 43.933941105594
46.605000000005 48.118917915321
46.610000000005 52.730922581087
46.615000000005 57.728941264448
46.620000000005 63.071604281771
46.625000000005 68.712786350341
46.630000000005 74.597397316324
46.635000000005 80.657658043093
46.640000000005 86.810165997610
46.645000000005 92.954128243839
46.650000000005 98.971210845048
46.655000000005 104.727464705507
46.660000000005 110.077685742686
46.665000000005 114.872315035248
46.670000000005 118.966581428447
46.675000000005 122.231090961169
46.680000000005 124.562593039025
46.685000000005 125.893360101552
46.690000000005 126.197646299992
46.695000000005 125.494096614323
46.700000000005 123.843686490322
46.705000000005 121.343592632208
46.710000000005 118.118093250215
46.715000000005 114.307987785760
46.720000000005 110.060047760661
46.725000000005 105.517723205508
46.730000000005 100.813872388592
46.735000000005 96.065806483170
46.740000000005 91.372555056702
46.745000000005 86.814012534493
46.750000000005 82.451517954408
46.755000000005 78.329417806589
46.760000000005 74.477222747126
46.765000000005 70.912056674538
46.770000000005 67.641185435702
46.775000000005 64.664488256841
46.780000000005 61.976792874282
46.785000000005 59.570035849194
46.790000000005 57.435235731792
46.795000000005 55.564281803735
46.800000000005 53.951547104772
46.805000000005 52.595331737761
46.810000000005 51.499130145921
46.815000000005 50.672693061730
46.820000000005 50.132821681354
46.825000000006 49.903793023717
46.830000000006 50.017282678759
46.835000000006 50.511642449884
46.840000000006 51.430425911938
46.845000000006 52.820144325223
46.850000000006 54.727361939079
46.855000000006 57.195354058532
46.860000000006 60.260589715552
46.865000000006 63.949227070952
46.870000000006 68.273650284713
46.875000000006 73.228916347815
46.880000000006 78.788917066295
46.885000000006 84.902156748198
46.890000000006 91.487307438357
46.895000000006 98.429093792318
46.900000000006 105.575509209125
46.905000000006 112.737766106654
46.910000000006 119.694577682606
46.915000000006 126.202155578194
46.920000000006 132.010508504042
46.925000000006 136.885209513391
46.930000000006 140.632019824786
46.935000000006 143.120198931318
46.940000000006 144.299733234559
46.945000000006 144.208590125390
46.950000000006 142.968353532826
46.955000000006 140.769440899040
46.960000000006 137.849447342062
46.965000000006 134.469191665070
46.970000000006 130.890598707113
46.975000000006 127.359113167215
46.980000000006 124.091625134314
46.985000000006 121.269488974847
46.990000000006 119.035409832597
46.995000000006 117.492741634632
47.000000000006 116.705914272325
47.005000000006 116.701080096667
47.010000000006 117.466480744123
47.015000000006 118.952400030768
47.020000000006 121.070874071721
47.025000000006 123.695603414057
47.030000000006 126.662775980942
47.035000000006 129.773739438153
47.040000000006 132.800570264780
47.045000000006 135.495446304682
47.050000000006 137.604227260887
47.055000000006 138.883764629452
47.060000000006 139.121345062517
47.065000000006 138.153646476061
47.070000000006 135.882078112942
47.075000000006 132.281719205927
47.080000000006 127.402310467911
47.085000000006 121.361560630491
47.090000000006 114.332830725798
47.095000000006 106.530504306087
47.100000000006 98.196779772893
47.105000000006 89.593324296437
47.110000000006 81.000483872713
47.115000000006 72.725608793069
47.120000000006 65.119666135688
47.125000000006 58.594848534469
47.130000000006 53.620957013104
47.135000000006 50.659454352176
47.140000000006 50.011621255054
47.145000000006 51.659888011662
47.150000000006 55.257387950331
47.155000000006 60.282390272388
47.160000000006 66.206659955235
47.165000000006 72.577398119990
47.170000000006 79.028101037138
47.175000000006 85.263046167594
47.180000000006 91.040905776255
47.185000000006 96.165156895599
47.190000000006 100.481119607152
47.195000000006 103.877111184099
47.200000000006 106.286919954916
47.205000000006 107.691253186257
47.210000000006 108.116593392681
47.215000000006 107.630826128711
47.220000000006 106.335897380627
47.225000000006 104.358435823980
47.230000000006 101.839612982333
47.235000000006 98.925499129059
47.240000000006 95.758891259741
47.245000000006 92.473179389617
47.250000000006 89.188409913346
47.255000000006 86.009385969561
47.260000000006 83.025446434631
47.265000000006 80.311476902461
47.270000000006 77.929695887356
47.275000000006 75.931792780765
47.280000000006 74.361045020574
47.285000000006 73.254098194760
47.290000000006 72.642154277484
47.295000000006 72.551386433162
47.300000000006 73.002489129331
47.305000000006 74.009376330019
47.310000000006 75.577143690028
47.315000000006 77.699492758330
47.320000000006 80.355863146379
47.325000000006 83.508537990938
47.330000000006 87.100003288269
47.335000000006 91.050881722194
47.340000000006 95.258838453262
47.345000000006 99.598949409856
47.350000000006 103.926077437544
47.355000000006 108.079743977791
47.360000000006 111.891746692908
47.365000000006 115.196331910198
47.370000000006 117.842136397241
47.375000000006 119.704507827050
47.380000000006 120.696403484798
47.385000000006 120.776048108217
47.390000000006 119.949991940025
47.395000000006 118.271061806419
47.400000000006 115.831693920756
47.405000000006 112.753971057513
47.410000000006 109.178127624382
47.415000000006 105.251266530524
47.420000000006 101.117647746407
47.425000000006 96.911346905369
47.430000000006 92.751528886227
47.435000000006 88.740158281647
47.440000000006 84.961718819610
47.445000000006 81.484418959422
47.450000000006 78.362372547824
47.455000000006 75.638309242496
47.460000000006 73.346448689061
47.465000000006 71.515241649540
47.470000000006 70.169733256783
47.475000000006 69.333343531144
47.480000000006 69.028900355632
47.485000000006 69.278812686120
47.490000000006 70.104342502563
47.495000000006 71.524016254002
47.500000000006 73.551291480115
47.505000000006 76.191639473788
47.510000000006 79.439209151836
47.515000000006 83.273213121663
47.520000000006 87.654159741360
47.525000000006 92.520088140393
47.530000000006 97.783076427603
47.535000000006 103.326485862966
47.540000000006 109.003636778766
47.545000000006 114.638808906694
47.550000000006 120.031512691057
47.555000000006 124.964772930324
47.560000000006 129.217618423099
47.565000000006 132.581092779716
47.570000000006 134.876054915098
47.575000000006 135.970140370775
47.580000000006 135.790887753831
47.585000000006 134.332467728161
47.590000000006 131.654669051013
47.595000000006 127.874446046791
47.600000000006 123.151866358444
47.605000000006 117.673228682049
47.610000000006 111.634237258536
47.615000000006 105.225541760271
47.620000000006 98.622006944813
47.625000000006 91.976121032881
47.630000000006 85.415228281017
47.635000000006 79.041868557409
47.640000000006 72.936392903708
47.645000000006 67.161106953897
47.650000000006 61.765371263686
47.655000000006 56.791269694113
47.660000000006 52.279565996919
47.665000000006 48.275621733287
47.670000000006 44.834647338046
47.675000000006 42.025032672263
47.680000000006 39.927699203023
47.685000000006 38.629149693315
47.690000000006 38.207537569696
47.695000000006 38.715341854887
47.700000000006 40.166510994149
47.705000000006 42.534956572785
47.710000000006 45.764091250028
47.715000000006 49.780443295734
47.720000000006 54.504099441917
47.725000000006 59.852917876934
47.730000000006 65.741239544987
47.735000000006 72.075299249415
47.740000000006 78.747493832664
47.745000000006 85.631235552033
47.750000000006 92.577812392045
47.755000000006 99.416508712255
47.760000000006 105.959027286863
47.765000000006 112.008795444332
47.770000000006 117.374916998601
47.775000000006 121.889402350809
47.780000000006 125.425144536850
47.785000000006 127.911349190390
47.790000000006 129.343194651956
47.795000000006 129.783549747418
47.800000000006 129.356339761503
47.805000000006 128.233008445628
47.810000000006 126.614815354664
47.815000000006 124.714063043869
47.820000000006 122.736830080803
47.825000000006 120.868777761689
47.830000000006 119.264560363783
47.835000000006 118.040625164224
47.840000000006 117.270849287513
47.845000000006 116.984460673892
47.850000000006 117.165883715204
47.855000000006 117.756395139386
47.860000000006 118.657680430488
47.865000000006 119.737498294308
47.870000000006 120.837657954470
47.875000000006 121.784354067587
47.880000000006 122.400560746425
47.885000000006 122.519688810389
47.890000000006 121.999178619750
47.895000000006 120.732331693239
47.900000000006 118.656677918248
47.905000000006 115.757629638693
47.910000000006 112.067011232732
47.915000000006 107.657031446891
47.920000000006 102.631084090483
47.925000000006 97.113195125755
47.930000000006 91.237919963512
47.935000000006 85.142135494301
47.940000000006 78.959654994049
47.945000000006 72.819099282944
47.950000000006 66.845083053170
47.955000000006 61.162500256865
47.960000000006 55.903342787741
47.965000000006 51.214686883256
47.970000000006 47.264681371973
47.975000000006 44.240377044822
47.980000000006 42.329018134925
47.985000000006 41.679159038339
47.990000000006 42.354799495888
47.995000000006 44.311980761917
48.000000000006 47.416214482567
48.005000000006 51.485952293489
48.010000000006 56.332391640705
48.015000000006 61.780074440708
48.020000000006 67.670435938008
48.025000000006 73.856504779285
48.030000000006 80.195265139572
48.035000000006 86.541208973223
48.040000000006 92.742670943519
48.045000000006 98.641587649896
48.050000000006 104.076823077518
48.055000000006 108.890786419113
48.060000000006 112.938594633388
48.065000000006 116.098528113325
48.070000000006 118.282128879474
48.075000000006 119.442166141849
48.080000000006 119.576960463050
48.085000000006 118.730205112095
48.090000000006 116.986294893312
48.095000000006 114.462019430122
48.100000000006 111.296061568574
48.105000000006 107.637932219303
48.110000000006 103.637786195314
48.115000000006 99.438128012257
48.120000000006 95.167901164743
48.125000000006 90.939000140551
48.130000000006 86.844929044923
48.135000000006 82.961168351534
48.140000000006 79.346773661630
48.145000000006 76.046771849230
48.150000000006 73.094996621912
48.155000000006 70.517084657729
48.160000000006 68.333416067504
48.165000000006 66.561821943357
48.170000000006 65.219899239838
48.175000000006 64.326777738917
48.180000000006 63.904188348254
48.185000000006 63.976701366067
48.190000000006 64.571049969728
48.195000000006 65.714531021736
48.200000000006 67.432569456922
48.205000000006 69.745615464777
48.210000000006 72.665583422165
48.215000000006 76.192023896252
48.220000000006 80.308165051990
48.225000000006 84.976918363783
48.230000000006 90.136973409410
48.235000000006 95.699242517840
48.240000000006 101.544150636060
48.245000000006 107.520544299763
48.250000000006 113.447218382243
48.255000000006 119.118100972388
48.260000000006 124.311861029426
48.265000000006 128.806024801293
48.270000000006 132.394644222269
48.275000000006 134.907378783149
48.280000000006 136.226929825666
48.285000000006 136.301540181365
48.290000000006 135.149995377607
48.295000000006 132.858115504023
48.300000000006 129.567612495196
48.305000000006 125.459752964074
48.310000000006 120.737021556247
48.315000000006 115.605808679216
48.320000000006 110.262295618556
48.325000000006 104.882598592068
48.330000000006 99.617237248653
48.335000000006 94.589321409128
48.340000000006 89.895536619648
48.345000000006 85.608976304356
48.350000000006 81.782999780890
48.355000000006 78.455487867028
48.360000000006 75.653052578665
48.365000000006 73.394901457969
48.370000000006 71.696154483949
48.375000000006 70.570472941346
48.380000000006 70.031902603779
48.385000000006 70.095874550925
48.390000000006 70.779354808755
48.395000000006 72.100186323093
48.400000000006 74.075710259859
48.405000000006 76.720770495294
48.410000000006 80.045183813810
48.415000000006 84.050702970580
48.420000000006 88.727432863587
48.425000000006 94.049615834796
48.430000000006 99.970715725782
48.435000000006 106.417829232582
48.440000000006 113.285653463267
48.445000000006 120.430542719935
48.450000000006 127.665576563562
48.455000000006 134.757979917528
48.460000000006 141.430574131649
48.465000000006 147.369023159590
48.470000000006 152.236263313399
48.475000000006 155.694505918793
48.480000000006 157.433593756567
48.485000000006 157.202591924453
48.490000000006 154.839939606759
48.495000000006 150.297052004866
48.500000000006 143.651474880790
48.505000000006 135.108499596361
48.510000000006 124.993827358374
48.515000000006 113.743368377373
48.520000000006 101.898573617668
48.525000000006 90.115572418811
48.530000000006 79.189841128623
48.535000000006 70.072486857992
48.540000000006 63.790862189127
48.545000000006 61.137193501086
48.550000000006 62.199883684713
48.555000000006 66.230677762328
48.560000000006 72.066348093470
48.565000000006 78.615569246487
48.570000000006 85.057354938009
48.575000000006 90.837262503859
48.580000000006 95.610033574248
48.585000000006 99.188126134466
48.590000000006 101.504384121753
48.595000000006 102.584060100720
48.600000000006 102.521491062172
48.605000000006 101.459147701211
48.610000000006 99.568654057487
48.615000000006 97.034284271734
48.620000000006 94.039593576371
48.625000000006 90.757562091155
48.630000000006 87.344214616724
48.635000000006 83.935320092389
48.640000000006 80.645556783709
48.645000000006 77.569458847510
48.650000000006 74.783498373310
48.655000000006 72.348754530211
48.660000000006 70.313736577018
48.665000000006 68.717034968771
48.670000000006 67.589565333430
48.675000000006 66.956245642901
48.680000000006 66.837014019240
48.685000000006 67.247158003081
48.690000000006 68.196984465215
48.695000000006 69.690905582662
48.700000000006 71.726042628277
48.705000000006 74.290454491125
48.710000000006 77.361091690513
48.715000000006 80.901578065493
48.720000000006 84.859951249688
48.725000000006 89.166560895115
48.730000000006 93.732426647048
48.735000000006 98.448474886168
48.740000000006 103.186166645961
48.745000000006 107.800049075056
48.750000000006 112.132656674640
48.755000000006 116.021918047048
48.760000000006 119.310789663138
48.765000000006 121.858302884784
48.770000000006 123.550704812833
48.775000000007 124.311068638950
48.780000000007 124.105794088902
48.785000000007 122.946865277183
48.790000000007 120.889491882127
48.795000000007 118.025617966344
48.800000000007 114.474490379204
48.805000000007 110.371850039452
48.810000000007 105.859291330890
48.815000000007 101.075005627614
48.820000000007 96.146637848889
48.825000000007 91.186495919510
48.830000000007 86.288969686360
48.835000000007 81.529781662827
48.840000000007 76.966598359996
48.845000000007 72.640540989202
48.850000000007 68.578204368961
48.855000000007 64.793886099316
48.860000000007 61.291819604988
48.865000000007 58.068281269055
48.870000000007 55.113499151779
48.875000000007 52.413329754149
48.880000000007 49.950693650829
48.885000000007 47.706774988733
48.890000000007 45.661997742943
48.895000000007 43.796796114387
48.900000000007 42.092199276419
48.905000000007 40.530252620105
48.910000000007 39.094298892620
48.915000000007 37.769143081452
48.920000000007 36.541124463926
48.925000000007 35.398117927035
48.930000000007 34.329484619703
48.935000000007 33.325989483216
48.940000000007 32.379700508549
48.945000000007 31.483881965092
48.950000000007 30.632891552397
48.955000000007 29.822089596237
48.960000000007 29.047767130705
48.965000000007 28.307099016842
48.970000000007 27.598128144055
48.975000000007 26.919787208071
48.980000000007 26.271965478943
48.985000000007 25.655629209765
48.990000000007 25.073005595862
48.995000000007 24.527840930013
49.000000000007 24.025742850648
49.005000000007 23.574612761913
49.010000000007 23.185165227276
49.015000000007 22.871513273460
49.020000000007 22.651768991973
49.025000000007 22.548566727818
49.030000000007 22.589367099449
49.035000000007 22.806361553001
49.040000000007 23.235800341969
49.045000000007 23.916646146816
49.050000000007 24.888619241720
49.055000000007 26.189895992872
49.060000000007 27.854840122128
49.065000000007 29.912086337536
49.070000000007 32.383063685836
49.075000000007 35.280767161504
49.080000000007 38.608414918653
49.085000000007 42.357640788933
49.090000000007 46.506046027954
49.095000000007 51.014207954429
49.100000000007 55.822566476565
49.105000000007 60.848948154953
49.110000000007 65.987787915409
49.115000000007 71.112258952368
49.120000000007 76.080342435808
49.125000000007 80.745167756977
49.130000000007 84.968664233389
49.135000000007 88.635936527775
49.140000000007 91.666487585193
49.145000000007 94.018400087848
49.150000000007 95.683483120602
49.155000000007 96.674830504723
49.160000000007 97.011648157691
49.165000000007 96.707578707516
49.170000000007 95.767057605271
49.175000000007 94.190342656327
49.180000000007 91.983981813191
49.185000000007 89.171611984666
49.190000000007 85.800667874065
49.195000000007 81.942944504923
49.200000000007 77.689557062703
49.205000000007 73.142558588447
49.210000000007 68.405922229986
49.215000000007 63.578030519941
49.220000000007 58.746804952579
49.225000000007 53.987674690935
49.230000000007 49.364003823358
49.235000000007 44.929405108089
49.240000000007 40.731448980100
49.245000000007 36.816466870224
49.250000000007 33.235274855404
49.255000000007 30.049481385213
49.260000000007 27.337227253668
49.265000000007 25.195319583766
49.270000000007 23.732186253337
49.275000000007 23.046333711468
49.280000000007 23.194206256143
49.285000000007 24.166755514158
49.290000000007 25.894262443021
49.295000000007 28.275068473003
49.300000000007 31.205784702200
49.305000000007 34.598096677358
49.310000000007 38.382296988060
49.315000000007 42.503615098907
49.320000000007 46.916199332805
49.325000000007 51.577111318216
49.330000000007 56.441155126770
49.335000000007 61.456752015078
49.340000000007 66.562943378810
49.345000000007 71.687658108254
49.350000000007 76.747463347709
49.355000000007 81.649051330793
49.360000000007 86.292652548194
49.365000000007 90.577381430564
49.370000000007 94.408219293356
49.375000000007 97.703967531299
49.380000000007 100.405154541703
49.385000000007 102.480671534676
49.390000000007 103.931947929361
49.395000000007 104.793792265571
49.400000000007 105.131558498089
49.405000000007 105.034907294695
49.410000000007 104.608951841597
49.415000000007 103.963891772451
49.420000000007 103.204324777306
49.425000000007 102.419344520813
49.430000000007 101.674377203537
49.435000000007 101.005538166128
49.440000000007 100.417104145788
49.445000000007 99.882451650727
49.450000000007 99.348466684602
49.455000000007 98.742993158232
49.460000000007 97.984425190483
49.465000000007 96.992170742704
49.470000000007 95.696532125924
49.475000000007 94.046638746934
49.480000000007 92.015436834837
49.485000000007 89.601312692643
49.490000000007 86.826552597457
49.495000000007 83.733356505416
49.500000000007 80.378403346867
49.505000000007 76.826982438790
49.510000000007 73.147515743775
49.515000000007 69.407003293499
49.520000000007 65.667629452853
49.525000000007 61.984535571825
49.530000000007 58.404617969017
49.535000000007 54.966141907460
49.540000000007 51.698951015311
49.545000000007 48.625074526620
49.550000000007 45.759573344211
49.555000000007 43.111507888101
49.560000000007 40.684948839024
49.565000000007 38.479982770398
49.570000000007 36.493687176595
49.575000000007 34.721063823157
49.580000000007 33.155926716958
49.585000000007 31.791742777638
49.590000000007 30.622421078624
49.595000000007 29.643041827784
49.600000000007 28.850510362714
49.605000000007 28.244115427599
49.610000000007 27.825965987596
49.615000000007 27.601278330664
49.620000000007 27.578487350650
49.625000000007 27.769165156470
49.630000000007 28.187748042403
49.635000000007 28.851098031667
49.640000000007 29.777951863585
49.645000000007 30.988328742651
49.650000000007 32.502968543660
49.655000000007 34.342849915042
49.660000000007 36.528797156496
49.665000000007 39.081137565096
49.670000000007 42.019330308614
49.675000000007 45.361462277370
49.680000000007 49.123497287809
49.685000000007 53.318169193359
49.690000000007 57.953423157970
49.695000000007 63.030331915887
49.700000000007 68.540449254270
49.705000000007 74.462619428276
49.710000000007 80.759349331557
49.715000000007 87.372979545070
49.720000000007 94.222063892643
49.725000000007 101.198573323472
49.730000000007 108.166743139774
49.735000000007 114.964515484052
49.740000000007 121.408494937436
49.745000000007 127.303030053926
49.750000000007 132.453394202454
49.755000000007 136.682107468853
49.760000000007 139.846415609121
49.765000000007 141.854161265943
49.770000000007 142.675113774430
49.775000000007 142.345476665231
49.780000000007 140.964663940731
49.785000000007 138.685106305418
49.790000000007 135.697255650246
49.795000000007 132.212664457917
49.800000000007 128.447902237779
49.805000000007 124.611324264643
49.810000000007 120.893684746443
49.815000000007 117.462624341949
49.820000000007 114.460365057863
49.825000000007 112.003570478340
49.830000000007 110.184234633821
49.835000000007 109.070572181431
49.840000000007 108.707125488251
49.845000000007 109.113627410074
49.850000000007 110.282519183434
49.855000000007 112.175382005994
49.860000000007 114.718868205514
49.865000000007 117.801000722227
49.870000000007 121.268948043474
49.875000000007 124.929558711332
49.880000000007 128.553981621272
49.885000000007 131.887464729901
49.890000000007 134.664758978582
49.895000000007 136.630399335343
49.900000000007 137.561662922392
49.905000000007 137.290664846669
49.910000000007 135.721448773619
49.915000000007 132.838521090784
49.920000000007 128.705062934436
49.925000000007 123.451470030589
49.930000000007 117.257035775859
49.935000000007 110.328766659565
49.940000000007 102.881256126800
49.945000000007 95.120531387755
49.950000000007 87.233398736451
49.955000000007 79.382583442245
49.960000000007 71.707200915000
49.965000000007 64.327870612426
49.970000000007 57.355980316284
49.975000000007 50.906967460791
49.980000000007 45.117440424189
49.985000000007 40.164119547715
49.990000000007 36.276124884817
49.995000000007 33.719465360580
